number,value,params_alpha,user_attrs_mae_valid,user_attrs_rmse_valid,user_attrs_smape_valid,state,nivel,familia,params_l1_ratio,params_max_depth,params_max_features,params_min_samples_leaf,params_min_samples_split,params_n_estimators,params_l2_regularization,params_learning_rate,params_max_iter,params_max_leaf_nodes,params_colsample_bytree,params_min_child_weight,params_reg_alpha,params_reg_lambda,params_subsample
0,0.7282065601956986,0.041858227295469716,1.3362378639106087,1.8648396344952756,7.404592581583702,COMPLETE,banco_rango,ridge,,,,,,,,,,,,,,,
1,0.6301946001714112,451.85609510240965,1.7775327073581142,2.17524725885656,9.526575300307309,COMPLETE,banco_rango,ridge,,,,,,,,,,,,,,,
2,0.6335563148577832,13.3032451015229,1.784439980120591,2.1653376478425574,9.629746295489445,COMPLETE,banco_rango,ridge,,,,,,,,,,,,,,,
3,0.7030236631759732,1.55099139875943,1.5370339941975188,1.9493190582522508,8.353970883828762,COMPLETE,banco_rango,ridge,,,,,,,,,,,,,,,
4,0.7278208110848112,0.0012363188277052211,1.3262291208637158,1.8661625236170454,7.3484088418905715,COMPLETE,banco_rango,ridge,,,,,,,,,,,,,,,
5,0.7278208049555035,0.0012358382772306934,1.3262290026411279,1.866162544629461,7.348408165385301,COMPLETE,banco_rango,ridge,,,,,,,,,,,,,,,
6,0.7278082111781157,0.00025502648504032837,1.325987362837094,1.8662057179583376,7.347024984034537,COMPLETE,banco_rango,ridge,,,,,,,,,,,,,,,
7,0.6172887770536952,115.67327199145953,1.8451415335710992,2.212878681487021,9.87043144781716,COMPLETE,banco_rango,ridge,,,,,,,,,,,,,,,
8,0.7018750671607967,1.6136341713591311,1.5422378756027522,1.9530850475118746,8.379871591483244,COMPLETE,banco_rango,ridge,,,,,,,,,,,,,,,
9,0.6425792555575073,9.047071957568372,1.7555984855308824,2.1385129444579905,9.483399055620128,COMPLETE,banco_rango,ridge,,,,,,,,,,,,,,,
10,0.7282062823637174,0.04181541491912686,1.3362275616016035,1.8648405876307854,7.4045357624741275,COMPLETE,banco_rango,ridge,,,,,,,,,,,,,,,
11,0.7282192083311012,0.04384978187324618,1.3367201813896883,1.8647962430531717,7.407245120850736,COMPLETE,banco_rango,ridge,,,,,,,,,,,,,,,
12,0.7281184739598727,0.029837668744492403,1.3332983727276155,1.8651418003545608,7.388322536501018,COMPLETE,banco_rango,ridge,,,,,,,,,,,,,,,
13,0.7283172528103361,0.06379392055618104,1.34156275871788,1.864459851604099,7.433541771102544,COMPLETE,banco_rango,ridge,,,,,,,,,,,,,,,
14,0.7278364900779739,0.21008469056904142,1.3733894143146985,1.8661087723163783,7.597321580760092,COMPLETE,banco_rango,ridge,,,,,,,,,,,,,,,
15,0.7279559220942794,0.012704388363708415,1.3290239194364517,1.865699280262684,7.36436117856667,COMPLETE,banco_rango,ridge,,,,,,,,,,,,,,,
16,0.7278812778649713,0.006139092984144988,1.3274267266374977,1.8659552206499672,7.355250918737603,COMPLETE,banco_rango,ridge,,,,,,,,,,,,,,,
17,0.7237515671121311,0.49615244270868225,1.4203749710042262,1.8800608999032205,7.817584419872251,COMPLETE,banco_rango,ridge,,,,,,,,,,,,,,,
18,0.7269757710404792,0.290074872452448,1.388179075140827,1.8690572341617036,7.669041011138536,COMPLETE,banco_rango,ridge,,,,,,,,,,,,,,,
19,0.7278065116998607,0.00012366224519985973,1.3259549464691098,1.8662115439443088,7.346839360303835,COMPLETE,banco_rango,ridge,,,,,,,,,,,,,,,
20,0.7278306425660653,0.002011210892130489,1.3264195407925417,1.866128819152672,7.34949820490897,COMPLETE,banco_rango,ridge,,,,,,,,,,,,,,,
21,0.7283405716585059,0.07100665143404737,1.3432732772041416,1.864379835501477,7.442740594525675,COMPLETE,banco_rango,ridge,,,,,,,,,,,,,,,
22,0.7282990162724188,0.1372578996602582,1.3582451123534443,1.8645224259165485,7.521244927800555,COMPLETE,banco_rango,ridge,,,,,,,,,,,,,,,
23,0.7282928665934099,0.13889578970070995,1.3585993244377774,1.8645435265938188,7.523059309853664,COMPLETE,banco_rango,ridge,,,,,,,,,,,,,,,
24,0.7067846187939784,1.3519877006953445,1.5193113103467484,1.9369364861483758,8.265519452053082,COMPLETE,banco_rango,ridge,,,,,,,,,,,,,,,
25,0.641588882150254,9.38556279184201,1.7587626394963478,2.1414736864942143,9.499771403632225,COMPLETE,banco_rango,ridge,,,,,,,,,,,,,,,
26,0.7278767986488504,0.005764181459666433,1.3273357460776267,1.8659705778849374,7.354731908160588,COMPLETE,banco_rango,ridge,,,,,,,,,,,,,,,
27,0.7283279325597339,0.12856052499818846,1.3563458990283537,1.8644232056266306,7.511489870498609,COMPLETE,banco_rango,ridge,,,,,,,,,,,,,,,
28,0.727980235338706,0.014988154768036352,1.3295824467069772,1.865615907346551,7.367531466764434,COMPLETE,banco_rango,ridge,,,,,,,,,,,,,,,
29,0.7192348677346657,0.7314483768834978,1.4511156942698171,1.8953682099004914,7.953121543203467,COMPLETE,banco_rango,ridge,,,,,,,,,,,,,,,
30,0.7283760521823961,0.09682958666982558,1.349209881309543,1.8642580813372296,7.474340535877179,COMPLETE,banco_rango,ridge,,,,,,,,,,,,,,,
31,0.7283691831578831,0.08534463254746077,1.3465833554246742,1.8642816535472713,7.460435035190281,COMPLETE,banco_rango,ridge,,,,,,,,,,,,,,,
32,0.6786671453524119,3.1818304826239054,1.6346699454517366,2.027680721150468,8.839809468268342,COMPLETE,banco_rango,ridge,,,,,,,,,,,,,,,
33,0.7283759276949667,0.09530894945521887,1.348862134185687,1.8642585085393806,7.472506858589237,COMPLETE,banco_rango,ridge,,,,,,,,,,,,,,,
34,0.7280127774903221,0.018175615628601788,1.3303755553058063,1.865504310728487,7.3720017878176725,COMPLETE,banco_rango,ridge,,,,,,,,,,,,,,,
35,0.7278613513067533,0.004486200582577573,1.3270248736339196,1.8660235389640891,7.352957534130702,COMPLETE,banco_rango,ridge,,,,,,,,,,,,,,,
36,0.7283688576733476,0.0850774233442325,1.3465227329747167,1.8642827704946654,7.460112243107737,COMPLETE,banco_rango,ridge,,,,,,,,,,,,,,,
37,0.6668956404148387,937.8118632537149,1.6075231437210502,2.0644870557254,8.699545879567486,COMPLETE,banco_rango,ridge,,,,,,,,,,,,,,,
38,0.6185241779414916,84.91274168473777,1.841467248356493,2.2093041821279495,9.860788376399823,COMPLETE,banco_rango,ridge,,,,,,,,,,,,,,,
39,0.725145184912952,0.41506532065955487,1.4086012709644604,1.8753126392108028,7.764278575293335,COMPLETE,banco_rango,ridge,,,,,,,,,,,,,,,
40,0.7154781677573536,0.9167518069315904,1.4738020727926993,1.908006299571558,8.052942624435778,COMPLETE,banco_rango,ridge,,,,,,,,,,,,,,,
41,0.7283721967527341,0.08821459339832627,1.3472328479021778,1.864271311927642,7.463889815532395,COMPLETE,banco_rango,ridge,,,,,,,,,,,,,,,
42,0.682587510249105,2.8633306053644683,1.6203416361358536,2.0152735814856078,8.769040140415001,COMPLETE,banco_rango,ridge,,,,,,,,,,,,,,,
43,0.7283381540441001,0.07016053354432558,1.3430742242363423,1.864388131443104,7.441672044264651,COMPLETE,banco_rango,ridge,,,,,,,,,,,,,,,
44,0.7280904636338372,0.02651650469198194,1.332469248323954,1.8652378750772236,7.383712378945423,COMPLETE,banco_rango,ridge,,,,,,,,,,,,,,,
45,0.7279540798022663,0.19591706709904716,1.3705280217791629,1.8657055975423875,7.583179974608075,COMPLETE,banco_rango,ridge,,,,,,,,,,,,,,,
46,0.7278120126271974,0.0005497138385725181,1.3260600367756592,1.8661926861346851,7.347441073860307,COMPLETE,banco_rango,ridge,,,,,,,,,,,,,,,
47,0.7279253080633938,0.009935402263961545,1.32835017056101,1.8658042540026736,7.360519182633151,COMPLETE,banco_rango,ridge,,,,,,,,,,,,,,,
48,0.7283393375652725,0.07057109511953079,1.3431708634710562,1.8643840702448473,7.442190883367427,COMPLETE,banco_rango,ridge,,,,,,,,,,,,,,,
49,0.7278349379174727,0.00235235530876822,1.3265032366727898,1.8661140935591092,7.349976840771516,COMPLETE,banco_rango,ridge,,,,,,,,,,,,,,,
50,0.7281349433107598,0.0318862559767176,1.3338060814934083,1.8650853085796137,7.391141004373833,COMPLETE,banco_rango,ridge,,,,,,,,,,,,,,,
51,0.7283483638884363,0.07396147448122399,1.3439651111107018,1.8643530965426574,7.4464505346349394,COMPLETE,banco_rango,ridge,,,,,,,,,,,,,,,
52,0.7269553442405989,0.29169623829874175,1.3884647577116183,1.869127151297179,7.670401831557429,COMPLETE,banco_rango,ridge,,,,,,,,,,,,,,,
53,0.7283753411689088,0.1006364474323527,1.3500749691562255,1.8642605213131278,7.4788957032111085,COMPLETE,banco_rango,ridge,,,,,,,,,,,,,,,
54,0.7228578098859736,0.5450941229002418,1.4273026996336473,1.8830997607793623,7.848572300521477,COMPLETE,banco_rango,ridge,,,,,,,,,,,,,,,
55,0.7283248814203231,0.129577512267475,1.356569505705051,1.864433675232878,7.512640774179946,COMPLETE,banco_rango,ridge,,,,,,,,,,,,,,,
56,0.7280583845020494,0.022932290831297487,1.3315706358900745,1.8653478996238353,7.37869929388065,COMPLETE,banco_rango,ridge,,,,,,,,,,,,,,,
57,0.7282061328685054,0.041792394508070096,1.3362220215180025,1.8648411004916106,7.404505207307619,COMPLETE,banco_rango,ridge,,,,,,,,,,,,,,,
58,0.7274018164713222,0.2539906042930451,1.3817746866680383,1.8675983632922555,7.638265510477543,COMPLETE,banco_rango,ridge,,,,,,,,,,,,,,,
59,0.7279415159065783,0.01138724067072669,1.3287040942226216,1.8657486789822102,7.362538246062325,COMPLETE,banco_rango,ridge,,,,,,,,,,,,,,,
60,0.7283727553670281,0.10500413360303046,1.3510615122178458,1.8642693949494724,7.484075568826885,COMPLETE,banco_rango,ridge,,,,,,,,,,,,,,,
61,0.7283665366639908,0.11075381795787541,1.3523713776573323,1.8642907353555316,7.49090852748607,COMPLETE,banco_rango,ridge,,,,,,,,,,,,,,,
62,0.7282232786239985,0.04450935154288685,1.3368804566601882,1.8647822790506472,7.408124402642706,COMPLETE,banco_rango,ridge,,,,,,,,,,,,,,,
63,0.7280403300045508,0.18443581533007564,1.3682004286234173,1.8654098198267552,7.571586390859912,COMPLETE,banco_rango,ridge,,,,,,,,,,,,,,,
64,0.7253677390358068,0.40133738539087926,1.4065003158814733,1.8745532508788563,7.754656249491671,COMPLETE,banco_rango,ridge,,,,,,,,,,,,,,,
65,0.7283745055308308,0.09137446022963387,1.3479591779570022,1.8642633889575593,7.467737011831012,COMPLETE,banco_rango,ridge,,,,,,,,,,,,,,,
66,0.7132323017041362,1.0271763288224307,1.4863231747195313,1.9155218979687598,8.107595617595905,COMPLETE,banco_rango,ridge,,,,,,,,,,,,,,,
67,0.6888191547229561,2.409824823890234,1.5970072626286647,1.9953929522623786,8.653142937133557,COMPLETE,banco_rango,ridge,,,,,,,,,,,,,,,
68,0.7281934816784006,0.03988327429910271,1.3357613899058045,1.8648845013692565,7.40196323140603,COMPLETE,banco_rango,ridge,,,,,,,,,,,,,,,
69,0.728034227261906,0.0203673814735203,1.3309266204366679,1.8654307494965734,7.375093800887653,COMPLETE,banco_rango,ridge,,,,,,,,,,,,,,,
70,0.7205771515509832,0.6639145115085032,1.4428386574776255,1.890832087336254,7.917041832203433,COMPLETE,banco_rango,ridge,,,,,,,,,,,,,,,
71,0.7283759385836114,0.09537888534345038,1.3488781551141533,1.8642584711729415,7.47259136990894,COMPLETE,banco_rango,ridge,,,,,,,,,,,,,,,
72,0.7279520910387893,0.19616942986722233,1.3705796992989803,1.8657124170535337,7.583436139253243,COMPLETE,banco_rango,ridge,,,,,,,,,,,,,,,
73,0.7283759827031613,0.0980495062226596,1.34948795152586,1.864258319768372,7.475805735314007,COMPLETE,banco_rango,ridge,,,,,,,,,,,,,,,
74,0.7283618667973502,0.11386579059941096,1.3530730715994272,1.864306760538123,7.494560575906154,COMPLETE,banco_rango,ridge,,,,,,,,,,,,,,,
75,0.728261977384838,0.05133110132155932,1.3385362417023232,1.8646495095254119,7.4171712059485335,COMPLETE,banco_rango,ridge,,,,,,,,,,,,,,,
76,0.7273409007724181,0.2594626975342761,1.3827721398952844,1.8678070215143574,7.643086353681689,COMPLETE,banco_rango,ridge,,,,,,,,,,,,,,,
77,0.726056720320793,0.3568143803187707,1.3994208330337723,1.8722003897279582,7.721962192330323,COMPLETE,banco_rango,ridge,,,,,,,,,,,,,,,
78,0.7279101498813529,0.008604906247031259,1.328024536099689,1.8658562283454927,7.358659858041304,COMPLETE,banco_rango,ridge,,,,,,,,,,,,,,,
79,0.7281419460612334,0.16911707057696665,1.3650264813849706,1.8650612878185542,7.5556735566592605,COMPLETE,banco_rango,ridge,,,,,,,,,,,,,,,
0,0.6135519966231107,0.0074593432857265485,1.8494049071421568,2.223655677999336,9.934686794785879,COMPLETE,banco_rango,elasticnet,0.9056428757689245,,,,,,,,,,,,,,
1,0.755556136430557,0.4570563099801455,1.2788106841981204,1.7685265154319683,7.113264450994085,COMPLETE,banco_rango,elasticnet,0.588792635777333,,,,,,,,,,,,,,
2,0.7134718528007014,0.0006026889128682511,1.4807560611874988,1.9147216662095639,8.092712211860267,COMPLETE,banco_rango,elasticnet,0.19039506830258235,,,,,,,,,,,,,,
3,0.7230836275069783,0.00019517224641449495,1.3705920583914837,1.882332422243039,7.605409294699177,COMPLETE,banco_rango,elasticnet,0.8295585311974416,,,,,,,,,,,,,,
4,0.6803143103524538,0.10129197956845731,1.6263442097921315,2.0224770580035267,8.73700515544477,COMPLETE,banco_rango,elasticnet,0.6872653200164409,,,,,,,,,,,,,,
5,0.7242366894850902,0.00012674255898937226,1.3501116012328434,1.878409378541565,7.480437117748346,COMPLETE,banco_rango,elasticnet,0.9229188669457948,,,,,,,,,,,,,,
6,0.6800372884470052,1.452824663751602,1.3113662044187404,2.0233531515294523,7.473062152849949,COMPLETE,banco_rango,elasticnet,0.24110519961044852,,,,,,,,,,,,,,
7,0.7069284624391041,0.0008111941985431928,1.5150129108220731,1.9364613231774268,8.247798618707721,COMPLETE,banco_rango,elasticnet,0.21506405886809044,,,,,,,,,,,,,,
8,0.6543259070588592,0.0033205591037519565,1.7173608011515422,2.1030782010480205,9.251063283446378,COMPLETE,banco_rango,elasticnet,0.522280788469014,,,,,,,,,,,,,,
9,0.6162005712864221,0.01444525102276306,1.8419482724293808,2.2160225114121697,9.909417561351564,COMPLETE,banco_rango,elasticnet,0.3121062261782377,,,,,,,,,,,,,,
10,-1.3047712063410883,7.103285457179474,4.189388628511777,5.430451204624667,19.80343847685457,COMPLETE,banco_rango,elasticnet,0.4759945893092017,,,,,,,,,,,,,,
11,0.7313131682851193,0.20960471251555565,1.4275370836383026,1.8541514154093048,7.772947262612892,COMPLETE,banco_rango,elasticnet,0.6828431216897579,,,,,,,,,,,,,,
12,0.7162444539683537,0.1816907233289534,1.4880441104985445,1.9054352056990904,8.064571094877762,COMPLETE,banco_rango,elasticnet,0.6510365335515285,,,,,,,,,,,,,,
13,0.7579829308896397,0.44226372714201145,1.2728528342538783,1.759725812336222,7.083050010995429,COMPLETE,banco_rango,elasticnet,0.6291650957589493,,,,,,,,,,,,,,
14,0.6254889471567172,1.428194787517146,1.4336732847422908,2.189043166185888,8.130603170009215,COMPLETE,banco_rango,elasticnet,0.489452520708032,,,,,,,,,,,,,,
15,0.7333699664843707,0.8507524751012389,1.2637852345363199,1.8470410154602934,7.147756412071285,COMPLETE,banco_rango,elasticnet,0.37595959555084624,,,,,,,,,,,,,,
16,0.636287577196296,0.057695662501743815,1.775957133463796,2.157252958760487,9.509798853892946,COMPLETE,banco_rango,elasticnet,0.6080469065665594,,,,,,,,,,,,,,
17,-1.4580065445901313,8.976047333858538,4.340307839367625,5.608071258445114,20.370723676710416,COMPLETE,banco_rango,elasticnet,0.7574672937766331,,,,,,,,,,,,,,
18,0.7543401512793103,0.5217386775032781,1.2684893175591334,1.7729198230940075,7.086189061250618,COMPLETE,banco_rango,elasticnet,0.5610129783564191,,,,,,,,,,,,,,
19,0.6138825307885863,0.025227842470588565,1.8497873270392284,2.222704513292503,9.9333497532536,COMPLETE,banco_rango,elasticnet,0.3988347836575648,,,,,,,,,,,,,,
20,0.5340086868840733,3.1258320059313456,1.5613683275080608,2.441804648969701,8.726618801060628,COMPLETE,banco_rango,elasticnet,0.07373127596522683,,,,,,,,,,,,,,
21,0.7535477092086937,0.5611556908732882,1.2623172493930261,1.7757770362009095,7.0716832520784365,COMPLETE,banco_rango,elasticnet,0.5559094941576241,,,,,,,,,,,,,,
22,0.7617584879860593,0.3204888885341094,1.2818579538869834,1.7459456657045493,7.093637159920315,COMPLETE,banco_rango,elasticnet,0.7716777675044197,,,,,,,,,,,,,,
23,0.7636680279490697,0.34119751887957883,1.2690020548186884,1.7389345860035141,7.038478390589396,COMPLETE,banco_rango,elasticnet,0.7745905763554192,,,,,,,,,,,,,,
24,0.7421695241053428,0.19474890515443438,1.3851450363723343,1.816306474201842,7.573406750751925,COMPLETE,banco_rango,elasticnet,0.7898302795545006,,,,,,,,,,,,,,
25,0.043342836829689535,2.28305042846392,2.5614439231603203,3.4986473519009325,13.26886034132463,COMPLETE,banco_rango,elasticnet,0.7501556029747337,,,,,,,,,,,,,,
26,0.6582176332752157,0.0556982478198321,1.7055026635307655,2.0912060769055847,9.138878770610555,COMPLETE,banco_rango,elasticnet,0.8249478886581657,,,,,,,,,,,,,,
27,0.7521627880763305,0.2761515974037503,1.3320572217270876,1.7807594728185971,7.320178715039857,COMPLETE,banco_rango,elasticnet,0.711372747465416,,,,,,,,,,,,,,
28,0.7026938657489594,0.10315550205989327,1.544083563210056,1.9504011344089884,8.332829486035006,COMPLETE,banco_rango,elasticnet,0.8402600473841814,,,,,,,,,,,,,,
29,0.62403456002984,0.005624635486389264,1.8177419765063585,2.1932895445371647,9.73718006829029,COMPLETE,banco_rango,elasticnet,0.9477926967277843,,,,,,,,,,,,,,
30,-1.2735725494096992,4.4048542855550465,4.158087517237588,5.393571177770473,19.68506651080257,COMPLETE,banco_rango,elasticnet,0.8603501396805833,,,,,,,,,,,,,,
31,0.7572237397339491,0.4465727115046801,1.2748501468475746,1.7624837215358868,7.093034547175872,COMPLETE,banco_rango,elasticnet,0.616586340996607,,,,,,,,,,,,,,
32,0.6872241697104173,1.046672083548534,1.3350689544002905,2.000500197963451,7.6195024058182685,COMPLETE,banco_rango,elasticnet,0.6431257443280766,,,,,,,,,,,,,,
33,0.7610720797709069,0.34288494683457116,1.2799760013526085,1.7484590175250976,7.0872114364381495,COMPLETE,banco_rango,elasticnet,0.7386324297735314,,,,,,,,,,,,,,
34,0.6797207729321311,0.0891474572640944,1.6294006317396792,2.024353681183331,8.751707987620891,COMPLETE,banco_rango,elasticnet,0.7477700976978026,,,,,,,,,,,,,,
35,0.6230021956500438,0.032957300904203186,1.816501295679179,2.196298759642335,9.737744478438861,COMPLETE,banco_rango,elasticnet,0.8800313638981144,,,,,,,,,,,,,,
36,0.7610171801060546,0.5291359442578967,1.2409303220340167,1.7486598820799732,6.979946013598835,COMPLETE,banco_rango,elasticnet,0.6957995671880137,,,,,,,,,,,,,,
37,0.16985601995880717,1.9911343080356754,2.3658796768756942,3.2591077373440323,12.424760005354344,COMPLETE,banco_rango,elasticnet,0.7950085335117868,,,,,,,,,,,,,,
38,0.7042378142325021,0.1291021955734959,1.5368894791181855,1.945330202041469,8.301162728584861,COMPLETE,banco_rango,elasticnet,0.7318018104819971,,,,,,,,,,,,,,
39,0.7700274109782804,0.31030273974289446,1.2424494394668246,1.7153788185944137,6.923333206287497,COMPLETE,banco_rango,elasticnet,0.9057455791052701,,,,,,,,,,,,,,
40,0.6625166435354346,0.053331474925185404,1.691901885854687,2.078012643959003,9.07024952725773,COMPLETE,banco_rango,elasticnet,0.8981746497519667,,,,,,,,,,,,,,
41,0.7349517957325407,0.7570497672146775,1.2578806436626517,1.8415539183327436,7.192800249725987,COMPLETE,banco_rango,elasticnet,0.7956311028844698,,,,,,,,,,,,,,
42,0.761064820612969,0.41756412817686506,1.2658645803571884,1.7484855783467463,7.045068047294832,COMPLETE,banco_rango,elasticnet,0.683848918664441,,,,,,,,,,,,,,
43,0.7709613374342444,0.3349572116358537,1.2338086713320917,1.711892169466394,6.889100640016876,COMPLETE,banco_rango,elasticnet,0.8919603398867373,,,,,,,,,,,,,,
44,0.7669316018530309,0.2669762153259911,1.263450022585147,1.726886130719659,7.013015706375132,COMPLETE,banco_rango,elasticnet,0.9286401626579227,,,,,,,,,,,,,,
45,0.7487421937663274,0.15561956282585326,1.3570540352349003,1.7930061849508132,7.439159723386688,COMPLETE,banco_rango,elasticnet,0.9472771123168303,,,,,,,,,,,,,,
46,0.5944739360725508,0.01390370157542227,1.8920779100408052,2.2778828878604984,10.201449555290816,COMPLETE,banco_rango,elasticnet,0.9078852151102389,,,,,,,,,,,,,,
47,0.687165680123408,0.001543422895204263,1.5798001230300025,2.00068723760875,8.579677834025357,COMPLETE,banco_rango,elasticnet,0.8623914338438061,,,,,,,,,,,,,,
48,0.5380162000292577,1.1858466897469422,1.6872148140188121,2.4312822488645787,9.35939527912477,COMPLETE,banco_rango,elasticnet,0.9197205022182808,,,,,,,,,,,,,,
49,0.7611134524252283,0.282962751830892,1.2919669469796025,1.7483076297713134,7.137273883090713,COMPLETE,banco_rango,elasticnet,0.815676966065162,,,,,,,,,,,,,,
50,0.6849436806852355,0.07351159710602007,1.612411192046039,2.0077799055592047,8.663244182204163,COMPLETE,banco_rango,elasticnet,0.8893035919412087,,,,,,,,,,,,,,
51,0.7538953108344694,0.227558994184426,1.3316999558888707,1.7745242972089186,7.31977987900129,COMPLETE,banco_rango,elasticnet,0.8240968857333155,,,,,,,,,,,,,,
52,0.7248912855784281,0.7947295054055766,1.2780530523793632,1.876178606798179,7.310935495757612,COMPLETE,banco_rango,elasticnet,0.8102427657032555,,,,,,,,,,,,,,
53,0.7653685229582458,0.2911254554840176,1.2698697666605414,1.7326671562393143,7.039479792434035,COMPLETE,banco_rango,elasticnet,0.8614839626172015,,,,,,,,,,,,,,
54,0.6180179960222267,0.030550333335047017,1.8318374863748585,2.210769463857335,9.823773250841834,COMPLETE,banco_rango,elasticnet,0.8584582584782727,,,,,,,,,,,,,,
55,0.734523388700502,0.13570237783721623,1.4180562988828382,1.843041602643086,7.728271495669345,COMPLETE,banco_rango,elasticnet,0.919858419303723,,,,,,,,,,,,,,
56,0.43775325867262016,1.542169086136384,1.8706581203227564,2.682164928070784,10.216124451818372,COMPLETE,banco_rango,elasticnet,0.7651963566765096,,,,,,,,,,,,,,
57,0.7659637617603824,0.2891125142157874,1.267018257218873,1.7304679507502227,7.027038885765606,COMPLETE,banco_rango,elasticnet,0.8734823944694996,,,,,,,,,,,,,,
58,0.7186611354832051,0.7196458285945251,1.2849984721195313,1.897303775931577,7.364233305144236,COMPLETE,banco_rango,elasticnet,0.942875092808859,,,,,,,,,,,,,,
59,0.7183542443633222,0.00038495659641857245,1.4063822387324136,1.8983383059116214,7.777406600901984,COMPLETE,banco_rango,elasticnet,0.8758993038244003,,,,,,,,,,,,,,
60,0.7540594616966999,0.2147176542921171,1.3318860894434057,1.77393239812138,7.32234257474325,COMPLETE,banco_rango,elasticnet,0.8553554548078802,,,,,,,,,,,,,,
61,0.7583583812515238,0.2849278451224393,1.3042852848459177,1.7583603174710205,7.192961708984025,COMPLETE,banco_rango,elasticnet,0.7761670283839729,,,,,,,,,,,,,,
62,0.772125995851518,0.3635117985773622,1.2223630983270568,1.7075341483365374,6.847668744725702,COMPLETE,banco_rango,elasticnet,0.8919931270629669,,,,,,,,,,,,,,
63,0.7365782324607194,0.14063434653759246,1.4095410856607853,1.835894985521554,7.6887036433725,COMPLETE,banco_rango,elasticnet,0.916426152210011,,,,,,,,,,,,,,
64,0.7567016090508867,0.619484929364607,1.221479961054215,1.7643779606468792,6.965401658388731,COMPLETE,banco_rango,elasticnet,0.834839159964845,,,,,,,,,,,,,,
65,-0.4642181624959545,2.980788152116705,3.2563710207667986,4.328375206650582,16.15931210720443,COMPLETE,banco_rango,elasticnet,0.9009349293543225,,,,,,,,,,,,,,
66,0.6940822618694058,0.08494766567879533,1.5781020049923857,1.9784466131133742,8.496108020741396,COMPLETE,banco_rango,elasticnet,0.8814432176856818,,,,,,,,,,,,,,
67,0.7224797556997468,0.35337791222961545,1.4327317300283422,1.8843837066295275,7.814019356645266,COMPLETE,banco_rango,elasticnet,0.42853072253080204,,,,,,,,,,,,,,
68,0.7209246274942225,1.0197825243665632,1.2687893874319645,1.8896560506368687,7.200186006496826,COMPLETE,banco_rango,elasticnet,0.3033978469190288,,,,,,,,,,,,,,
69,0.7575369624095978,0.19176455497718592,1.3169421314482157,1.7613464026708585,7.253373483547687,COMPLETE,banco_rango,elasticnet,0.9484516954584575,,,,,,,,,,,,,,
70,0.2674363756624425,4.414311996666502,2.073347761100855,3.0615734342723373,11.104898403102387,COMPLETE,banco_rango,elasticnet,0.13947575326850042,,,,,,,,,,,,,,
71,0.7701811621367969,0.3870047042725038,1.2290730208583005,1.7148053033366502,6.87824026972018,COMPLETE,banco_rango,elasticnet,0.8417194141275066,,,,,,,,,,,,,,
72,0.770302494669471,0.4758630121635273,1.2085426236852383,1.7143525790492293,6.8322673304864745,COMPLETE,banco_rango,elasticnet,0.8566854458672188,,,,,,,,,,,,,,
73,0.7649660082536403,0.5490721457323199,1.2112087579213748,1.734152730900177,6.881893529976132,COMPLETE,banco_rango,elasticnet,0.8439768012341201,,,,,,,,,,,,,,
74,0.4489231268153824,1.3925030779457719,1.8698533472006773,2.6553886747131803,10.20581834806471,COMPLETE,banco_rango,elasticnet,0.8797684847816452,,,,,,,,,,,,,,
75,0.7736595329645319,0.4344572047270714,1.1951203760702007,1.7017788023811027,6.766797012930881,COMPLETE,banco_rango,elasticnet,0.9314587741519178,,,,,,,,,,,,,,
76,0.7743775749663775,0.39526677647750724,1.2028699318620648,1.6990772984453033,6.780290451291713,COMPLETE,banco_rango,elasticnet,0.925633375209198,,,,,,,,,,,,,,
77,0.7708902263082305,0.4786164334001662,1.195245155860477,1.7121579000006106,6.791573595975392,COMPLETE,banco_rango,elasticnet,0.9234970391098648,,,,,,,,,,,,,,
78,0.7731803358511831,0.43125475754695497,1.2025126223220384,1.7035793118722968,6.790242966868375,COMPLETE,banco_rango,elasticnet,0.9008877763332895,,,,,,,,,,,,,,
79,0.15016598825371597,1.962172234843304,2.391770643120617,3.2975323134345413,12.532905370658959,COMPLETE,banco_rango,elasticnet,0.9251430892903624,,,,,,,,,,,,,,
0,0.6002041840771893,,1.3048841266317814,2.26173192472276,7.374905170693326,COMPLETE,banco_rango,random_forest,,16.0,0.4514121162875837,9.0,15.0,462.0,,,,,,,,,
1,0.40952616129345676,,1.5362321707980011,2.7486683152440206,8.592224012375329,COMPLETE,banco_rango,random_forest,,2.0,0.8102471755674295,11.0,15.0,309.0,,,,,,,,,
2,0.596294654661709,,1.3054618878177306,2.2727635505770123,7.37844703278669,COMPLETE,banco_rango,random_forest,,16.0,0.4681862286846154,10.0,6.0,214.0,,,,,,,,,
3,0.6218723521334661,,1.2596559248210115,2.199587396144976,7.17001475121843,COMPLETE,banco_rango,random_forest,,6.0,0.5392989411287272,7.0,11.0,328.0,,,,,,,,,
4,0.6971108635791451,,1.2219683446471636,1.968628890878235,7.04483336645594,COMPLETE,banco_rango,random_forest,,4.0,0.6464454897410734,4.0,10.0,628.0,,,,,,,,,
5,0.5669299767109085,,1.3139387868038321,2.3539707795183125,7.447092603774798,COMPLETE,banco_rango,random_forest,,4.0,0.3801927682679985,7.0,15.0,750.0,,,,,,,,,
6,0.7887326422832066,,1.1520606740961623,1.6441377697289086,6.608091075581969,COMPLETE,banco_rango,random_forest,,4.0,0.9776608214984636,1.0,23.0,625.0,,,,,,,,,
7,0.7189116325191873,,1.2001668631485303,1.8964589320952165,6.905244088331358,COMPLETE,banco_rango,random_forest,,6.0,0.6360991209307408,2.0,17.0,766.0,,,,,,,,,
8,0.6952375261291077,,1.2332630894429981,1.974707387961805,7.043050705470197,COMPLETE,banco_rango,random_forest,,9.0,0.518206988040011,1.0,22.0,285.0,,,,,,,,,
9,0.6139395356756581,,1.2663748760395872,2.222540431495145,7.201154134098786,COMPLETE,banco_rango,random_forest,,6.0,0.47015539609159257,7.0,14.0,664.0,,,,,,,,,
10,0.7792360793391733,,1.1797374407366856,1.6806839589715037,6.696713721164192,COMPLETE,banco_rango,random_forest,,11.0,0.9895325530232119,4.0,23.0,869.0,,,,,,,,,
11,0.7808503392662841,,1.177533745752878,1.674527974440974,6.681568240038217,COMPLETE,banco_rango,random_forest,,11.0,0.9984910160512244,4.0,24.0,836.0,,,,,,,,,
12,0.786000580758954,,1.1693604401798616,1.6547344296296544,6.606418559412034,COMPLETE,banco_rango,random_forest,,12.0,0.9961037759115763,3.0,20.0,896.0,,,,,,,,,
13,0.760470117622091,,1.2075703127546569,1.7506601919446019,6.877469395130545,COMPLETE,banco_rango,random_forest,,13.0,0.8407741520827731,2.0,19.0,500.0,,,,,,,,,
14,0.7666703156563852,,1.1968420022922255,1.7278538404639567,6.784759035837781,COMPLETE,banco_rango,random_forest,,13.0,0.851750608047046,1.0,20.0,605.0,,,,,,,,,
15,0.7769609113815257,,1.1725823039732444,1.689322229006986,6.675212491790239,COMPLETE,banco_rango,random_forest,,9.0,0.9226767557127991,3.0,20.0,421.0,,,,,,,,,
16,0.6774551495436085,,1.2629106551293388,2.031501101694278,7.1853798726765685,COMPLETE,banco_rango,random_forest,,13.0,0.7370461252253427,5.0,24.0,900.0,,,,,,,,,
17,0.4234680491019315,,1.537454984252907,2.716024580907683,8.604611302299626,COMPLETE,banco_rango,random_forest,,2.0,0.917318561457333,5.0,5.0,697.0,,,,,,,,,
18,0.7488363875788406,,1.2058355179896894,1.7926700642095652,6.877227120715679,COMPLETE,banco_rango,random_forest,,11.0,0.7591241334103676,1.0,18.0,556.0,,,,,,,,,
19,0.7810182890379728,,1.1610916182290236,1.6738861972793184,6.611358028857939,COMPLETE,banco_rango,random_forest,,8.0,0.921594250168666,3.0,2.0,794.0,,,,,,,,,
20,0.6742115748345191,,1.263026509550006,2.0416901381505523,7.181895208267727,COMPLETE,banco_rango,random_forest,,14.0,0.8838326812427167,6.0,21.0,387.0,,,,,,,,,
21,0.7902844826986408,,1.1492872595253218,1.6380882264353596,6.504454596728568,COMPLETE,banco_rango,random_forest,,8.0,0.9580196729255633,2.0,2.0,797.0,,,,,,,,,
22,0.7897740291657529,,1.1441527518900192,1.640080591467017,6.513187735498847,COMPLETE,banco_rango,random_forest,,7.0,0.9557738719596236,2.0,9.0,714.0,,,,,,,,,
23,0.783491271992088,,1.1585326092465877,1.664407676442432,6.590646586948648,COMPLETE,banco_rango,random_forest,,8.0,0.9432324630090048,2.0,8.0,689.0,,,,,,,,,
24,0.7472937038005201,,1.189230213179404,1.7981670576451758,6.846827513559617,COMPLETE,banco_rango,random_forest,,4.0,0.77444396392261,1.0,2.0,752.0,,,,,,,,,
25,0.7403207541815829,,1.1885863543811082,1.822806742939478,6.828048950998314,COMPLETE,banco_rango,random_forest,,7.0,0.7144453487392936,2.0,5.0,604.0,,,,,,,,,
26,0.7818655821267296,,1.1438210987774393,1.6706447238932383,6.585568736337898,COMPLETE,banco_rango,random_forest,,5.0,0.8741126329146487,3.0,11.0,816.0,,,,,,,,,
27,0.7391144193481833,,1.2076096399399656,1.8270357436471893,6.899305719153295,COMPLETE,banco_rango,random_forest,,9.0,0.9544279197698732,5.0,8.0,546.0,,,,,,,,,
28,0.5700782258358732,,1.320097127402232,2.34539895073109,7.527415801549245,COMPLETE,banco_rango,random_forest,,3.0,0.8259450554434535,12.0,4.0,726.0,,,,,,,,,
29,0.7592151696244662,,1.177300154282978,1.755240241358614,6.76488193854711,COMPLETE,banco_rango,random_forest,,7.0,0.7964274031251832,2.0,8.0,653.0,,,,,,,,,
30,0.6498547927466529,,1.232455984603437,2.1166356128469106,7.047867542210604,COMPLETE,banco_rango,random_forest,,5.0,0.8911484304688394,9.0,12.0,488.0,,,,,,,,,
31,0.7869327683080152,,1.1615493723790877,1.6511264611483425,6.58209046250479,COMPLETE,banco_rango,random_forest,,10.0,0.9802431614863216,3.0,17.0,852.0,,,,,,,,,
32,0.7808422742989758,,1.169891833090311,1.6745587864647702,6.617602856300657,COMPLETE,banco_rango,random_forest,,10.0,0.9579299525567135,1.0,16.0,829.0,,,,,,,,,
33,0.7887578237157149,,1.153254722265466,1.6440397825658761,6.5589646618985045,COMPLETE,banco_rango,random_forest,,8.0,0.96801031063296,3.0,14.0,791.0,,,,,,,,,
34,0.782681611153461,,1.1506736243019071,1.6675169002453605,6.581502163129284,COMPLETE,banco_rango,random_forest,,7.0,0.9060863188514747,2.0,9.0,711.0,,,,,,,,,
35,0.6828070327533493,,1.2411548383737674,2.014576579264994,7.092887006286716,COMPLETE,banco_rango,random_forest,,8.0,0.5915119215774762,4.0,13.0,763.0,,,,,,,,,
36,0.6688822279986489,,1.2230170090557864,2.0583216943200653,7.004188947885805,COMPLETE,banco_rango,random_forest,,5.0,0.9499594743423032,8.0,6.0,799.0,,,,,,,,,
37,0.7175183457491143,,1.2714756522405637,1.9011532652866612,7.331021735303948,COMPLETE,banco_rango,random_forest,,3.0,0.868601965948468,1.0,3.0,550.0,,,,,,,,,
38,0.7430995037351391,,1.1897141285251522,1.8130278588314834,6.831995320566627,COMPLETE,banco_rango,random_forest,,7.0,0.8119920440974767,4.0,10.0,643.0,,,,,,,,,
39,0.6529102817288372,,1.2409132398529734,2.1073801273224504,7.091705944013806,COMPLETE,banco_rango,random_forest,,6.0,0.7010613607534562,6.0,14.0,785.0,,,,,,,,,
40,0.7757170420575231,,1.1928144432374925,1.6940262801381147,6.72388435368578,COMPLETE,banco_rango,random_forest,,16.0,0.960060730129724,2.0,7.0,601.0,,,,,,,,,
41,0.786770485584159,,1.1621004113101614,1.6517551319578392,6.583509300384584,COMPLETE,banco_rango,random_forest,,10.0,0.9804371866281297,3.0,16.0,863.0,,,,,,,,,
42,0.7777622134453959,,1.1729184184064756,1.6862849242204654,6.669793230897829,COMPLETE,banco_rango,random_forest,,10.0,0.9253504679790817,3.0,17.0,851.0,,,,,,,,,
43,0.7888361604261318,,1.1511589395588704,1.6437349177590777,6.5291476284015175,COMPLETE,banco_rango,random_forest,,8.0,0.9697615092169746,2.0,13.0,734.0,,,,,,,,,
44,0.7884016757545238,,1.1468777007032058,1.6454250997452342,6.481286518859022,COMPLETE,banco_rango,random_forest,,8.0,0.9957871573366843,1.0,12.0,728.0,,,,,,,,,
45,0.671524375424013,,1.2332422241112853,2.0500930786941534,7.065994478017068,COMPLETE,banco_rango,random_forest,,6.0,0.41315805314754617,2.0,14.0,675.0,,,,,,,,,
46,0.7775552514849133,,1.1647803366685983,1.6870699293833094,6.612514728945362,COMPLETE,banco_rango,random_forest,,9.0,0.8980036755765632,1.0,10.0,741.0,,,,,,,,,
47,0.7821785776478383,,1.1443772212993963,1.6694457108460117,6.5912505341911,COMPLETE,banco_rango,random_forest,,5.0,0.8618409989598979,2.0,15.0,775.0,,,,,,,,,
48,0.7812225173371735,,1.1621399359712261,1.673105459306693,6.629176667063918,COMPLETE,banco_rango,random_forest,,8.0,0.968519872061739,4.0,22.0,620.0,,,,,,,,,
49,0.7861149449644194,,1.1521556207657027,1.6542922142274867,6.579828760088105,COMPLETE,banco_rango,random_forest,,7.0,0.9316295700666999,3.0,12.0,698.0,,,,,,,,,
50,0.7950449503105252,,1.128805833962625,1.6193894937731708,6.420021093504625,COMPLETE,banco_rango,random_forest,,6.0,0.9992979766108074,1.0,13.0,216.0,,,,,,,,,
51,0.7950020887723107,,1.1280623852248535,1.6195588135735683,6.416524046526635,COMPLETE,banco_rango,random_forest,,6.0,0.9982512405153814,1.0,11.0,203.0,,,,,,,,,
52,0.795250439283786,,1.1279560677935643,1.618577486127788,6.412818304278896,COMPLETE,banco_rango,random_forest,,6.0,0.9997066308700576,1.0,13.0,208.0,,,,,,,,,
53,0.7949040335857125,,1.1276142999951335,1.6199461032662033,6.412981728670906,COMPLETE,banco_rango,random_forest,,6.0,0.9959937921696502,1.0,11.0,208.0,,,,,,,,,
54,0.793335112226876,,1.131232739187275,1.6261303448044968,6.443609520169355,COMPLETE,banco_rango,random_forest,,6.0,0.991475439725822,1.0,11.0,216.0,,,,,,,,,
55,0.7946320853315294,,1.12833562292933,1.6210197362205963,6.420733765660866,COMPLETE,banco_rango,random_forest,,6.0,0.9951324961230597,1.0,11.0,213.0,,,,,,,,,
56,0.793968285852285,,1.129557425448161,1.6236373894235747,6.431561861819561,COMPLETE,banco_rango,random_forest,,6.0,0.9930234247364081,1.0,11.0,205.0,,,,,,,,,
57,0.7947207544850803,,1.1267716031934718,1.6206697546616669,6.412958569672461,COMPLETE,banco_rango,random_forest,,6.0,0.9999311164249792,1.0,11.0,247.0,,,,,,,,,
58,0.7359339711013948,,1.2783695863437419,1.8381386761052918,7.3243108520402025,COMPLETE,banco_rango,random_forest,,3.0,0.9984617283829791,1.0,12.0,254.0,,,,,,,,,
59,0.6572177171762247,,1.26132850081196,2.0942628517468025,7.2273483755806724,COMPLETE,banco_rango,random_forest,,4.0,0.3526450010722935,1.0,9.0,318.0,,,,,,,,,
60,0.7857007608711156,,1.1550952010695512,1.6558931912836787,6.644894267713014,COMPLETE,banco_rango,random_forest,,4.0,0.9298369304978567,1.0,11.0,285.0,,,,,,,,,
61,0.7940026893846107,,1.1323642547052009,1.6235018248730138,6.468318530844229,COMPLETE,banco_rango,random_forest,,5.0,0.9990873198746512,1.0,11.0,208.0,,,,,,,,,
62,0.7853333849824886,,1.1379843797281728,1.657311942790073,6.538559695161428,COMPLETE,banco_rango,random_forest,,5.0,0.9011222126968614,1.0,13.0,240.0,,,,,,,,,
63,0.7905412048478309,,1.1369082076521146,1.6370852908567775,6.506716013561789,COMPLETE,banco_rango,random_forest,,6.0,0.9401477994890926,2.0,10.0,357.0,,,,,,,,,
64,0.6525868121030854,,1.2272323818905808,2.108361883159784,7.022066896584776,COMPLETE,banco_rango,random_forest,,5.0,0.9996205391026247,10.0,12.0,254.0,,,,,,,,,
65,0.7939423899553835,,1.1294507513118894,1.6237394228059945,6.476831876643955,COMPLETE,banco_rango,random_forest,,5.0,0.9741398357336082,1.0,13.0,289.0,,,,,,,,,
66,0.6971190018735438,,1.2122084113968754,1.9686024432656113,6.968600198458091,COMPLETE,banco_rango,random_forest,,6.0,0.5116924140724182,2.0,9.0,226.0,,,,,,,,,
67,0.7885662977142744,,1.1411359537629147,1.644784910815714,6.507871477476955,COMPLETE,banco_rango,random_forest,,7.0,0.9450325232169378,1.0,15.0,263.0,,,,,,,,,
68,0.7832104655771689,,1.1520722389088736,1.6654866742990406,6.639286000022669,COMPLETE,banco_rango,random_forest,,4.0,0.9232699936783735,2.0,10.0,343.0,,,,,,,,,
69,0.7709471714066919,,1.1702666315921495,1.7119451088618727,6.754565404418621,COMPLETE,banco_rango,random_forest,,4.0,0.8455189971552839,1.0,11.0,231.0,,,,,,,,,
70,0.39629708321643675,,1.5475493475876803,2.779288580138793,8.624381531104824,COMPLETE,banco_rango,random_forest,,2.0,0.6096807401097706,2.0,7.0,202.0,,,,,,,,,
71,0.7922447509642632,,1.1330721283694354,1.6304144228382436,6.452009737717604,COMPLETE,banco_rango,random_forest,,6.0,0.9811761731462137,1.0,11.0,203.0,,,,,,,,,
72,0.7929133394217426,,1.1302676147777264,1.6277888461283487,6.445892291333536,COMPLETE,banco_rango,random_forest,,6.0,0.98042340349852,1.0,12.0,279.0,,,,,,,,,
73,0.7891258675779353,,1.136397734343151,1.642606966102642,6.519670583180578,COMPLETE,banco_rango,random_forest,,5.0,0.9444280945700475,1.0,14.0,235.0,,,,,,,,,
74,0.7917099712676225,,1.1390368104353101,1.6325114869586723,6.482452445256784,COMPLETE,banco_rango,random_forest,,7.0,0.9667786552487931,2.0,10.0,303.0,,,,,,,,,
75,0.7886765976861547,,1.1339940135126205,1.6443558321158147,6.487233166276775,COMPLETE,banco_rango,random_forest,,6.0,0.9142828515283331,1.0,11.0,262.0,,,,,,,,,
76,0.7806916932641277,,1.1822459471356352,1.675133973799503,6.645100125987194,COMPLETE,banco_rango,random_forest,,15.0,0.9997197129189013,2.0,13.0,203.0,,,,,,,,,
77,0.7865760478210818,,1.1415831937394285,1.652508053973189,6.501661898368165,COMPLETE,banco_rango,random_forest,,7.0,0.9557375775978123,1.0,10.0,222.0,,,,,,,,,
78,0.7970709279444883,,1.1230769403592606,1.6113657953994478,6.424496196087892,COMPLETE,banco_rango,random_forest,,5.0,0.9800062811337793,2.0,8.0,250.0,,,,,,,,,
79,0.7094078013431018,,1.2659579634335265,1.9282528472803355,7.317828373183991,COMPLETE,banco_rango,random_forest,,3.0,0.8805573989151095,2.0,8.0,243.0,,,,,,,,,
0,0.5470863451548507,,1.3115672617085286,2.4072972131187806,7.427744907715645,COMPLETE,banco_rango,extra_trees,,18.0,0.4514121162875837,9.0,15.0,500.0,,,,,,,,,
1,0.2624441962512597,,1.7196737395135249,3.071987528679567,9.419698409463308,COMPLETE,banco_rango,extra_trees,,2.0,0.8102471755674295,11.0,15.0,324.0,,,,,,,,,
2,0.5357583865978688,,1.324719584678418,2.43721610532401,7.496731756019857,COMPLETE,banco_rango,extra_trees,,18.0,0.4681862286846154,10.0,6.0,216.0,,,,,,,,,
3,0.5441736507223496,,1.3116267023333295,2.4150254899085732,7.430872501360801,COMPLETE,banco_rango,extra_trees,,7.0,0.5392989411287272,7.0,11.0,346.0,,,,,,,,,
4,0.6300189284333106,,1.2895787417200495,2.17576386042076,7.401442030420187,COMPLETE,banco_rango,extra_trees,,4.0,0.6464454897410734,4.0,10.0,690.0,,,,,,,,,
5,0.4804691732861466,,1.3933401460194577,2.5782656749095803,7.837206271531507,COMPLETE,banco_rango,extra_trees,,5.0,0.3801927682679985,7.0,15.0,828.0,,,,,,,,,
6,0.6944938924172466,,1.2366239286181917,1.9771151061453132,7.168358497539764,COMPLETE,banco_rango,extra_trees,,4.0,0.9776608214984636,1.0,23.0,686.0,,,,,,,,,
7,0.6899755398035099,,1.2213025997294245,1.9916819424907766,7.0370012192688085,COMPLETE,banco_rango,extra_trees,,7.0,0.6360991209307408,2.0,17.0,847.0,,,,,,,,,
8,0.6899178572709422,,1.2373266685942448,1.9918672180575918,7.08493478020617,COMPLETE,banco_rango,extra_trees,,10.0,0.518206988040011,1.0,22.0,297.0,,,,,,,,,
9,0.5463454495657573,,1.316148834451152,2.4092653885750064,7.456429262151142,COMPLETE,banco_rango,extra_trees,,7.0,0.47015539609159257,7.0,14.0,730.0,,,,,,,,,
10,0.6999758679917158,,1.233129667020476,1.959296216608308,7.0852402629647235,COMPLETE,banco_rango,extra_trees,,12.0,0.9895325530232119,4.0,23.0,964.0,,,,,,,,,
11,0.695909480591639,,1.2431758144327758,1.9725292233698688,7.1361977024162835,COMPLETE,banco_rango,extra_trees,,13.0,0.9984910160512244,4.0,24.0,927.0,,,,,,,,,
12,0.6964263288026031,,1.2413844610566278,1.9708522033679667,7.127089631379843,COMPLETE,banco_rango,extra_trees,,14.0,0.9961020388066505,4.0,20.0,994.0,,,,,,,,,
13,0.6884314259836535,,1.238773771916833,1.9966356867664319,7.107334740687479,COMPLETE,banco_rango,extra_trees,,14.0,0.8394498957745807,4.0,19.0,976.0,,,,,,,,,
14,0.6854535330672842,,1.234125515900055,2.0061546630401077,7.079396416492437,COMPLETE,banco_rango,extra_trees,,14.0,0.851750608047046,5.0,20.0,977.0,,,,,,,,,
15,0.7030967273048908,,1.2465553609755493,1.9490792511657942,7.14174133275955,COMPLETE,banco_rango,extra_trees,,12.0,0.9226762480543201,3.0,20.0,530.0,,,,,,,,,
16,0.7056358469939656,,1.2416065218195769,1.9407270834684853,7.126420939607811,COMPLETE,banco_rango,extra_trees,,10.0,0.8985870661122766,2.0,24.0,526.0,,,,,,,,,
17,0.6895398646098965,,1.2325745089913531,1.993080899490685,7.036044833548373,COMPLETE,banco_rango,extra_trees,,10.0,0.7605925081546808,2.0,5.0,508.0,,,,,,,,,
18,0.7098721040926715,,1.2404172775237543,1.926711768391085,7.110585622994179,COMPLETE,banco_rango,extra_trees,,11.0,0.9166016268620145,2.0,18.0,531.0,,,,,,,,,
19,0.6701561180498797,,1.2577394217720348,2.054358448380113,7.140135631180708,COMPLETE,banco_rango,extra_trees,,16.0,0.7259576599128386,2.0,2.0,423.0,,,,,,,,,
20,0.6904705321474118,,1.212663454161011,1.9900913242189298,6.960573195758718,COMPLETE,banco_rango,extra_trees,,10.0,0.8857737060997734,6.0,11.0,590.0,,,,,,,,,
21,0.7096312703054353,,1.2188585075440463,1.9275112796479263,7.02069288855446,COMPLETE,banco_rango,extra_trees,,9.0,0.9087724188771082,3.0,18.0,573.0,,,,,,,,,
22,0.7226030693954114,,1.2020481135755705,1.8839650053953754,6.935760347973531,COMPLETE,banco_rango,extra_trees,,8.0,0.9159082007487608,1.0,17.0,623.0,,,,,,,,,
23,0.7104841779787634,,1.2025243533356136,1.9246783331182642,6.932931275878264,COMPLETE,banco_rango,extra_trees,,8.0,0.7811181876273261,1.0,17.0,604.0,,,,,,,,,
24,0.7019269318069254,,1.2128210984668233,1.9529151515057384,6.977793200113376,COMPLETE,banco_rango,extra_trees,,8.0,0.7700258894108973,1.0,17.0,645.0,,,,,,,,,
25,0.7070099136199612,,1.207925747069158,1.9361922113706835,6.973847569800665,COMPLETE,banco_rango,extra_trees,,6.0,0.7148596429473992,1.0,13.0,430.0,,,,,,,,,
26,0.6906465109430071,,1.2343195276010641,1.9895255240250307,7.082564574392391,COMPLETE,banco_rango,extra_trees,,11.0,0.7965647895423928,3.0,17.0,445.0,,,,,,,,,
27,0.7116667869690108,,1.210586410034075,1.920743365023183,6.97441123667229,COMPLETE,banco_rango,extra_trees,,8.0,0.9356854640416467,1.0,12.0,788.0,,,,,,,,,
28,0.5581934214390568,,1.3157488733611489,2.3775961838433353,7.447041630241159,COMPLETE,banco_rango,extra_trees,,8.0,0.8501808808309206,12.0,9.0,800.0,,,,,,,,,
29,0.6288240207915126,,1.2609296900970905,2.1792745009755907,7.2223853579576325,COMPLETE,banco_rango,extra_trees,,5.0,0.5979971705242768,6.0,12.0,748.0,,,,,,,,,
30,0.3006669691412319,,1.6593187129920872,2.991327933610517,9.144512750869598,COMPLETE,banco_rango,extra_trees,,2.0,0.9406169576986927,9.0,8.0,640.0,,,,,,,,,
31,0.7229206848982486,,1.1990184704248774,1.8828861400444437,6.919462097675304,COMPLETE,banco_rango,extra_trees,,8.0,0.9581785021507332,1.0,16.0,622.0,,,,,,,,,
32,0.7237973854343842,,1.1988150311104537,1.879904980813671,6.917609508986061,COMPLETE,banco_rango,extra_trees,,8.0,0.9588519318908278,1.0,15.0,892.0,,,,,,,,,
33,0.7119086209136729,,1.2165435152602124,1.9199377027506317,7.009412123487521,COMPLETE,banco_rango,extra_trees,,9.0,0.9572404930767746,3.0,14.0,856.0,,,,,,,,,
34,0.707262034979018,,1.2221690596391643,1.9353589741802872,7.035695076465466,COMPLETE,banco_rango,extra_trees,,9.0,0.9432137885252191,3.0,15.0,905.0,,,,,,,,,
35,0.7048182475800444,,1.2036864355074368,1.9434204091376588,6.965726605969104,COMPLETE,banco_rango,extra_trees,,6.0,0.8821033181537422,2.0,14.0,890.0,,,,,,,,,
36,0.5827754984344498,,1.292434902869451,2.310504975764413,7.330801820781546,COMPLETE,banco_rango,extra_trees,,9.0,0.9579198785087695,8.0,16.0,868.0,,,,,,,,,
37,0.6938113747595165,,1.2058707393386257,1.9793223666728803,6.969409419552837,COMPLETE,banco_rango,extra_trees,,6.0,0.866190455659282,5.0,14.0,730.0,,,,,,,,,
38,0.6819391835233334,,1.2458985170071304,2.0173306669394044,7.196406457700262,COMPLETE,banco_rango,extra_trees,,4.0,0.812100953658125,1.0,16.0,683.0,,,,,,,,,
39,0.7107602270032197,,1.2050705276168059,1.9237605382272245,6.969651631004743,COMPLETE,banco_rango,extra_trees,,7.0,0.9660863609995155,3.0,13.0,200.0,,,,,,,,,
40,0.6976634758862332,,1.2290329479559396,1.9668322182996523,7.065486943051521,COMPLETE,banco_rango,extra_trees,,9.0,0.8303653728578155,2.0,15.0,809.0,,,,,,,,,
41,0.7181625147124521,,1.203915757680823,1.898984340534695,6.938671657889629,COMPLETE,banco_rango,extra_trees,,8.0,0.94532620434528,1.0,12.0,779.0,,,,,,,,,
42,0.6982659273918004,,1.2126235479998138,1.964871634960809,6.977047367411887,COMPLETE,banco_rango,extra_trees,,7.0,0.3631571405882865,1.0,11.0,848.0,,,,,,,,,
43,0.7022547410251088,,1.2031852460083057,1.951840985862381,6.9865120666462115,COMPLETE,banco_rango,extra_trees,,5.0,0.9626604896958859,2.0,9.0,775.0,,,,,,,,,
44,0.7090324366107563,,1.2310881915738079,1.9294978299938499,7.054512402669768,COMPLETE,banco_rango,extra_trees,,11.0,0.9031491519255457,1.0,16.0,694.0,,,,,,,,,
45,0.7142126306130783,,1.204585065950741,1.912244943965678,6.948949901873003,COMPLETE,banco_rango,extra_trees,,8.0,0.9993022030046221,1.0,12.0,641.0,,,,,,,,,
46,0.5701188423236428,,1.2856300367378997,2.345288158345621,7.313093520772315,COMPLETE,banco_rango,extra_trees,,6.0,0.966442996875045,10.0,12.0,640.0,,,,,,,,,
47,0.7182676425569441,,1.188907438359641,1.8986301386260684,6.8872773605673485,COMPLETE,banco_rango,extra_trees,,7.0,0.9983599131112907,1.0,10.0,464.0,,,,,,,,,
48,0.6003012783516019,,1.3671172231695712,2.2614572663270383,7.818540197607026,COMPLETE,banco_rango,extra_trees,,3.0,0.8749493519314728,2.0,8.0,327.0,,,,,,,,,
49,0.6918644873253988,,1.202859264192147,1.9856051141635644,6.920908367332311,COMPLETE,banco_rango,extra_trees,,5.0,0.9241830265802461,1.0,6.0,273.0,,,,,,,,,
50,0.7138901704701532,,1.2039472269182576,1.913323453733407,6.968504372521195,COMPLETE,banco_rango,extra_trees,,7.0,0.9816267416359129,2.0,19.0,463.0,,,,,,,,,
51,0.7107981034809797,,1.2120518058257725,1.9236345741212109,6.98691633573133,COMPLETE,banco_rango,extra_trees,,8.0,0.9982351697867403,1.0,10.0,394.0,,,,,,,,,
52,0.7222614834198487,,1.1844245923747219,1.8851246037235925,6.86388634397571,COMPLETE,banco_rango,extra_trees,,7.0,0.9996015518578079,1.0,10.0,552.0,,,,,,,,,
53,0.6811002236755093,,1.2233407992101317,2.019989505668946,7.03933970162068,COMPLETE,banco_rango,extra_trees,,7.0,0.42221795103669085,2.0,10.0,494.0,,,,,,,,,
54,0.7273412840869187,,1.1853364801898831,1.8678057085969275,6.873307984361627,COMPLETE,banco_rango,extra_trees,,6.0,0.9453564601425812,1.0,7.0,572.0,,,,,,,,,
55,0.7221237931629878,,1.1885648963411617,1.885591825792968,6.890739388387168,COMPLETE,banco_rango,extra_trees,,6.0,0.9789967212621297,3.0,6.0,554.0,,,,,,,,,
56,0.7030232892729396,,1.2033679620041775,1.9493202853804588,6.9795449340960865,COMPLETE,banco_rango,extra_trees,,5.0,0.9168173099414115,3.0,3.0,569.0,,,,,,,,,
57,0.7151614208144303,,1.1883903754672365,1.909068058259933,6.897683967120962,COMPLETE,banco_rango,extra_trees,,6.0,0.9759008684608355,4.0,5.0,543.0,,,,,,,,,
58,0.585489369900365,,1.3708757355618066,2.3029782804165375,7.832731204199141,COMPLETE,banco_rango,extra_trees,,3.0,0.8938302737818083,5.0,6.0,614.0,,,,,,,,,
59,0.683164698814093,,1.2388049013854254,2.0134404429385193,7.084815702592335,COMPLETE,banco_rango,extra_trees,,17.0,0.5601975745269343,2.0,7.0,391.0,,,,,,,,,
60,0.6810054886829219,,1.2170639543270427,2.020289520744441,7.01929680121194,COMPLETE,banco_rango,extra_trees,,6.0,0.6694727593633727,3.0,4.0,557.0,,,,,,,,,
61,0.7256479586969861,,1.1885573538747498,1.8735966612619002,6.874645479349651,COMPLETE,banco_rango,extra_trees,,7.0,0.9726102319255798,1.0,7.0,489.0,,,,,,,,,
62,0.7100376987647041,,1.1964185527120161,1.926161840674829,6.916387757871773,COMPLETE,banco_rango,extra_trees,,7.0,0.9309008515652799,1.0,7.0,493.0,,,,,,,,,
63,0.6907240052662915,,1.2121319456268793,1.989276316247691,6.986284595961845,COMPLETE,banco_rango,extra_trees,,5.0,0.9748706601331096,2.0,5.0,599.0,,,,,,,,,
64,0.719986729886174,,1.193148180333285,1.8928287012925564,6.91637623722753,COMPLETE,banco_rango,extra_trees,,6.0,0.9510674191370808,1.0,7.0,513.0,,,,,,,,,
65,0.7156888699215955,,1.2141887903260695,1.9072996832987157,6.988328102941965,COMPLETE,banco_rango,extra_trees,,9.0,0.9096702075880516,2.0,8.0,580.0,,,,,,,,,
66,0.6889994658699949,,1.2308206989623252,1.9948147615862124,6.984134286459634,COMPLETE,banco_rango,extra_trees,,10.0,0.9809779059555774,1.0,4.0,665.0,,,,,,,,,
67,0.6888947255749509,,1.2319698999160147,1.9951506450895697,7.143510251254616,COMPLETE,banco_rango,extra_trees,,4.0,0.935724790400536,2.0,21.0,552.0,,,,,,,,,
68,0.6961563723180535,,1.2158431363983706,1.9717283104776022,7.009065774134893,COMPLETE,banco_rango,extra_trees,,8.0,0.8744608449622742,4.0,18.0,951.0,,,,,,,,,
69,0.7045917936856201,,1.2019828603836644,1.9441657308627005,6.9376853037040025,COMPLETE,banco_rango,extra_trees,,7.0,0.7449215607924615,1.0,13.0,620.0,,,,,,,,,
70,0.7073109589653397,,1.2178873845049685,1.9351972434796,7.005329782522499,COMPLETE,banco_rango,extra_trees,,10.0,0.8975449003793906,3.0,9.0,483.0,,,,,,,,,
71,0.719986729886174,,1.193148180333285,1.8928287012925564,6.916376237227528,COMPLETE,banco_rango,extra_trees,,6.0,0.9530424002194362,1.0,7.0,513.0,,,,,,,,,
72,0.7166387222683173,,1.1970668742653954,1.9041109781183907,6.937936777688053,COMPLETE,banco_rango,extra_trees,,6.0,0.9512766389356693,1.0,7.0,404.0,,,,,,,,,
73,0.7049319952543747,,1.2147074529641742,1.9430459265514446,6.967310487906076,COMPLETE,banco_rango,extra_trees,,8.0,0.9228803298473989,2.0,6.0,516.0,,,,,,,,,
74,0.6806031484022143,,1.2290269222830736,2.0215631911060843,6.990135840594334,COMPLETE,banco_rango,extra_trees,,9.0,0.8576295539527186,1.0,5.0,538.0,,,,,,,,,
75,0.6870058019024963,,1.236037257394403,2.001198411476616,7.163599171040038,COMPLETE,banco_rango,extra_trees,,4.0,0.9800240982262498,2.0,8.0,464.0,,,,,,,,,
76,0.7291421303582435,,1.1908809083164673,1.8616272826687246,6.897329707737564,COMPLETE,banco_rango,extra_trees,,7.0,0.9455898927812165,1.0,19.0,366.0,,,,,,,,,
77,0.7109717875353732,,1.2093944985875702,1.9230568551749556,6.969221094843416,COMPLETE,banco_rango,extra_trees,,8.0,0.9369018549596783,1.0,19.0,276.0,,,,,,,,,
78,0.7004737380271462,,1.2100663913341636,1.9576698809361675,6.993485803241412,COMPLETE,banco_rango,extra_trees,,7.0,0.8342414107157651,2.0,18.0,233.0,,,,,,,,,
79,0.7058557859187964,,1.2079729194283375,1.9400019252181808,7.009424571613912,COMPLETE,banco_rango,extra_trees,,5.0,0.9695731613022507,1.0,17.0,372.0,,,,,,,,,
0,0.6032623373529964,,1.3585944137791026,2.2530649996932763,7.616934946498863,COMPLETE,banco_rango,hist_gradient_boosting,,,,32.0,,,1.2363188277052228e-05,0.021642251106469404,671.0,49.0,,,,,
1,0.387328489241627,,1.6870790001109492,2.799856988300631,9.295379332975722,COMPLETE,banco_rango,hist_gradient_boosting,,,,32.0,,,0.090470719575684,0.009204496040276266,134.0,57.0,,,,,
2,0.6248020172020956,,1.3245088523762643,2.191049823146698,7.4736070296531025,COMPLETE,banco_rango,hist_gradient_boosting,,,,14.0,,,1.8740223688836324e-05,0.005419290634672375,682.0,55.0,,,,,
3,0.5949980690614672,,1.2823516872569907,2.276410356624502,7.2814338553698965,COMPLETE,banco_rango,hist_gradient_boosting,,,,24.0,,,0.00010929592787219404,0.01024634005770867,282.0,37.0,,,,,
4,0.6343341993957552,,1.2768030382788138,2.1630381437255912,7.230209462193447,COMPLETE,banco_rango,hist_gradient_boosting,,,,21.0,,,0.0015577217702693043,0.05476331374316277,183.0,24.0,,,,,
5,0.6058775824444183,,1.3998788617035427,2.245626759984023,7.797096984101327,COMPLETE,banco_rango,hist_gradient_boosting,,,,32.0,,,2.1142332035497158e-06,0.10788483727948411,220.0,37.0,,,,,
6,0.6241229983119283,,1.2798662638731129,2.193031565814805,7.2983088512672465,COMPLETE,banco_rango,hist_gradient_boosting,,,,48.0,,,5.746775499181867,0.053848112391315636,202.0,11.0,,,,,
7,0.6159399798069389,,1.3341311732333656,2.2167746993407715,7.567441711413121,COMPLETE,banco_rango,hist_gradient_boosting,,,,36.0,,,0.0012052231254145623,0.11814432092118202,283.0,13.0,,,,,
8,0.5723294312017062,,1.2985097007624955,2.339250268484986,7.369152915564163,COMPLETE,banco_rango,hist_gradient_boosting,,,,46.0,,,6.478282331897332e-05,0.008059522363804595,397.0,9.0,,,,,
9,0.6084866666369717,,1.3560584923698804,2.238181410620313,7.605766860417837,COMPLETE,banco_rango,hist_gradient_boosting,,,,30.0,,,1.967801053211497e-05,0.0667690954439529,287.0,37.0,,,,,
10,0.7430596383884716,,1.2930633026962028,1.8131685245394638,7.117776507348853,COMPLETE,banco_rango,hist_gradient_boosting,,,,5.0,,,0.030242627291456402,0.21021079400676004,520.0,22.0,,,,,
11,0.6553878836823934,,1.369140557456535,2.099845187719223,7.722483036783921,COMPLETE,banco_rango,hist_gradient_boosting,,,,7.0,,,0.03206189270127576,0.17553789876843576,536.0,23.0,,,,,
12,0.7314369579966749,,1.3240644655435376,1.8537242427967469,7.370083152665548,COMPLETE,banco_rango,hist_gradient_boosting,,,,6.0,,,0.12286981681283343,0.2426100457893513,540.0,24.0,,,,,
13,0.7235914684909914,,1.3414768283619383,1.8806056116995897,7.4176916885092705,COMPLETE,banco_rango,hist_gradient_boosting,,,,5.0,,,0.5814106609537328,0.2222716062404665,534.0,24.0,,,,,
14,0.6061110817016315,,1.3344829681803294,2.244961446564033,7.522338169470142,COMPLETE,banco_rango,hist_gradient_boosting,,,,14.0,,,0.024745749757604303,0.22260595293617796,537.0,30.0,,,,,
15,0.6536517916133413,,1.2579250718116854,2.1051278585303135,7.164748150737584,COMPLETE,banco_rango,hist_gradient_boosting,,,,12.0,,,1.834175678068388,0.025142801594178636,437.0,18.0,,,,,
16,0.6087388581058637,,1.3687942667932276,2.237460437494031,7.668111508052311,COMPLETE,banco_rango,hist_gradient_boosting,,,,20.0,,,0.14850671456402326,0.11887161410009103,614.0,44.0,,,,,
17,0.6208740353939768,,1.3541743243096982,2.202489111305538,7.589452900688301,COMPLETE,banco_rango,hist_gradient_boosting,,,,9.0,,,0.013112853930871641,0.15704564395839496,433.0,29.0,,,,,
18,0.6358813118540001,,1.2993586354159008,2.1584574440279023,7.336709163589352,COMPLETE,banco_rango,hist_gradient_boosting,,,,18.0,,,0.5537398418146185,0.07730780981326382,605.0,31.0,,,,,
19,0.758661441809748,,1.2522702512576038,1.7572573269120315,7.0264406384812,COMPLETE,banco_rango,hist_gradient_boosting,,,,5.0,,,0.006170920125370025,0.036710515596362694,497.0,17.0,,,,,
20,0.6157620659160372,,1.2973305309770062,2.2172880948082416,7.3615605259975085,COMPLETE,banco_rango,hist_gradient_boosting,,,,41.0,,,0.0005380608886790094,0.01751658628947316,378.0,16.0,,,,,
21,0.7512879057572734,,1.276160334536331,1.7838998052664594,7.12748919320091,COMPLETE,banco_rango,hist_gradient_boosting,,,,5.0,,,0.004310774175787374,0.03994995506526812,483.0,19.0,,,,,
22,0.667569609765978,,1.2683329109029062,2.0623974620606664,7.209207002195586,COMPLETE,banco_rango,hist_gradient_boosting,,,,11.0,,,0.008728028264845667,0.03828359702183984,479.0,18.0,,,,,
23,0.6101723518161113,,1.3221438064405564,2.2333578979099284,7.478797240670487,COMPLETE,banco_rango,hist_gradient_boosting,,,,16.0,,,0.004498343360461217,0.03419275757544174,479.0,8.0,,,,,
24,0.7695247996893994,,1.212435193743165,1.7172522988283094,6.837730559133845,COMPLETE,banco_rango,hist_gradient_boosting,,,,5.0,,,0.0004354835909068466,0.013649206162351771,585.0,19.0,,,,,
25,0.6600602682437445,,1.253458234960453,2.0855613488060176,7.141401476442244,COMPLETE,banco_rango,hist_gradient_boosting,,,,10.0,,,0.0003242382274929873,0.016750902592822872,604.0,14.0,,,,,
26,0.6103450434085151,,1.3024002493349354,2.2328631602266906,7.368212747064009,COMPLETE,banco_rango,hist_gradient_boosting,,,,25.0,,,0.0020666322772957806,0.033539058970567207,342.0,18.0,,,,,
27,0.6655314824728124,,1.2663872733232804,2.0687100699942285,7.161610908584231,COMPLETE,banco_rango,hist_gradient_boosting,,,,9.0,,,0.00028861566164785845,0.013115488558004536,458.0,31.0,,,,,
28,0.6278179779524803,,1.3353190038141782,2.1822258771797185,7.478407171181144,COMPLETE,banco_rango,hist_gradient_boosting,,,,14.0,,,0.004182808255452205,0.043025798745392294,590.0,64.0,,,,,
29,0.6831252006895525,,1.2343675260157223,2.0135659413325966,7.027933096848845,COMPLETE,banco_rango,hist_gradient_boosting,,,,9.0,,,1.027837096401361e-06,0.024871376607019997,650.0,20.0,,,,,
30,0.6182710641481918,,1.342384707709202,2.210037010528404,7.519360317248474,COMPLETE,banco_rango,hist_gradient_boosting,,,,18.0,,,7.334206004538989e-05,0.020268620247774486,576.0,44.0,,,,,
31,0.7694479763069464,,1.205591404347253,1.717538477424218,6.854045068993493,COMPLETE,banco_rango,hist_gradient_boosting,,,,6.0,,,0.04213485311414672,0.005212731499743881,506.0,27.0,,,,,
32,0.7619410522378663,,1.219743686434114,1.7452765792199942,6.935614573184519,COMPLETE,banco_rango,hist_gradient_boosting,,,,5.0,,,0.007043582468843293,0.0053551146437010606,499.0,27.0,,,,,
33,0.6592269093045086,,1.2635879878785576,2.0881161506565156,7.165237301364287,COMPLETE,banco_rango,hist_gradient_boosting,,,,8.0,,,0.05713632277325425,0.005155562230750256,683.0,27.0,,,,,
34,0.6612987645815266,,1.258053867751754,2.0817587379905307,7.160209507844809,COMPLETE,banco_rango,hist_gradient_boosting,,,,12.0,,,0.011627783837313943,0.006753206687849728,651.0,33.0,,,,,
35,0.6863953773465921,,1.265616995262426,2.0031489039054855,7.226267155675907,COMPLETE,banco_rango,hist_gradient_boosting,,,,7.0,,,0.0007673298143574986,0.010037577174432774,570.0,26.0,,,,,
36,0.6586041480621008,,1.2561071138295534,2.0900232910209966,7.160583048488009,COMPLETE,banco_rango,hist_gradient_boosting,,,,13.0,,,0.2587494383786169,0.007325842907424679,505.0,42.0,,,,,
37,0.4014482741500076,,1.6245642103831206,2.767405817531261,8.97563363837662,COMPLETE,banco_rango,hist_gradient_boosting,,,,16.0,,,0.00019045850228917977,0.012957248285457227,105.0,35.0,,,,,
38,0.5713515167728582,,1.3368792321023353,2.341923214143684,7.596289363290499,COMPLETE,banco_rango,hist_gradient_boosting,,,,22.0,,,0.001622733114868771,0.006419212815565756,341.0,13.0,,,,,
39,0.6761144738953085,,1.2546680896577593,2.035718747297862,7.141096945162315,COMPLETE,banco_rango,hist_gradient_boosting,,,,11.0,,,2.4306640882787158e-05,0.012875578667806078,416.0,27.0,,,,,
40,0.6819846225234228,,1.3390528552603955,2.0171865612248157,7.538152085285593,COMPLETE,banco_rango,hist_gradient_boosting,,,,7.0,,,0.0608521670223402,0.008758018269189542,568.0,40.0,,,,,
41,0.770103342659233,,1.2069237268502797,1.7150956058188842,6.880283409024135,COMPLETE,banco_rango,hist_gradient_boosting,,,,6.0,,,0.006145733326957175,0.005047693316037963,495.0,21.0,,,,,
42,0.7594897934601839,,1.241712433939814,1.7542389981972866,7.070577987570309,COMPLETE,banco_rango,hist_gradient_boosting,,,,5.0,,,0.007075858433184971,0.00501993598390545,459.0,21.0,,,,,
43,0.6581546948863795,,1.245951498047716,2.0913986132903313,7.1108433747205755,COMPLETE,banco_rango,hist_gradient_boosting,,,,8.0,,,0.014180404737662538,0.0058692516943010635,449.0,21.0,,,,,
44,0.6064293667145317,,1.333529177750579,2.244054233952754,7.599637609313495,COMPLETE,banco_rango,hist_gradient_boosting,,,,10.0,,,0.002607239629100232,0.005250757273567252,394.0,15.0,,,,,
45,0.6151288470859979,,1.29072898198206,2.219114372838037,7.326508404662051,COMPLETE,banco_rango,hist_gradient_boosting,,,,36.0,,,0.0008551798093406286,0.007871922786475919,555.0,26.0,,,,,
46,0.7771157285862427,,1.1473577701430455,1.6887358260865568,6.552241354097902,COMPLETE,banco_rango,hist_gradient_boosting,,,,5.0,,,0.025599811673059136,0.011050586139032127,510.0,11.0,,,,,
47,0.6185109050468577,,1.2666169207649685,2.2093426165513943,7.214946967732545,COMPLETE,banco_rango,hist_gradient_boosting,,,,29.0,,,0.03925782191562682,0.009835193963283117,510.0,10.0,,,,,
48,0.6678250461563242,,1.2536973733658459,2.0616049463690023,7.201193635649951,COMPLETE,banco_rango,hist_gradient_boosting,,,,7.0,,,0.016785994394572724,0.006486498841898795,636.0,12.0,,,,,
49,0.6205934632490571,,1.2956477478263615,2.2033039365408293,7.321046577305074,COMPLETE,banco_rango,hist_gradient_boosting,,,,16.0,,,8.7871901623894e-06,0.008196579091599494,516.0,49.0,,,,,
50,0.6615718850074905,,1.2460898353023353,2.0809192289476632,7.103182548179442,COMPLETE,banco_rango,hist_gradient_boosting,,,,13.0,,,0.2587081906922398,0.010882884504995948,533.0,23.0,,,,,
51,0.7598537338153977,,1.241089283315215,1.7529112373557192,7.062455212683329,COMPLETE,banco_rango,hist_gradient_boosting,,,,5.0,,,0.02423552436212763,0.005107918511279017,465.0,21.0,,,,,
52,0.7750045117431548,,1.1860988870088034,1.6967150442235326,6.754520016299168,COMPLETE,banco_rango,hist_gradient_boosting,,,,6.0,,,0.02335906046755484,0.005920255854347985,474.0,25.0,,,,,
53,0.6707341167984429,,1.31469868246146,2.0525576915326167,7.457452617031532,COMPLETE,banco_rango,hist_gradient_boosting,,,,7.0,,,0.09034023408341318,0.006045282184846037,429.0,34.0,,,,,
54,0.6835817574598044,,1.2399874102297663,2.012114834238162,7.065762002498856,COMPLETE,banco_rango,hist_gradient_boosting,,,,9.0,,,0.17611492693563438,0.01135307488061395,550.0,24.0,,,,,
55,0.7733451677959641,,1.2003040586893843,1.702960195962678,6.787053938725994,COMPLETE,banco_rango,hist_gradient_boosting,,,,6.0,,,0.6264333062553931,0.007091226614679248,500.0,29.0,,,,,
56,0.6359719533444379,,1.2803484533708247,2.15818877067581,7.300563037138372,COMPLETE,banco_rango,hist_gradient_boosting,,,,11.0,,,1.660869452188578,0.007029102172822717,369.0,32.0,,,,,
57,0.6881551968948514,,1.2530650668358794,1.9975205748995197,7.152679530042006,COMPLETE,banco_rango,hist_gradient_boosting,,,,7.0,,,9.667003517588068,0.009150329343937065,480.0,28.0,,,,,
58,0.6143690770491427,,1.2912280170917583,2.2213036579137344,7.3436211332544215,COMPLETE,banco_rango,hist_gradient_boosting,,,,47.0,,,0.4822072777758852,0.01712370055539834,528.0,16.0,,,,,
59,0.6649621328028865,,1.2765077173016859,2.070470054153669,7.246230960330194,COMPLETE,banco_rango,hist_gradient_boosting,,,,9.0,,,1.8208403646030111,0.007544249852799556,627.0,30.0,,,,,
60,0.6515797470383254,,1.269545335351251,2.1114154821544995,7.228638389107515,COMPLETE,banco_rango,hist_gradient_boosting,,,,14.0,,,1.0433938796197837,0.014748567711695306,251.0,37.0,,,,,
61,0.7659639011571125,,1.2133757680568686,1.7304674353992417,6.86044322471087,COMPLETE,banco_rango,hist_gradient_boosting,,,,5.0,,,0.05211318300368633,0.006346108585692382,501.0,26.0,,,,,
62,0.7770196628283612,,1.1782536728010637,1.6890997194402768,6.702177185682998,COMPLETE,banco_rango,hist_gradient_boosting,,,,6.0,,,0.09368894057468866,0.006145629158357029,490.0,25.0,,,,,
63,0.7756111431959793,,1.1827512731262146,1.6944261640281166,6.720450433504004,COMPLETE,banco_rango,hist_gradient_boosting,,,,6.0,,,0.0806083916252732,0.008909971075251563,421.0,24.0,,,,,
64,0.6658722404029982,,1.2577470367384413,2.0676559961989023,7.154814338160137,COMPLETE,banco_rango,hist_gradient_boosting,,,,8.0,,,0.0829399721991971,0.011495741785658566,409.0,23.0,,,,,
65,0.652170431352229,,1.2232723968984875,2.1096249590202683,6.998345795450289,COMPLETE,banco_rango,hist_gradient_boosting,,,,10.0,,,3.2646754539688976,0.008760879384810415,442.0,19.0,,,,,
66,0.7867285972462418,,1.1471554123552588,1.6519173653138486,6.560620648981863,COMPLETE,banco_rango,hist_gradient_boosting,,,,6.0,,,0.30282276235811023,0.007780336664224592,467.0,8.0,,,,,
67,0.5596742334321272,,1.3184871364189616,2.373608321019973,7.487916600576673,COMPLETE,banco_rango,hist_gradient_boosting,,,,44.0,,,0.3203304796698394,0.005864323776353004,470.0,8.0,,,,,
68,0.6241116192914478,,1.2732050074124077,2.193064760665952,7.270365333051922,COMPLETE,banco_rango,hist_gradient_boosting,,,,12.0,,,0.8585230071093912,0.00744898280096025,384.0,11.0,,,,,
69,0.7831943282988256,,1.1449184394654617,1.6655486605060241,6.5690540758546145,COMPLETE,banco_rango,hist_gradient_boosting,,,,6.0,,,0.142383912572658,0.008436210730419629,426.0,10.0,,,,,
70,0.5810847140794473,,1.2847119266462947,2.315181853383454,7.295026911124587,COMPLETE,banco_rango,hist_gradient_boosting,,,,50.0,,,0.147404026727907,0.009817208420638712,357.0,9.0,,,,,
71,0.786195550029104,,1.1367283317033097,1.6539804652453751,6.51254765297565,COMPLETE,banco_rango,hist_gradient_boosting,,,,6.0,,,0.022047833227195807,0.008471457619455754,424.0,13.0,,,,,
72,0.664339920490054,,1.2318695507431419,2.072391739008494,7.0487728824248554,COMPLETE,banco_rango,hist_gradient_boosting,,,,8.0,,,0.023479521968998572,0.00800926416928123,426.0,14.0,,,,,
73,0.7715233005762985,,1.1768228030962544,1.709790753239349,6.751393221878235,COMPLETE,banco_rango,hist_gradient_boosting,,,,6.0,,,0.3777050954225648,0.008795575624754342,327.0,11.0,,,,,
74,0.6548700476831433,,1.233336210416328,2.101422275692054,7.055176407273955,COMPLETE,banco_rango,hist_gradient_boosting,,,,10.0,,,0.1182962239142897,0.011134670726695408,401.0,8.0,,,,,
75,0.7775241653497084,,1.1599804372621076,1.6871878073106477,6.65320637193375,COMPLETE,banco_rango,hist_gradient_boosting,,,,6.0,,,0.19168180934138,0.006952232701425978,419.0,13.0,,,,,
76,0.5895098624555131,,1.367734864756774,2.2917823450342505,7.779263518783496,COMPLETE,banco_rango,hist_gradient_boosting,,,,8.0,,,0.20553431560463334,0.005883048616399495,312.0,13.0,,,,,
77,0.6720563640002205,,1.2197575815613235,2.0484322735078617,6.996917458097708,COMPLETE,banco_rango,hist_gradient_boosting,,,,11.0,,,0.07909993842134015,0.009686746937090799,420.0,16.0,,,,,
78,0.7833066983562124,,1.1435955778780436,1.6651169788662368,6.562075338478931,COMPLETE,banco_rango,hist_gradient_boosting,,,,6.0,,,0.028152794599237686,0.008219663848717257,447.0,10.0,,,,,
79,0.6753562555121977,,1.2314416631517937,2.0381001706110453,7.0522784774647445,COMPLETE,banco_rango,hist_gradient_boosting,,,,9.0,,,0.13490040202329442,0.012166069633134219,451.0,10.0,,,,,
0,0.6900208355740101,,1.2931870026825554,1.9915364409656047,7.268814774124939,COMPLETE,banco_rango,xgboost,,10.0,,,,431.0,,0.08762050559064072,,,0.6202083881990965,3.96389588638785,3.3323645788192616e-08,0.6245760287469893,0.8193963178886665
1,0.7664521522181339,,1.2311877462737117,1.7286614240846692,6.914160623458522,COMPLETE,banco_rango,xgboost,,8.0,,,,601.0,,0.005419290634672375,,,0.9245991883601898,5.034443102887247,4.329370014459266e-07,4.4734294104626844e-07,0.9864594334728974
2,0.7496713777160753,,1.2712407391314042,1.7896877293977504,7.128277863502149,COMPLETE,banco_rango,xgboost,,6.0,,,,378.0,,0.027091411597666194,,,0.8253338026250707,3.6503833523887947,4.258943089524393e-06,1.9826980964985924e-05,0.6810531130891189
3,0.7400695770432455,,1.271968069422044,1.8236880931591135,7.101993621999242,COMPLETE,banco_rango,xgboost,,9.0,,,,492.0,,0.010919676461591487,,,0.8165865559879191,1.8825578416799567,0.0029369981104377003,3.425445902633376e-07,0.7814054972861253
4,0.6970153253646609,,1.352006358758958,1.9689393418614585,7.535967437238446,COMPLETE,banco_rango,xgboost,,10.0,,,,198.0,,0.21854952340652511,,,0.6870761961280168,2.8557701661212933,0.014391207615728067,9.148975058772307e-05,0.9137788066524075
5,0.45042721967811383,,1.5877293382240194,2.6517624291598976,8.824512001109182,COMPLETE,banco_rango,xgboost,,6.0,,,,241.0,,0.005719987374645638,,,0.6664509917200077,13.587923402725657,6.388511557344611e-06,0.0004793052550782129,0.959194180935452
6,0.5170953023269897,,1.4606716171625356,2.4857229438459583,8.209498054429142,COMPLETE,banco_rango,xgboost,,3.0,,,,560.0,,0.22195513835256983,,,0.9727745237038852,18.001719658125328,0.002404915432737351,1.9809253750493907,0.8988097705125015
7,0.38720059424988484,,1.7515916695820233,2.8001492076991066,9.626355013713164,COMPLETE,banco_rango,xgboost,,3.0,,,,216.0,,0.0059677388712406935,,,0.724904780360267,6.155631603704022,0.28749982347407854,1.6247252885719427e-05,0.696398648843469
8,0.5823554111116473,,1.3006560771095923,2.3116678624721927,7.363543232774028,COMPLETE,banco_rango,xgboost,,6.0,,,,360.0,,0.008677528234927538,,,0.5835477896558969,19.75085179540983,0.08916674715636537,6.143857495033091e-07,0.9109886413393178
9,0.7250049222707775,,1.3125240283493325,1.875791078630332,7.297506512177734,COMPLETE,banco_rango,xgboost,,9.0,,,,154.0,,0.07941443105985017,,,0.8970716560086756,2.4068483829477167,1.683416412018213e-05,1.1036250149900698e-07,0.8780532256184443
10,0.6058950387312467,,1.3695912483055397,2.2455770283052914,7.6866684438956225,COMPLETE,banco_rango,xgboost,,8.0,,,,818.0,,0.02115578422848772,,,0.9921986827862128,9.027330223985253,1.3815073407783126e-08,1.2905294800667507e-08,0.5580828440266691
11,0.6463621800673177,,1.3208690180903246,2.12716587969589,7.443733656043137,COMPLETE,banco_rango,xgboost,,7.0,,,,709.0,,0.02792452971445743,,,0.8187464410738592,7.592836547368121,2.2932025145672405e-06,0.0037653511867646863,0.6723794008211685
12,0.6344222623502929,,1.260412238926701,2.162777666810231,7.177084516143056,COMPLETE,banco_rango,xgboost,,4.0,,,,605.0,,0.016046841812323492,,,0.8978095540110853,11.027798967570606,1.716384252760554e-07,4.1269613143055075e-06,0.646467236019465
13,0.7397081291745593,,1.2785208006333242,1.8249556230879092,7.2287228138337865,COMPLETE,banco_rango,xgboost,,5.0,,,,676.0,,0.059460066537404856,,,0.8937631502027654,5.3041148175199435,9.868745464853728,0.001967495542127934,0.9982074392863458
14,0.608937308178337,,1.374803577136561,2.236892938635003,7.694881019325184,COMPLETE,banco_rango,xgboost,,7.0,,,,358.0,,0.04228970988024083,,,0.7843229415996872,10.123911012103425,0.0001164501309319152,0.04394253214905615,0.7346739431018943
15,0.6063941215730491,,1.3169088113635536,2.244154711772545,7.443438309662039,COMPLETE,banco_rango,xgboost,,5.0,,,,873.0,,0.013510364711824062,,,0.8672171871706797,13.271262457669696,5.482417813288493e-07,5.734559539253914e-06,0.6217109345017798
16,0.7291203186700365,,1.3377804223592042,1.861702237877646,7.433965960998508,COMPLETE,banco_rango,xgboost,,8.0,,,,343.0,,0.12618264459745376,,,0.9394514133363135,5.594415362026348,7.140200955923024e-05,1.2083386040972987e-08,0.8190851832912034
17,0.6803029193192325,,1.2547778953205035,2.022513090110818,7.176323693778161,COMPLETE,banco_rango,xgboost,,2.0,,,,457.0,,0.03290710899225556,,,0.7392457724720657,7.489451803774354,2.329730198130516e-07,0.00011757357692497144,0.566162224238176
18,0.7582696726798951,,1.2387119449462018,1.75868304192569,6.971444472341015,COMPLETE,banco_rango,xgboost,,7.0,,,,692.0,,0.008129515263428441,,,0.8429539746649828,4.117055183567369,1.8213424611458966e-06,1.1335223114407644e-06,0.7410327074109437
19,0.6332903963193723,,1.318720514864997,2.1661231696326175,7.432800414373355,COMPLETE,banco_rango,xgboost,,8.0,,,,698.0,,0.008106311726014434,,,0.9474502694926425,12.238835748918785,7.538971300051602e-07,9.412898527398899e-07,0.7447355250312212
20,0.6564955013280434,,1.2731982084015987,2.0964679160840065,7.203931975289517,COMPLETE,banco_rango,xgboost,,7.0,,,,757.0,,0.005191056031463581,,,0.8542494889511791,7.905022228614193,7.653859832734514e-08,4.748960520323541e-08,0.8530060170944956
21,0.7427663752290978,,1.2812835966735665,1.8142029744928991,7.161598954940917,COMPLETE,banco_rango,xgboost,,6.0,,,,599.0,,0.018500290396087516,,,0.8132684844788836,1.0679420969652451,1.3568870723776634e-05,2.06017297872733e-05,0.7107521453246902
22,0.7656068250435388,,1.1890806408703358,1.731787046088835,6.759776209923356,COMPLETE,banco_rango,xgboost,,5.0,,,,540.0,,0.009246283796566482,,,0.7608810578869978,4.058375011501633,2.07302098109393e-06,1.7488571950931964e-06,0.7849719873379233
23,0.7688311796200957,,1.178907045691557,1.7198344114094335,6.709329169755677,COMPLETE,banco_rango,xgboost,,5.0,,,,625.0,,0.008434356097083632,,,0.754074824007055,4.438305945130048,0.00036156206351794346,1.1799602360593405e-06,0.7938753110644886
24,0.7196259152435172,,1.1961479047162933,1.894047822878358,6.8694218175785515,COMPLETE,banco_rango,xgboost,,4.0,,,,539.0,,0.012821099490217237,,,0.7501477449534667,6.349510101623944,0.0006992618937163597,1.2533717428300641e-07,0.7899325522126976
25,0.7383807204979178,,1.2377115167319277,1.8296030623602755,7.009429962081383,COMPLETE,banco_rango,xgboost,,5.0,,,,620.0,,0.009816169734068536,,,0.776391004690734,4.745038792960592,5.499506053057245e-05,1.662708484280843e-06,0.997006694682417
26,0.6324780364627962,,1.2345156500071297,2.1685211134441933,7.04052278682461,COMPLETE,banco_rango,xgboost,,4.0,,,,772.0,,0.006886914870786133,,,0.6946897827608345,15.421035153741844,0.00036701433633500274,9.401672985673598e-08,0.8390204304967394
27,0.6606166381265672,,1.2557120518503069,2.0838539598496637,7.136914224866067,COMPLETE,banco_rango,xgboost,,5.0,,,,641.0,,0.010784606052804452,,,0.6360009751394979,8.645601224568134,0.001366206736610223,5.5405121166897695e-06,0.9521679712024017
28,0.7843327293571283,,1.1348963314835818,1.661170182177428,6.53212869353076,COMPLETE,banco_rango,xgboost,,3.0,,,,510.0,,0.006994512223143806,,,0.7212107604241201,2.864325827300735,0.014825844270794355,7.87701300552545e-05,0.6081891451687973
29,0.6863387557319957,,1.3062549236712624,2.003329730969078,7.4974759588365485,COMPLETE,banco_rango,xgboost,,2.0,,,,418.0,,0.006647385549726907,,,0.5735783737224762,1.0094899735617027,0.012528080717842111,0.009327579955292353,0.6366130037432643
30,0.7304150323559241,,1.2209665976868485,1.8572477537884309,7.049050007808924,COMPLETE,banco_rango,xgboost,,3.0,,,,487.0,,0.005259158812926636,,,0.6298651454940355,3.1366989031269137,0.30613466108256476,0.11428807823307979,0.603099944480212
31,0.7836752457051759,,1.1416559208008816,1.663700378544831,6.531637640514179,COMPLETE,banco_rango,xgboost,,4.0,,,,567.0,,0.007166627922013599,,,0.7113121029918705,4.330775997904691,0.015526277592600982,0.00013822691498838768,0.8094908632997493
32,0.7096029312275108,,1.1898634928313296,1.9276053368828372,6.840751309018008,COMPLETE,banco_rango,xgboost,,4.0,,,,582.0,,0.006931951133515149,,,0.7123516692899303,6.197547756542026,0.018608611861687243,0.0004176474508709396,0.8138333068744474
33,0.7613019985745026,,1.1827058968044302,1.7476175495983004,6.769716955768542,COMPLETE,banco_rango,xgboost,,3.0,,,,501.0,,0.01355563446946702,,,0.6655099864813476,3.7178436187386588,2.8699072688944343,6.957400219493305e-05,0.8730442890045425
34,0.7483858835095989,,1.2490407023435885,1.7942770711552403,6.994255641908248,COMPLETE,banco_rango,xgboost,,9.0,,,,660.0,,0.007223637097769638,,,0.7888650498571053,2.1644154155109314,0.005887741171216341,3.20406301878109e-05,0.7605051472914227
35,0.7173326022183273,,1.2478534841205355,1.9017782065614075,7.129576513817029,COMPLETE,banco_rango,xgboost,,10.0,,,,461.0,,0.005114599046433656,,,0.6623252303923103,4.495734035084264,0.03512946074390924,0.00021512015588779043,0.9458328049408267
36,0.7201776428195159,,1.2377613957712303,1.8921833263514933,7.144206235229301,COMPLETE,banco_rango,xgboost,,2.0,,,,288.0,,0.011917199894894974,,,0.7064393307260053,3.215233453909976,0.08519542900593349,2.6295918783295657e-07,0.8006592491632565
37,0.7167942967959422,,1.215536183297303,1.9035881970248834,6.955718142748888,COMPLETE,banco_rango,xgboost,,4.0,,,,420.0,,0.016650655649821388,,,0.7357063549804284,6.941700719306143,0.004476570119707635,0.0015299391949267385,0.8481786048061205
38,0.7495144656255587,,1.2403712326708132,1.7902485515031863,7.0694992150068385,COMPLETE,banco_rango,xgboost,,3.0,,,,567.0,,0.023136320231872523,,,0.5967992238464717,1.9456967843712802,0.00014597703155117225,8.602207545044156e-06,0.6743772866899155
39,0.7013610077410124,,1.3209185593897388,1.9547681830471146,7.396858896795427,COMPLETE,banco_rango,xgboost,,6.0,,,,511.0,,0.1616991126858668,,,0.6765480416692093,5.203277406310149,0.5507733521601703,0.0008279932162234472,0.7160781358366297
40,0.7545690808172774,,1.2362000166257152,1.7720935417130248,6.946975119361309,COMPLETE,banco_rango,xgboost,,9.0,,,,751.0,,0.006185595868584885,,,0.7965932076154348,3.067906366782106,0.0008650899413022306,6.112007631403553e-05,0.7639451530459949
41,0.7650356515513959,,1.1915649048366508,1.7338957870811902,6.769738705614421,COMPLETE,banco_rango,xgboost,,5.0,,,,553.0,,0.009569127154780258,,,0.7592361918028413,4.254908934458796,2.492719134608171e-08,2.3884802009051676e-06,0.7759754779352865
42,0.7686892000802223,,1.1580786692828133,1.720362475307948,6.62232162974265,COMPLETE,banco_rango,xgboost,,4.0,,,,530.0,,0.008720475733593865,,,0.764072132123218,3.8839871644560566,6.223389167574501e-06,4.0060736122015683e-07,0.891379499273264
43,0.7645148672912677,,1.1659996186857033,1.735816261061718,6.650106662474012,COMPLETE,banco_rango,xgboost,,4.0,,,,621.0,,0.007940908802194694,,,0.7205265295528926,2.5859872288121535,2.2038789911767904e-05,3.806426801852163e-07,0.9224276141410448
44,0.7452545357129707,,1.203161932296692,1.8054074738019148,6.936785829471824,COMPLETE,banco_rango,xgboost,,3.0,,,,474.0,,0.0058024906131544755,,,0.5506525053067391,5.727574352053527,5.611485338332414e-06,3.2258939591084044e-08,0.8896543263084159
45,0.7082647430545737,,1.208131387625483,1.932041562486197,6.932386074823538,COMPLETE,banco_rango,xgboost,,4.0,,,,522.0,,0.010416973292819515,,,0.6946585763093581,6.794889458856827,0.00026889401107238134,5.5565789379059005,0.9793999098538362
46,0.7725490096225844,,1.1576990456865273,1.7059485221290638,6.673302889018121,COMPLETE,banco_rango,xgboost,,3.0,,,,394.0,,0.008020942006286322,,,0.8017016423713897,1.6657391284738725,0.048762548207492894,4.1477935463029797e-07,0.863744290299951
47,0.7726905412859283,,1.1539000210466157,1.7054176752350083,6.653966906760058,COMPLETE,banco_rango,xgboost,,3.0,,,,391.0,,0.008228959837003794,,,0.8014519753344171,1.4936854727904578,0.0786160695720731,1.4075160620015347e-05,0.8666012710805189
48,0.7652252954438796,,1.204319791774481,1.7331959168139521,6.812529795965388,COMPLETE,banco_rango,xgboost,,2.0,,,,298.0,,0.0518964217252319,,,0.8044489350084008,1.4944155972742688,0.0949482981523038,1.256692329811103e-05,0.8384771075418879
49,0.7891471345482082,,1.142719464381891,1.6425241343348729,6.475309326977288,COMPLETE,banco_rango,xgboost,,3.0,,,,394.0,,0.0153336727555049,,,0.8476953639138558,1.7688458905725426,0.9516005347430027,3.5638788402644866e-05,0.8639949859275434
50,0.7911877089694741,,1.1387559778912801,1.6345568691296495,6.459860063407409,COMPLETE,banco_rango,xgboost,,3.0,,,,373.0,,0.015583917312294535,,,0.8281695625445435,2.0188731140184575,1.1280778834593201,0.00018902290624894772,0.8678907848473673
51,0.7818459022716431,,1.1791269283701253,1.6707200840882634,6.667606639173557,COMPLETE,banco_rango,xgboost,,3.0,,,,385.0,,0.02120663458850279,,,0.8340247521417951,1.912236606863578,2.5391738910828994,0.0002214826358980394,0.8705554902364094
52,0.7850538641090453,,1.1658138155554363,1.6583905981214608,6.575044768645669,COMPLETE,banco_rango,xgboost,,3.0,,,,331.0,,0.025374177213174226,,,0.8562291882741269,2.421848213840144,1.4559697650050596,0.00014413246746682523,0.8307250656821328
53,0.7790443147739989,,1.1538880807923522,1.6814137559152602,6.583415688799913,COMPLETE,banco_rango,xgboost,,2.0,,,,282.0,,0.027086787540866727,,,0.8281492754802645,2.5312565869413213,1.4926387331850925,0.00017545677273174507,0.9270627233066697
54,0.7742262465868663,,1.1694722649198641,1.6996470013800054,6.673698978970649,COMPLETE,banco_rango,xgboost,,3.0,,,,326.0,,0.020433331983131683,,,0.872368883961994,3.183471593239852,8.159707824493406,3.957281289986257e-05,0.8191834386845621
55,0.7871417206914884,,1.158947411453143,1.650316642965121,6.570725250766751,COMPLETE,banco_rango,xgboost,,2.0,,,,228.0,,0.03670245971822127,,,0.8346931450214399,2.441162106421946,1.4654906185977008,0.00652622033742083,0.8285366363993573
56,0.7952488626685918,,1.1404864901119984,1.6185837178113534,6.447374879727094,COMPLETE,banco_rango,xgboost,,2.0,,,,230.0,,0.03525083268105065,,,0.9157342997966164,2.6045490736065045,0.45534949551584547,0.008078197982938304,0.8266211049739374
57,0.7924027523292339,,1.139670768711487,1.6297943261069818,6.450144788216544,COMPLETE,banco_rango,xgboost,,2.0,,,,177.0,,0.04514573467645238,,,0.8878702294302727,2.5755336205574055,0.907905201525917,0.0092724016461514,0.8393346717356022
58,0.6270376033953837,,1.2438170069518044,2.1845124758291017,7.078881686744469,COMPLETE,banco_rango,xgboost,,2.0,,,,169.0,,0.03856467449915198,,,0.9134955785928428,16.950043946576745,0.6998630528679715,0.010432943787516878,0.8350615125494667
59,0.7664084612153514,,1.224821072643489,1.728823111335982,6.861561723263191,COMPLETE,banco_rango,xgboost,,2.0,,,,247.0,,0.06672952407268967,,,0.8781348144795404,2.2319255127057613,0.21220993339627142,0.08914551500621103,0.9077170381982895
60,0.7821676642448883,,1.1582182061091222,1.6694875320437297,6.591469221450214,COMPLETE,banco_rango,xgboost,,2.0,,,,221.0,,0.03116667789159789,,,0.8527663579223178,1.225529314342111,4.097212360905998,0.006839241026892111,0.8314145423900963
61,0.795917913858554,,1.143671711357273,1.615937086718437,6.448047680888356,COMPLETE,banco_rango,xgboost,,2.0,,,,190.0,,0.04351326757912703,,,0.9126615888978467,2.610443717116281,1.4734112294984698,0.03768413113294071,0.8512995705239569
62,0.7864945277654013,,1.1679514842327348,1.6528236223193156,6.615238160178995,COMPLETE,banco_rango,xgboost,,2.0,,,,176.0,,0.04776596082057051,,,0.923218616437835,3.600829128315549,1.2331018424380988,0.04254174824175914,0.8552052356455787
63,0.7872149913767266,,1.1616366388026502,1.6500325801621214,6.591666769550705,COMPLETE,banco_rango,xgboost,,2.0,,,,189.0,,0.04782039667405634,,,0.9618981729009365,3.6544638457901897,0.8464732951482912,0.028636148665803836,0.8575663086367113
64,0.7590887329243637,,1.2427549995464384,1.755701021337426,6.947634915479113,COMPLETE,banco_rango,xgboost,,2.0,,,,202.0,,0.09628742770127566,,,0.9689761953772279,4.93345769579507,0.20796395495981373,0.022474191257161196,0.8826278757218227
65,0.7860940169704723,,1.1574052150319931,1.6543731459470774,6.573061144640224,COMPLETE,banco_rango,xgboost,,2.0,,,,255.0,,0.03722949563512197,,,0.9510194598988186,3.411531993036271,0.5508731700187561,0.3642076446493322,0.8526175495556186
66,0.6724349668069964,,1.2551310408094438,2.0472494998717092,7.134328081575977,COMPLETE,banco_rango,xgboost,,2.0,,,,157.0,,0.06572495014579181,,,0.9961521562206688,10.398458681664572,6.51748454872493,0.0032761741736581683,0.9092014959314014
67,0.7878425369314402,,1.1608887680170108,1.6475976454882113,6.5791797157848135,COMPLETE,banco_rango,xgboost,,2.0,,,,221.0,,0.047093987837211713,,,0.9059023648936756,1.8630193824174222,0.9051848617736246,0.37592271861270826,0.8227012755030042
68,0.7758547564955993,,1.1695896849010603,1.693506116453097,6.660580023730944,COMPLETE,banco_rango,xgboost,,2.0,,,,196.0,,0.04323009444211919,,,0.8909948388519193,1.7854142382663423,0.34270065358321816,1.0748194128874642,0.8973283905808517
69,0.6644326501615638,,1.2828905796651113,2.072105459091447,7.314216405965716,COMPLETE,banco_rango,xgboost,,2.0,,,,265.0,,0.08176182768395722,,,0.9095319275143315,11.765497980531608,3.7436988060002,0.3502282244579131,0.7955255186112399
70,0.6051122813306948,,1.2947577311088854,2.2478059651170725,7.3589710510514506,COMPLETE,banco_rango,xgboost,,3.0,,,,189.0,,0.053425663163807646,,,0.9398013512232388,19.753932073005004,0.9848889360212809,0.1271410483349044,0.8032148519022304
71,0.7975952077131605,,1.1272807657693078,1.6092829177804115,6.384515138992726,COMPLETE,banco_rango,xgboost,,2.0,,,,218.0,,0.03229455886338598,,,0.9657227779229164,2.7701692583220954,0.16043221433674681,0.016529846942893188,0.8245421618378116
72,0.7963042523480861,,1.1297709518343908,1.614406833762612,6.3868925277998505,COMPLETE,banco_rango,xgboost,,2.0,,,,231.0,,0.03105685757808584,,,0.9667137790682367,1.1238820304503006,0.1468406321444297,0.01637767923955861,0.8502740304582619
73,0.7831232300373214,,1.1669056465366359,1.6658217343295594,6.512683637034407,COMPLETE,banco_rango,xgboost,,3.0,,,,305.0,,0.031125201953149207,,,0.9797385811737105,1.052378612484661,0.15247099286725252,0.014556627105986021,0.8787366150333975
74,0.7881977578654218,,1.1666053769052969,1.6462177591742608,6.5849573465263,COMPLETE,banco_rango,xgboost,,2.0,,,,232.0,,0.04213994055271745,,,0.8840337400559212,2.940958423131339,0.5075090860235841,0.001330538101988632,0.8463947456684362
75,0.7842513764797585,,1.1544202083821193,1.6614834615911953,6.616265162222354,COMPLETE,banco_rango,xgboost,,2.0,,,,274.0,,0.01562720523027903,,,0.9344044537655689,2.895008253146436,0.36630286205290163,0.0012397657223224363,0.8425481181035236
76,0.7891951498972393,,1.1573841566352352,1.6423371061439096,6.486074653263568,COMPLETE,banco_rango,xgboost,,3.0,,,,234.0,,0.03252876184036651,,,0.8862823560086569,2.947280044161161,0.13377300374684117,0.003117710650820777,0.8095832334628124
77,0.7968432059335229,,1.1224763310341286,1.6122696594185442,6.347784412232689,COMPLETE,banco_rango,xgboost,,3.0,,,,157.0,,0.029123664717509934,,,0.9850867458023636,1.0022779168595104,0.039816375759847616,0.018812696773228988,0.7811713964905641
78,0.7954426872699532,,1.130837796889097,1.6178174323879093,6.375138870971845,COMPLETE,banco_rango,xgboost,,3.0,,,,157.0,,0.033518708753837105,,,0.9815279332935457,1.2572079420490359,0.0393610450064616,0.003053234140990945,0.76395090247213
79,0.7945935747190542,,1.1297246944259736,1.6211717159899217,6.42722491212416,COMPLETE,banco_rango,xgboost,,3.0,,,,154.0,,0.024626415895982426,,,0.9847187699649401,1.2110640911595834,0.04617797455499912,0.06051307583437054,0.7807176145597057
0,0.8347180456090172,0.041858227295469716,1.2605662343640909,1.4707960562041185,6.930943123117456,COMPLETE,banco,ridge,,,,,,,,,,,,,,,
1,0.7893033146692718,451.85609510240965,1.2138635917145084,1.660613593194173,6.6119087644541,COMPLETE,banco,ridge,,,,,,,,,,,,,,,
2,0.6243363980535388,13.3032451015229,1.9742858383864954,2.2173757624046866,10.117824504751148,COMPLETE,banco,ridge,,,,,,,,,,,,,,,
3,0.6809065196075044,1.55099139875943,1.82215796969677,2.043613214934846,9.41339208043271,COMPLETE,banco,ridge,,,,,,,,,,,,,,,
4,0.8473277634369092,0.0012363188277052211,1.192146681296966,1.4135779782874023,6.6407614248384625,COMPLETE,banco,ridge,,,,,,,,,,,,,,,
5,0.8473279172390645,0.0012358382772306934,1.1921457997111515,1.4135772662673276,6.640757722605385,COMPLETE,banco,ridge,,,,,,,,,,,,,,,
6,0.8476420135744794,0.00025502648504032837,1.190341039064419,1.4121224225614546,6.6331805035128495,COMPLETE,banco,ridge,,,,,,,,,,,,,,,
7,0.6629121416245514,115.67327199145953,1.8287938473222354,2.1004448925600765,9.411283721008806,COMPLETE,banco,ridge,,,,,,,,,,,,,,,
8,0.6789011437090968,1.6136341713591311,1.827779667939635,2.050024806180186,9.437506095924885,COMPLETE,banco,ridge,,,,,,,,,,,,,,,
9,0.6286458691281468,9.047071957568372,1.9640433249004046,2.204620627385749,10.078156931344468,COMPLETE,banco,ridge,,,,,,,,,,,,,,,
10,0.8476791225653737,0.00013922315388625753,1.190127234010757,1.4119504406700505,6.632283103193524,COMPLETE,banco,ridge,,,,,,,,,,,,,,,
11,0.8476907232032467,0.00010302510016845843,1.190060371093228,1.4118966731304086,6.632002471582956,COMPLETE,banco,ridge,,,,,,,,,,,,,,,
12,0.8415942154764635,0.01937259366410113,1.2238397253033002,1.4398765382946697,6.77439472127723,COMPLETE,banco,ridge,,,,,,,,,,,,,,,
13,0.8476888751510389,0.00010879156803766611,1.190071023571767,1.411905238763783,6.632047180950984,COMPLETE,banco,ridge,,,,,,,,,,,,,,,
14,0.8424156234379766,0.016744173937888723,1.2193929805655326,1.4361384699827717,6.755590302796081,COMPLETE,banco,ridge,,,,,,,,,,,,,,,
15,0.8471964639750971,0.001646661799353062,1.1928985228106495,1.4141856923821954,6.643919124258341,COMPLETE,banco,ridge,,,,,,,,,,,,,,,
16,0.8476872878082075,0.00011374457672278171,1.19008017303358,1.411912595980212,6.6320855821345965,COMPLETE,banco,ridge,,,,,,,,,,,,,,,
17,0.8462121238413605,0.0047296267895131534,1.1984874773231053,1.4187333786717191,6.6674130167963614,COMPLETE,banco,ridge,,,,,,,,,,,,,,,
18,0.8032619770344903,0.16081555691101193,1.4087678474700394,1.604663182731689,7.576564093382462,COMPLETE,banco,ridge,,,,,,,,,,,,,,,
19,0.8474813409355823,0.000756607782803965,1.1912653409651628,1.4128668195407175,6.637060674997914,COMPLETE,banco,ridge,,,,,,,,,,,,,,,
20,0.7961546137509177,0.19267834813641999,1.4380335169187863,1.6333910817588329,7.705841884723132,COMPLETE,banco,ridge,,,,,,,,,,,,,,,
21,0.8476897382306963,0.00010609850017121621,1.1900660486760557,1.4119012384374203,6.632026300869544,COMPLETE,banco,ridge,,,,,,,,,,,,,,,
22,0.8476209317458672,0.00032082200749873065,1.1904624479741652,1.4122201171222588,6.633690114866354,COMPLETE,banco,ridge,,,,,,,,,,,,,,,
23,0.8458615225191616,0.005830663596179063,1.2004583370768305,1.4203496524582635,6.675706367455263,COMPLETE,banco,ridge,,,,,,,,,,,,,,,
24,0.847580889958043,0.00044580477530958157,1.190692936610964,1.4124056547572936,6.634657633499602,COMPLETE,banco,ridge,,,,,,,,,,,,,,,
25,0.8462386362062929,0.004646431245232459,1.1983380244950292,1.418611081650399,6.666784303294072,COMPLETE,banco,ridge,,,,,,,,,,,,,,,
26,0.8476892411641126,0.00010764949619296744,1.1900689138362355,1.4119035423148618,6.6320383261990505,COMPLETE,banco,ridge,,,,,,,,,,,,,,,
27,0.8469943454489416,0.00227873184139932,1.194052933301375,1.4151206794819897,6.648768874279789,COMPLETE,banco,ridge,,,,,,,,,,,,,,,
28,0.8475892479198238,0.0004197154831108147,1.190644838325622,1.4123669293169168,6.634455726934219,COMPLETE,banco,ridge,,,,,,,,,,,,,,,
29,0.8318105131257819,0.05166059792654139,1.2754442070984469,1.483676301033808,6.994776969186828,COMPLETE,banco,ridge,,,,,,,,,,,,,,,
30,0.8432225199598877,0.014172765568593104,1.2149782369607527,1.432456942747288,6.736941771868361,COMPLETE,banco,ridge,,,,,,,,,,,,,,,
31,0.8476892699875006,0.00010755955859804772,1.190068747694864,1.411903408720079,6.6320376288888525,COMPLETE,banco,ridge,,,,,,,,,,,,,,,
32,0.8476477905507014,0.00023699766433476715,1.1903077628784298,1.4120956504992195,6.633040830429376,COMPLETE,banco,ridge,,,,,,,,,,,,,,,
33,0.8475256489822746,0.0006182590863826311,1.191010679856297,1.4126615793536466,6.635991521251395,COMPLETE,banco,ridge,,,,,,,,,,,,,,,
34,0.8476862310791236,0.00011704191956021186,1.1900862639064183,1.4119174938199748,6.632111146176286,COMPLETE,banco,ridge,,,,,,,,,,,,,,,
35,0.8468819757015666,0.002630349720433677,1.1946932015366198,1.4156402274958948,6.651459347803448,COMPLETE,banco,ridge,,,,,,,,,,,,,,,
36,0.847466027672721,0.0008044276232039394,1.191353313556114,1.4129377454788559,6.637430031379322,COMPLETE,banco,ridge,,,,,,,,,,,,,,,
37,0.7298363060431028,937.8118632537166,1.2335711721295264,1.8804129343109313,7.000617158098077,COMPLETE,banco,ridge,,,,,,,,,,,,,,,
38,0.8476508665801308,0.00022739812918406004,1.1902900433014645,1.412081395144083,6.632966455007612,COMPLETE,banco,ridge,,,,,,,,,,,,,,,
39,0.8473383083677697,0.0012033721327181506,1.1920862334754783,1.4135291601794782,6.640507575387586,COMPLETE,banco,ridge,,,,,,,,,,,,,,,
40,0.6598011299608552,111.20400203756152,1.8395732726965475,2.110115221366315,9.463637702533996,COMPLETE,banco,ridge,,,,,,,,,,,,,,,
41,0.8476909707122707,0.00010225280193184222,1.1900589443870007,1.4118955259340034,6.63199648358437,COMPLETE,banco,ridge,,,,,,,,,,,,,,,
42,0.8476505168885803,0.00022848942553508014,1.1902920577547988,1.4120830157396127,6.632974910372476,COMPLETE,banco,ridge,,,,,,,,,,,,,,,
43,0.8475871024456598,0.0004264124823894808,1.1906571856666603,1.4123768701709956,6.634507558237458,COMPLETE,banco,ridge,,,,,,,,,,,,,,,
44,0.8476640414429425,0.00018628382570975885,1.190214139441088,1.412020336769582,6.632647863429568,COMPLETE,banco,ridge,,,,,,,,,,,,,,,
45,0.649903976672664,3.256235426070567,1.9092969803567423,2.140589179451509,9.82383274027282,COMPLETE,banco,ridge,,,,,,,,,,,,,,,
46,0.8476905428688639,0.00010358779490707698,1.1900614105839242,1.4118975089739136,6.632006834408949,COMPLETE,banco,ridge,,,,,,,,,,,,,,,
47,0.8474320719526469,0.0009104733154925258,1.1915483102196724,1.4130950043768724,6.6382487647317685,COMPLETE,banco,ridge,,,,,,,,,,,,,,,
48,0.8475904671710512,0.00041590966979818974,1.1906378212735529,1.412361279999094,6.63442627103986,COMPLETE,banco,ridge,,,,,,,,,,,,,,,
49,0.8476912015566598,0.00010153250275130425,1.1900576137350944,1.4118944559768078,6.631990898735498,COMPLETE,banco,ridge,,,,,,,,,,,,,,,
50,0.8471499879888841,0.0017919594853257048,1.1931642888390905,1.4144007419795748,6.645035486583762,COMPLETE,banco,ridge,,,,,,,,,,,,,,,
51,0.847688835360113,0.00010891572788911805,1.1900712529298794,1.411905423192245,6.632048143588114,COMPLETE,banco,ridge,,,,,,,,,,,,,,,
52,0.8476209038536293,0.00032090906137060806,1.1904626085774386,1.4122202463722209,6.633690789006626,COMPLETE,banco,ridge,,,,,,,,,,,,,,,
53,0.8476579655488055,0.00020524439655456101,1.1902491462033007,1.4120484955858676,6.632794796615883,COMPLETE,banco,ridge,,,,,,,,,,,,,,,
54,0.8476640923035439,0.00018612511079312184,1.1902138463895966,1.4120201010530442,6.632646633416411,COMPLETE,banco,ridge,,,,,,,,,,,,,,,
55,0.8475070147201755,0.0006764404713351573,1.191117801821806,1.4127478991239004,6.6364412463846305,COMPLETE,banco,ridge,,,,,,,,,,,,,,,
56,0.8476886882933938,0.00010937462116466807,1.1900721006330643,1.4119061048371153,6.632051701477224,COMPLETE,banco,ridge,,,,,,,,,,,,,,,
57,0.8472902666302584,0.001353484818149961,1.1923615487476589,1.4137515573453907,6.641663790977546,COMPLETE,banco,ridge,,,,,,,,,,,,,,,
58,0.8466397024516514,0.0033889749177932835,1.1960699370979648,1.4167597436318713,6.6572461416977,COMPLETE,banco,ridge,,,,,,,,,,,,,,,
59,0.8452671988713776,0.0077008005593237165,1.2037761637563738,1.4230852939873773,6.689677772215378,COMPLETE,banco,ridge,,,,,,,,,,,,,,,
60,0.8289884765650734,0.06136433864856928,1.2899492154613343,1.4960717586321892,7.057332012029816,COMPLETE,banco,ridge,,,,,,,,,,,,,,,
61,0.8476726439726736,0.00015943929807296815,1.1901645695993825,1.4119804672649203,6.6324398073717035,COMPLETE,banco,ridge,,,,,,,,,,,,,,,
62,0.8476910313304502,0.00010206365621283388,1.1900585949672509,1.411895244970539,6.631995017042483,COMPLETE,banco,ridge,,,,,,,,,,,,,,,
63,0.8476143409273055,0.00034139272342749715,1.1905003959168938,1.4122506580161756,6.633849404095879,COMPLETE,banco,ridge,,,,,,,,,,,,,,,
64,0.8476913751342448,0.00010099089247063978,1.1900566131819754,1.4118936514490912,6.63198669933817,COMPLETE,banco,ridge,,,,,,,,,,,,,,,
65,0.8475502872368414,0.0005413376967591138,1.1908689955113296,1.412547439101395,6.63539671508358,COMPLETE,banco,ridge,,,,,,,,,,,,,,,
66,0.8476279024483375,0.0002990661695267533,1.190422308545036,1.4121878151829017,6.633521628546801,COMPLETE,banco,ridge,,,,,,,,,,,,,,,
67,0.6333369272802116,71.20487091203817,1.9280064389905942,2.190651653473454,9.888342563492737,COMPLETE,banco,ridge,,,,,,,,,,,,,,,
68,0.847669646685741,0.0001687923525931138,1.1901818414397025,1.4119943586955073,6.6325123009425875,COMPLETE,banco,ridge,,,,,,,,,,,,,,,
69,0.7585695060083425,0.4094496184913213,1.5785362833378507,1.7776071907320776,8.331200952121238,COMPLETE,banco,ridge,,,,,,,,,,,,,,,
70,0.8476915848160544,0.00010033662735438156,1.1900554045097183,1.4118926795785942,6.63198162645045,COMPLETE,banco,ridge,,,,,,,,,,,,,,,
71,0.8476900109020619,0.00010524768533907308,1.1900644769513724,1.4118999746184016,6.632019704206724,COMPLETE,banco,ridge,,,,,,,,,,,,,,,
72,0.8476700888408458,0.0001674125981635902,1.190179293575363,1.4119923094618738,6.632501606994536,COMPLETE,banco,ridge,,,,,,,,,,,,,,,
73,0.8476323386435475,0.00028522091783932514,1.1903967613163773,1.4121672576578663,6.633414394357306,COMPLETE,banco,ridge,,,,,,,,,,,,,,,
74,0.8476911468286202,0.00010170326953518024,1.1900579292033175,1.4118947096397922,6.6319922227798385,COMPLETE,banco,ridge,,,,,,,,,,,,,,,
75,0.8474353892929272,0.0009001124788082918,1.1915292643223319,1.4130796415725146,6.638168794683573,COMPLETE,banco,ridge,,,,,,,,,,,,,,,
76,0.8475555681807038,0.0005248513361612383,1.1908386199582301,1.4125229731703162,6.635269198286645,COMPLETE,banco,ridge,,,,,,,,,,,,,,,
77,0.8476746335305824,0.00015323092527394977,1.1901531043439546,1.4119712462485783,6.632391685459783,COMPLETE,banco,ridge,,,,,,,,,,,,,,,
78,0.8476358756788595,0.00027418208210854575,1.1903763909210157,1.412150866665184,6.633328890411053,COMPLETE,banco,ridge,,,,,,,,,,,,,,,
79,0.8475538455152827,0.0005302292190094301,1.1908485288608799,1.4125309541033653,6.635310795814934,COMPLETE,banco,ridge,,,,,,,,,,,,,,,
0,0.5823272453796908,0.0074593432857265485,2.083875226485919,2.338071618936926,10.720775795918838,COMPLETE,banco,elasticnet,0.9056428757689245,,,,,,,,,,,,,,
1,0.7906225109750615,0.4570563099801455,1.2867193320885166,1.65540678344102,6.937916239836794,COMPLETE,banco,elasticnet,0.588792635777333,,,,,,,,,,,,,,
2,0.7974628101311121,0.0006026889128682511,1.4336979507567602,1.6281414274588992,7.685606781318651,COMPLETE,banco,elasticnet,0.19039506830258235,,,,,,,,,,,,,,
3,0.8375263484146473,0.00019517224641449495,1.2467553499907564,1.4582473892195105,6.875574723051837,COMPLETE,banco,elasticnet,0.8295585311974416,,,,,,,,,,,,,,
4,0.7081694202153916,0.10129197956845731,1.6907466889874165,1.9543625675468734,8.701296549076302,COMPLETE,banco,elasticnet,0.6872653200164409,,,,,,,,,,,,,,
5,0.8420314517468184,0.00012674255898937226,1.2219490167812976,1.437887970495007,6.769192901372683,COMPLETE,banco,elasticnet,0.9229188669457948,,,,,,,,,,,,,,
6,0.7368536592163359,1.452824663751602,1.2786418006458398,1.8558309127389068,7.199179576844501,COMPLETE,banco,elasticnet,0.24110519961044852,,,,,,,,,,,,,,
7,0.7842003869263493,0.0008111941985431928,1.4869193218130192,1.68060274179708,7.921031512259802,COMPLETE,banco,elasticnet,0.21506405886809044,,,,,,,,,,,,,,
8,0.6959324689939805,0.0033205591037519565,1.7810217551778917,1.9949166761596955,9.227771956109377,COMPLETE,banco,elasticnet,0.522280788469014,,,,,,,,,,,,,,
9,0.6145385453146606,0.01444525102276306,2.000312947456638,2.246105829059932,10.274523709361596,COMPLETE,banco,elasticnet,0.3121062261782377,,,,,,,,,,,,,,
10,-1.6042489474108694,5.3171966339820935,4.582357853805644,5.838227113951753,21.050483647802768,COMPLETE,banco,elasticnet,0.7425875019070267,,,,,,,,,,,,,,
11,0.8427396016749955,0.00010907785690006128,1.2179473146577835,1.4346614295319366,6.751822911391167,COMPLETE,banco,elasticnet,0.90870963917974,,,,,,,,,,,,,,
12,0.8419470575191554,0.00011819129956743128,1.2223661083538282,1.4382720128969926,6.770602933184219,COMPLETE,banco,elasticnet,0.866898315754266,,,,,,,,,,,,,,
13,0.7903915576197682,0.0012444106742791423,1.4705500269562786,1.656319528123166,7.830654452652638,COMPLETE,banco,elasticnet,0.9379545190369877,,,,,,,,,,,,,,
14,0.602137461442184,0.05467530386354753,2.016435833131605,2.2819507210874117,10.321397579798314,COMPLETE,banco,elasticnet,0.3916438190782011,,,,,,,,,,,,,,
15,0.841254124892332,0.00011023138050261352,1.226089758687175,1.4414213868653163,6.785823773680743,COMPLETE,banco,elasticnet,0.7243894051648361,,,,,,,,,,,,,,
16,0.7166617227722991,0.002687023979812983,1.7187575867680875,1.9257165435278296,8.944442028801168,COMPLETE,banco,elasticnet,0.6185693650741831,,,,,,,,,,,,,,
17,0.8192784064452527,0.0005102893914332473,1.340384649472732,1.537959009638142,7.284192554682063,COMPLETE,banco,elasticnet,0.8119932222496938,,,,,,,,,,,,,,
18,0.8110277966403047,0.0003972005324312402,1.3756183573104046,1.5726739760462252,7.431544404873399,COMPLETE,banco,elasticnet,0.10526276765509501,,,,,,,,,,,,,,
19,0.7046823073382614,0.1926554204946597,1.6835034173545596,1.9660043308703465,8.690538538811117,COMPLETE,banco,elasticnet,0.4061877553490475,,,,,,,,,,,,,,
20,0.5992386431426017,0.021914084364963626,2.0302785650321193,2.2902487567761196,10.38732073724089,COMPLETE,banco,elasticnet,0.9493571464960872,,,,,,,,,,,,,,
21,0.8416676996804686,0.0001187666831392573,1.223900468043407,1.4395425212778306,6.777026139645094,COMPLETE,banco,elasticnet,0.8370656473712078,,,,,,,,,,,,,,
22,0.8361092388030482,0.0002291027226303687,1.2544667033178922,1.464593063962962,6.909250646182749,COMPLETE,banco,elasticnet,0.8571650755630527,,,,,,,,,,,,,,
23,0.7421411744541977,0.002106372683589137,1.64024064436276,1.8370912855079384,8.585091215181318,COMPLETE,banco,elasticnet,0.7670942840206572,,,,,,,,,,,,,,
24,0.8283645517415756,0.0003003123767700408,1.2945429316623351,1.4987984358842483,7.081055874590575,COMPLETE,banco,elasticnet,0.6505210494307716,,,,,,,,,,,,,,
25,0.8429962442256387,0.00010177781463634308,1.216522811158284,1.4334902970819348,6.745629472325546,COMPLETE,banco,elasticnet,0.8971337897141568,,,,,,,,,,,,,,
26,0.6252663983491659,0.005659688521455647,1.9766503685943169,2.2146293717944876,10.152758730840869,COMPLETE,banco,elasticnet,0.8010079076955726,,,,,,,,,,,,,,
27,0.7800397610466627,0.0014789817600078295,1.5111571748020438,1.6967264432061004,8.008640409252177,COMPLETE,banco,elasticnet,0.9482207432420322,,,,,,,,,,,,,,
28,0.8249152748034059,0.0003172383537592237,1.3116705358019494,1.5137838455860522,7.15452670456545,COMPLETE,banco,elasticnet,0.5259175431872869,,,,,,,,,,,,,,
29,0.5822483469809803,0.007699505883514393,2.083867141990021,2.3382924394165774,10.722005365662502,COMPLETE,banco,elasticnet,0.8858771736495644,,,,,,,,,,,,,,
30,0.8043822514717949,0.0009157973720277725,1.4106817647503935,1.6000879879816827,7.573349304391695,COMPLETE,banco,elasticnet,0.8900948827390351,,,,,,,,,,,,,,
31,0.8418040056620334,0.0001225980320692657,1.2231784870871636,1.4389227472187114,6.774160682936023,COMPLETE,banco,elasticnet,0.8759352446594365,,,,,,,,,,,,,,
32,0.836531885891313,0.0001997746308284473,1.252016942066698,1.4627033735883852,6.897813279760319,COMPLETE,banco,elasticnet,0.7737991426202235,,,,,,,,,,,,,,
33,0.8411082827295283,0.00010902633092433566,1.226871767269343,1.4420833623388332,6.789036506684434,COMPLETE,banco,elasticnet,0.6953719444579624,,,,,,,,,,,,,,
34,0.8180025552818078,0.0005990819999780506,1.347424574822235,1.5433782729001797,7.312588851240749,COMPLETE,banco,elasticnet,0.9051567479257362,,,,,,,,,,,,,,
35,0.8363558580804955,0.0002181894476997993,1.2530932151379097,1.463490705101492,6.90305475381319,COMPLETE,banco,elasticnet,0.8347922575016717,,,,,,,,,,,,,,
36,0.8135915475494532,0.0005104123901692682,1.3661908649366108,1.5619694571198721,7.390832835815993,COMPLETE,banco,elasticnet,0.5895516544312275,,,,,,,,,,,,,,
37,0.8008353238904663,0.5340746393333291,1.2078853690384799,1.614529163210726,6.678228159365639,COMPLETE,banco,elasticnet,0.792038753091539,,,,,,,,,,,,,,
38,0.8431262383101954,0.00010035003339608937,1.2158099889164375,1.4328967321511952,6.74261104018361,COMPLETE,banco,elasticnet,0.9053533490900944,,,,,,,,,,,,,,
39,0.8094930960727179,0.0008244107452527659,1.38802557861435,1.5790471437341305,7.4791676761439385,COMPLETE,banco,elasticnet,0.9248346707599513,,,,,,,,,,,,,,
40,0.8340650994535088,0.00022478735118418032,1.2649379229883884,1.473698381617747,6.953050698989049,COMPLETE,banco,elasticnet,0.7042682766092403,,,,,,,,,,,,,,
41,0.8427368529830123,0.00010254199380027041,1.2179379781650788,1.4346739674155382,6.751549104920339,COMPLETE,banco,elasticnet,0.8673557410971218,,,,,,,,,,,,,,
42,0.8429350523048047,0.00010173277956708196,1.2168545116901464,1.4337696199523458,6.747007567860204,COMPLETE,banco,elasticnet,0.8886351381323006,,,,,,,,,,,,,,
43,0.8291699711606813,0.0003532035692019908,1.2910431949058194,1.4952776571147153,7.068321838890092,COMPLETE,banco,elasticnet,0.8458541830337019,,,,,,,,,,,,,,
44,0.8363413956317989,0.00019847297147592119,1.2529975772507105,1.4635553734463878,6.9018771875729605,COMPLETE,banco,elasticnet,0.7536443187477894,,,,,,,,,,,,,,
45,-1.6042489474108694,9.441477057900787,4.582357853805644,5.838227113951753,21.050483647802768,COMPLETE,banco,elasticnet,0.9047111050595192,,,,,,,,,,,,,,
46,0.8377577681012094,0.00015585926886900437,1.245182961661396,1.4572084902838425,6.867438248849636,COMPLETE,banco,elasticnet,0.6510132046256832,,,,,,,,,,,,,,
47,0.7804685439096235,0.001297900732741682,1.5077762347232853,1.6950718666209703,7.998530313132179,COMPLETE,banco,elasticnet,0.8284619802867094,,,,,,,,,,,,,,
48,0.8427063842205393,0.00010403483494085913,1.2181100495424533,1.4348129402903194,6.752319821124729,COMPLETE,banco,elasticnet,0.873246513315145,,,,,,,,,,,,,,
49,0.8294753613262902,0.00037730808830938143,1.2896939194199661,1.4939405170331714,7.063642359746021,COMPLETE,banco,elasticnet,0.9131306725099139,,,,,,,,,,,,,,
50,-0.09375040182542382,2.3051836331648867,2.834712622680974,3.783544529812839,14.26357096884994,COMPLETE,banco,elasticnet,0.7969240465530191,,,,,,,,,,,,,,
51,0.842826287597402,0.00010210560689590248,1.2174478631997472,1.4342659641328632,6.749491886655205,COMPLETE,banco,elasticnet,0.8764744978113573,,,,,,,,,,,,,,
52,0.8394008476745116,0.00016716866181090557,1.2365055984375726,1.4498109022618668,6.8315516991283225,COMPLETE,banco,elasticnet,0.8616873872869135,,,,,,,,,,,,,,
53,0.8418307894237094,0.0001023768505321476,1.222892924319439,1.4388009318860973,6.772187739549896,COMPLETE,banco,elasticnet,0.7399025658155688,,,,,,,,,,,,,,
54,0.8351155476581051,0.00026933710770431587,1.2599155996359064,1.4690263639586318,6.933747338207421,COMPLETE,banco,elasticnet,0.9199715712516612,,,,,,,,,,,,,,
55,0.8216118625788325,0.0005507586360305319,1.3297206275810796,1.527997776940399,7.240106952974459,COMPLETE,banco,elasticnet,0.9479704790183766,,,,,,,,,,,,,,
56,0.8396819788098193,0.00015089101023587975,1.2348477708679282,1.4485413889828498,6.82396804217415,COMPLETE,banco,elasticnet,0.8083028341354714,,,,,,,,,,,,,,
57,0.8165048595149262,0.0004014941960338885,1.3517694835937706,1.5497156560899659,7.32884575912799,COMPLETE,banco,elasticnet,0.4078855683775027,,,,,,,,,,,,,,
58,0.7808373792943557,0.0008313667004542953,1.4990402477360911,1.6936473206421545,7.975592155077446,COMPLETE,banco,elasticnet,0.12049087573930778,,,,,,,,,,,,,,
59,0.6104280398376998,0.0913092092974871,1.9867795240026755,2.2580501450364685,10.165667949836312,COMPLETE,banco,elasticnet,0.2740503053977148,,,,,,,,,,,,,,
60,0.8342318583923043,0.00017858749163358076,1.2636453423809832,1.4729576870692938,6.945878094141575,COMPLETE,banco,elasticnet,0.4732514357702768,,,,,,,,,,,,,,
61,0.8405866591699824,0.0001447208491689364,1.229940332292977,1.4444485211831428,6.803234389876081,COMPLETE,banco,elasticnet,0.8650574096664176,,,,,,,,,,,,,,
62,0.8426140326789673,0.00010689764367041221,1.2186246479467275,1.4352340881616834,6.7545668270736785,COMPLETE,banco,elasticnet,0.879710039339808,,,,,,,,,,,,,,
63,0.8335277260639213,0.0002684607895567316,1.2680414169862118,1.4760827087629236,6.967801116126992,COMPLETE,banco,elasticnet,0.8296156630050946,,,,,,,,,,,,,,
64,0.8400601525595587,0.00016530988573582454,1.232905055118327,1.446831900063821,6.816415387746947,COMPLETE,banco,elasticnet,0.9100296199609813,,,,,,,,,,,,,,
65,0.8317203158302819,0.0002825302366408753,1.2773072253952213,1.4840740834849921,7.00735330825615,COMPLETE,banco,elasticnet,0.7733495246535067,,,,,,,,,,,,,,
66,0.8423892653627544,0.0001083206425826825,1.219868652501868,1.436258571555942,6.759807634422921,COMPLETE,banco,elasticnet,0.859920476067541,,,,,,,,,,,,,,
67,0.824298786571743,0.00046182420204429997,1.3161310624120799,1.5164465846474544,7.179160529604997,COMPLETE,banco,elasticnet,0.8890097797922512,,,,,,,,,,,,,,
68,0.667581679946041,0.004080183433830355,1.8644265384283911,2.0858458616130524,9.60505028736447,COMPLETE,banco,elasticnet,0.8175569302419659,,,,,,,,,,,,,,
69,0.8409318153236006,0.00015148231873892836,1.228105922692516,1.4428839392857857,6.7958839976913,COMPLETE,banco,elasticnet,0.928997836373492,,,,,,,,,,,,,,
70,0.7545606090234429,0.0019015515545561235,1.6008399239620312,1.7923048054986968,8.403740276607175,COMPLETE,banco,elasticnet,0.8490954138015786,,,,,,,,,,,,,,
71,0.8419793350281186,0.00012087084653439009,1.222204852472837,1.4381251437294036,6.770030898898968,COMPLETE,banco,elasticnet,0.886194413083148,,,,,,,,,,,,,,
72,0.8428438957903596,0.00010252261315967924,1.2173531853129322,1.4341856213744333,6.749112387789379,COMPLETE,banco,elasticnet,0.8815901604438765,,,,,,,,,,,,,,
73,0.8371213327356608,0.00023833395879930422,1.2492245271015046,1.4600638235689414,6.887946681993676,COMPLETE,banco,elasticnet,0.9498739636074338,,,,,,,,,,,,,,
74,0.8421102899669518,0.00010326276444029876,1.2213699175816723,1.437529118441884,6.765872996241416,COMPLETE,banco,elasticnet,0.7863852805898314,,,,,,,,,,,,,,
75,0.5780452700531735,0.014927181992816223,2.084810571162784,2.3500259970488133,10.727093422908256,COMPLETE,banco,elasticnet,0.9022899905893973,,,,,,,,,,,,,,
76,0.8358529460672812,0.00020114554821031158,1.255556752155501,1.465737783549518,6.9127226036800975,COMPLETE,banco,elasticnet,0.7287141206112864,,,,,,,,,,,,,,
77,0.8310562566798261,0.0003215193790648679,1.2811156512641897,1.4869993998852495,7.025030737924426,COMPLETE,banco,elasticnet,0.8523897817182626,,,,,,,,,,,,,,
78,0.8181823976384052,0.0006117843388229988,1.3466691781750153,1.54261553310028,7.309404317586574,COMPLETE,banco,elasticnet,0.9243317795882418,,,,,,,,,,,,,,
79,0.8400908479576638,0.00014581547785557581,1.2326137720255437,1.446693056577021,6.814436075245692,COMPLETE,banco,elasticnet,0.8214792378320461,,,,,,,,,,,,,,
0,0.4080794517198686,,1.5111850009635546,2.7833732251390586,8.351789010203396,COMPLETE,banco,random_forest,,16.0,0.4514121162875837,9.0,15.0,462.0,,,,,,,,,
1,0.2610974946761869,,1.754781400807914,3.1098060665758966,9.526502951715823,COMPLETE,banco,random_forest,,2.0,0.8102471755674295,11.0,15.0,309.0,,,,,,,,,
2,0.39750799202647924,,1.5227531471221114,2.8081181859266904,8.413617655325503,COMPLETE,banco,random_forest,,16.0,0.4681862286846154,10.0,6.0,214.0,,,,,,,,,
3,0.4630606256879549,,1.4511978625147177,2.650955045501568,8.069464163329766,COMPLETE,banco,random_forest,,6.0,0.5392989411287272,7.0,11.0,328.0,,,,,,,,,
4,0.5267329449827264,,1.4550072367925317,2.488816478862802,8.10634525863449,COMPLETE,banco,random_forest,,4.0,0.6464454897410734,4.0,10.0,628.0,,,,,,,,,
5,0.40078222407295494,,1.531582396488687,2.8004774568931685,8.452325468586276,COMPLETE,banco,random_forest,,4.0,0.3801927682679985,7.0,15.0,750.0,,,,,,,,,
6,0.7973880991195836,,1.2652170232919087,1.6284416905305625,6.8802293843463955,COMPLETE,banco,random_forest,,4.0,0.9776608214984636,1.0,23.0,625.0,,,,,,,,,
7,0.6625247884894967,,1.353666889444633,2.101651373739817,7.59725208488552,COMPLETE,banco,random_forest,,6.0,0.6360991209307408,2.0,17.0,766.0,,,,,,,,,
8,0.708830175787575,,1.331644959900728,1.952148804084765,7.4934500077716555,COMPLETE,banco,random_forest,,9.0,0.518206988040011,1.0,22.0,285.0,,,,,,,,,
9,0.4392076971219737,,1.467558356210011,2.7091980787977366,8.146359320098254,COMPLETE,banco,random_forest,,6.0,0.47015539609159257,7.0,14.0,664.0,,,,,,,,,
10,0.6312844220883451,,1.3233560731643952,2.196774507669067,7.4762501986427825,COMPLETE,banco,random_forest,,11.0,0.9895325530232119,4.0,23.0,869.0,,,,,,,,,
11,0.7876389334970013,,1.2288619848244118,1.667159631540598,6.797798962642168,COMPLETE,banco,random_forest,,11.0,0.8299636040712635,1.0,24.0,514.0,,,,,,,,,
12,0.6509186833500583,,1.367851393612571,2.1374848221637333,7.721773026954761,COMPLETE,banco,random_forest,,12.0,0.9190393590779812,3.0,20.0,506.0,,,,,,,,,
13,0.7949827928532375,,1.227336003858891,1.6380791911216628,6.7564521906888855,COMPLETE,banco,random_forest,,13.0,0.8106635468244433,1.0,24.0,434.0,,,,,,,,,
14,0.5568684206495895,,1.3562633247264833,2.408275055016453,7.623200023890004,COMPLETE,banco,random_forest,,14.0,0.8057556870059438,5.0,20.0,427.0,,,,,,,,,
15,0.8221023641114951,,1.1667551358481747,1.5258956159620596,6.375963663255963,COMPLETE,banco,random_forest,,9.0,0.9968802769593583,1.0,3.0,575.0,,,,,,,,,
16,0.6675361052026504,,1.3767238207354309,2.0859888420478296,7.795733725186181,COMPLETE,banco,random_forest,,8.0,0.9983783494459986,3.0,6.0,595.0,,,,,,,,,
17,0.28647433093094066,,1.8043653966713509,3.0559379913260187,9.773752981434235,COMPLETE,banco,random_forest,,2.0,0.902830606702781,3.0,2.0,699.0,,,,,,,,,
18,0.5865768139208609,,1.3320641703419374,2.326146975107308,7.514589093394247,COMPLETE,banco,random_forest,,8.0,0.8995271302998005,5.0,4.0,565.0,,,,,,,,,
19,0.4406720945077669,,1.446472575544649,2.7056585010145158,8.054553143494669,COMPLETE,banco,random_forest,,4.0,0.7319931848356129,12.0,10.0,872.0,,,,,,,,,
20,0.7632198480224572,,1.2190562767732125,1.7604041527783907,6.822500509329292,COMPLETE,banco,random_forest,,10.0,0.9389732061886613,2.0,8.0,766.0,,,,,,,,,
21,0.7813716753149573,,1.2099969692113284,1.691581591520593,6.765079935284827,COMPLETE,banco,random_forest,,13.0,0.727659451155175,1.0,19.0,404.0,,,,,,,,,
22,0.7348363108447948,,1.2654002662148904,1.8629309725097059,7.1089555523526275,COMPLETE,banco,random_forest,,14.0,0.851570207186132,2.0,22.0,550.0,,,,,,,,,
23,0.7850550263765739,,1.2373407588793,1.6772715627613783,6.857092738864125,COMPLETE,banco,random_forest,,8.0,0.7578228872997288,1.0,24.0,365.0,,,,,,,,,
24,0.5919916117719632,,1.3211388403908215,2.310863445951853,7.463109516780286,COMPLETE,banco,random_forest,,14.0,0.9397919314372384,5.0,18.0,478.0,,,,,,,,,
25,0.7378625197482052,,1.2493711684581683,1.8522700186299836,7.023404842346402,COMPLETE,banco,random_forest,,10.0,0.8714090781741404,2.0,12.0,635.0,,,,,,,,,
26,0.6174267840718144,,1.352451213868117,2.237675040732648,7.611450015721237,COMPLETE,banco,random_forest,,5.0,0.9744442285606535,4.0,21.0,570.0,,,,,,,,,
27,0.7814965638685745,,1.2331721825253978,1.6910983756404658,6.85366666432409,COMPLETE,banco,random_forest,,7.0,0.7705792000513225,1.0,17.0,686.0,,,,,,,,,
28,0.6052978218741011,,1.3706404641998868,2.2728694874169064,7.702645852371676,COMPLETE,banco,random_forest,,15.0,0.6862791673891433,3.0,2.0,451.0,,,,,,,,,
29,0.5579821788866892,,1.3404680067229768,2.4052466952740055,7.549100990811068,COMPLETE,banco,random_forest,,12.0,0.8659102710933347,6.0,7.0,508.0,,,,,,,,,
30,0.5165585339255377,,1.3409144162930202,2.515426813600942,7.557374391600466,COMPLETE,banco,random_forest,,3.0,0.957819777339975,9.0,4.0,385.0,,,,,,,,,
31,0.7883595327901367,,1.2339924392624277,1.664328663191548,6.813149000776707,COMPLETE,banco,random_forest,,11.0,0.8124038419584526,1.0,23.0,510.0,,,,,,,,,
32,0.7124636879847583,,1.2957457642848265,1.9399301193902092,7.282853901684097,COMPLETE,banco,random_forest,,12.0,0.7943424523221237,2.0,22.0,610.0,,,,,,,,,
33,0.808099205170203,,1.2091907044632655,1.5848133600470948,6.632089773552165,COMPLETE,banco,random_forest,,16.0,0.9132305438212845,1.0,24.0,469.0,,,,,,,,,
34,0.7566292117081987,,1.2442831020212168,1.7847359071152284,6.969275306379768,COMPLETE,banco,random_forest,,16.0,0.9007020696966317,2.0,24.0,244.0,,,,,,,,,
35,0.6604376066229296,,1.3660253493601504,2.1081403943299746,7.720810293585918,COMPLETE,banco,random_forest,,16.0,0.9490753586735635,3.0,20.0,342.0,,,,,,,,,
36,0.5367766066880961,,1.3658335628026341,2.4622660595948465,7.679445374750468,COMPLETE,banco,random_forest,,15.0,0.9956860770372005,9.0,21.0,475.0,,,,,,,,,
37,0.8046553102503671,,1.1881564695203775,1.5989708330899781,6.557042321185308,COMPLETE,banco,random_forest,,15.0,0.8750215689438166,1.0,16.0,415.0,,,,,,,,,
38,0.6056898167077693,,1.3642350162224144,2.271740567352059,7.667420923630354,COMPLETE,banco,random_forest,,5.0,0.8786375319339366,4.0,13.0,717.0,,,,,,,,,
39,0.7586111633946031,,1.2368352526890627,1.7774538263772763,6.927544018301436,COMPLETE,banco,random_forest,,15.0,0.9266045703902158,2.0,16.0,315.0,,,,,,,,,
40,0.23707923408556575,,1.784615164813264,3.1599445002991864,9.656353138444915,COMPLETE,banco,random_forest,,2.0,0.55246791796834,10.0,15.0,834.0,,,,,,,,,
41,0.814716821718686,,1.1939265381021005,1.5572478244711898,6.529603396774811,COMPLETE,banco,random_forest,,13.0,0.9650264901071258,1.0,23.0,429.0,,,,,,,,,
42,0.8184541780560907,,1.1690799270787688,1.5414621533391957,6.407736248555898,COMPLETE,banco,random_forest,,15.0,0.9725167453038691,1.0,9.0,648.0,,,,,,,,,
43,0.8176318957567309,,1.168128092542427,1.5449491105667104,6.4080626502065,COMPLETE,banco,random_forest,,15.0,0.9702035687560722,1.0,9.0,540.0,,,,,,,,,
44,0.7635475327685712,,1.2232917335294313,1.7591856019361298,6.8442247558580585,COMPLETE,banco,random_forest,,16.0,0.9654305170509396,2.0,9.0,544.0,,,,,,,,,
45,0.8192745422935722,,1.1684949695000209,1.5379754517107451,6.4000687655910475,COMPLETE,banco,random_forest,,13.0,0.9994029209626808,1.0,11.0,580.0,,,,,,,,,
46,0.6604837010164641,,1.365967415678793,2.1079973031737986,7.724852635204718,COMPLETE,banco,random_forest,,13.0,0.9728537109063077,3.0,11.0,656.0,,,,,,,,,
47,0.772186885150395,,1.2100548745208817,1.7267485419478668,6.7565393399734,COMPLETE,banco,random_forest,,14.0,0.9983613207592639,2.0,9.0,593.0,,,,,,,,,
48,0.539567686989562,,1.3689225719499638,2.45483685176808,7.689073833260389,COMPLETE,banco,random_forest,,10.0,0.9554437128019642,8.0,5.0,532.0,,,,,,,,,
49,0.8001297207142141,,1.1793284471531997,1.6173866219310322,6.535741020676306,COMPLETE,banco,random_forest,,13.0,0.842081177915494,1.0,13.0,656.0,,,,,,,,,
50,0.8143874919956544,,1.1780376568263267,1.5586311672890758,6.474430072799096,COMPLETE,banco,random_forest,,9.0,0.9325515984285565,1.0,11.0,725.0,,,,,,,,,
51,0.8140196949448768,,1.178549115717891,1.560174641515508,6.479956966456525,COMPLETE,banco,random_forest,,9.0,0.9250702676078809,1.0,11.0,794.0,,,,,,,,,
52,0.6453491899351167,,1.335955305171237,2.1544688285816775,7.559144181401277,COMPLETE,banco,random_forest,,9.0,0.38177910197907494,1.0,8.0,737.0,,,,,,,,,
53,0.7620454419857543,,1.2411963100007561,1.7647644676606256,6.920197714110021,COMPLETE,banco,random_forest,,7.0,0.9758362653512339,2.0,12.0,685.0,,,,,,,,,
54,0.6482349882369974,,1.3634837625969374,2.145685453892215,7.696713830723629,COMPLETE,banco,random_forest,,12.0,0.8961172745175452,3.0,10.0,582.0,,,,,,,,,
55,0.7454141865309363,,1.2413755407252447,1.8253949158785434,7.01297471333527,COMPLETE,banco,random_forest,,11.0,0.6111837929051127,1.0,7.0,614.0,,,,,,,,,
56,0.7627485199489994,,1.220061839211227,1.7621553878227236,6.832989804920804,COMPLETE,banco,random_forest,,10.0,0.9425852550975737,2.0,14.0,813.0,,,,,,,,,
57,0.821575779586059,,1.167907648683656,1.5281523049986092,6.3878950502322285,COMPLETE,banco,random_forest,,14.0,0.9999010044405816,1.0,9.0,720.0,,,,,,,,,
58,0.6666913423313721,,1.3723879054211248,2.0886373220664693,7.767649347197255,COMPLETE,banco,random_forest,,14.0,0.9979542985595724,3.0,9.0,638.0,,,,,,,,,
59,0.7649520628647108,,1.2245745932877719,1.7539530296619983,6.830022891269653,COMPLETE,banco,random_forest,,15.0,0.9762110252526459,2.0,3.0,531.0,,,,,,,,,
60,0.819417293766463,,1.1634424059383544,1.5373679234877464,6.3920787562692105,COMPLETE,banco,random_forest,,13.0,0.9503846817623841,1.0,7.0,565.0,,,,,,,,,
61,0.8193699036896329,,1.1641448478479757,1.5375696349535954,6.395790025806973,COMPLETE,banco,random_forest,,13.0,0.9558890647696651,1.0,6.0,558.0,,,,,,,,,
62,0.819498120420104,,1.163965720233262,1.5370238312578461,6.393255471670248,COMPLETE,banco,random_forest,,14.0,0.9524624332319716,1.0,6.0,561.0,,,,,,,,,
63,0.7522398035100313,,1.233397327009843,1.800758632113241,6.913661139806498,COMPLETE,banco,random_forest,,14.0,0.9119814293423271,2.0,6.0,567.0,,,,,,,,,
64,0.8179845747480897,,1.1688673340654352,1.5434545104532382,6.416717191418177,COMPLETE,banco,random_forest,,13.0,0.9466510939136787,1.0,7.0,603.0,,,,,,,,,
65,0.7674849939681692,,1.214252440821913,1.744476928957962,6.781396377194318,COMPLETE,banco,random_forest,,14.0,0.9846186732312882,2.0,5.0,668.0,,,,,,,,,
66,0.8177722705142365,,1.1553546048439414,1.5443543969047928,6.378027517611945,COMPLETE,banco,random_forest,,12.0,0.8973929661012263,1.0,5.0,629.0,,,,,,,,,
67,0.4808212767148825,,1.4108351363267613,2.6067427837874644,7.888354115447727,COMPLETE,banco,random_forest,,13.0,0.9251578927954804,12.0,8.0,573.0,,,,,,,,,
68,0.5752207167187269,,1.3253325278605717,2.357878382685736,7.477854227930292,COMPLETE,banco,random_forest,,11.0,0.9525124668901445,6.0,6.0,484.0,,,,,,,,,
69,0.7409493811357661,,1.2493856445937543,1.8413318018414666,7.008821099887255,COMPLETE,banco,random_forest,,14.0,0.8841438152700946,2.0,3.0,702.0,,,,,,,,,
70,0.8093773050974322,,1.1685469863350508,1.5795269469087327,6.459317097209658,COMPLETE,banco,random_forest,,12.0,0.8552987636659621,1.0,4.0,596.0,,,,,,,,,
71,0.8183235454009028,,1.1676983576704991,1.5420166389267926,6.409966797304876,COMPLETE,banco,random_forest,,13.0,0.9445187896949282,1.0,7.0,612.0,,,,,,,,,
72,0.8224129972615887,,1.1684315829231762,1.5245628246223615,6.384712457639455,COMPLETE,banco,random_forest,,15.0,0.9860520422618335,1.0,7.0,640.0,,,,,,,,,
73,0.8229335653717509,,1.167102835315737,1.5223266777289166,6.378073789963805,COMPLETE,banco,random_forest,,15.0,0.9887523544622622,1.0,8.0,495.0,,,,,,,,,
74,0.768669913312084,,1.218352175498385,1.740026238406572,6.794031308490939,COMPLETE,banco,random_forest,,16.0,0.9870397753973699,2.0,6.0,489.0,,,,,,,,,
75,0.8212047816058199,,1.1663252379794316,1.529740225664921,6.386224411685837,COMPLETE,banco,random_forest,,15.0,0.993958679121851,1.0,8.0,556.0,,,,,,,,,
76,0.7590884286517329,,1.2222472812396965,1.7756957983345498,6.852156243315764,COMPLETE,banco,random_forest,,15.0,0.916534636257121,2.0,8.0,512.0,,,,,,,,,
77,0.6578978299449831,,1.3745521506553642,2.116009686403875,7.774437561869929,COMPLETE,banco,random_forest,,14.0,0.9563557965628366,3.0,5.0,554.0,,,,,,,,,
78,0.8183224258207217,,1.1705128863282017,1.5420213902541235,6.421241472772008,COMPLETE,banco,random_forest,,16.0,0.9320905417437344,1.0,7.0,449.0,,,,,,,,,
79,0.8231917829256062,,1.1645816618628326,1.5212162614930416,6.373037290052356,COMPLETE,banco,random_forest,,15.0,0.9858903380816372,1.0,3.0,518.0,,,,,,,,,
0,0.3222392544794177,,1.5770017847227287,2.978365158672784,8.670364977210603,COMPLETE,banco,extra_trees,,18.0,0.4514121162875837,9.0,15.0,500.0,,,,,,,,,
1,0.1861733079913992,,1.7691122262455925,3.2636659599356492,9.577077175546833,COMPLETE,banco,extra_trees,,2.0,0.8102471755674295,11.0,15.0,324.0,,,,,,,,,
2,0.31490491143623967,,1.5834153641141087,2.9944368865896878,8.688699067799945,COMPLETE,banco,extra_trees,,18.0,0.4681862286846154,10.0,6.0,216.0,,,,,,,,,
3,0.3315418387676633,,1.5693490832708268,2.957854807219678,8.618676344107786,COMPLETE,banco,extra_trees,,7.0,0.5392989411287272,7.0,11.0,346.0,,,,,,,,,
4,0.3399654875176822,,1.5487170705443227,2.939158855014007,8.524568315765086,COMPLETE,banco,extra_trees,,4.0,0.6464454897410734,4.0,10.0,690.0,,,,,,,,,
5,0.32380873797693166,,1.5439793444107994,2.974914675368233,8.526029340924925,COMPLETE,banco,extra_trees,,5.0,0.3801927682679985,7.0,15.0,828.0,,,,,,,,,
6,0.7194441922758026,,1.3013518318662536,1.9162376487043646,7.358546616444905,COMPLETE,banco,extra_trees,,4.0,0.9776608214984636,1.0,23.0,686.0,,,,,,,,,
7,0.6335526920773616,,1.3288054178992046,2.1900070084288643,7.516619331284977,COMPLETE,banco,extra_trees,,7.0,0.6360991209307408,2.0,17.0,847.0,,,,,,,,,
8,0.6968911785251051,,1.2779577540971685,1.9917692576469728,7.251207073358092,COMPLETE,banco,extra_trees,,10.0,0.518206988040011,1.0,22.0,297.0,,,,,,,,,
9,0.3382498086140483,,1.5434327528963145,2.9429763676281984,8.502441046223641,COMPLETE,banco,extra_trees,,7.0,0.47015539609159257,7.0,14.0,730.0,,,,,,,,,
10,0.3797878633881613,,1.512701570386083,2.84911426481918,8.324703609985775,COMPLETE,banco,extra_trees,,12.0,0.9895325530232119,4.0,23.0,964.0,,,,,,,,,
11,0.7071014685868982,,1.2613844525702937,1.957935288890176,7.162538776265352,COMPLETE,banco,extra_trees,,12.0,0.8299636040712635,1.0,24.0,559.0,,,,,,,,,
12,0.3713759743487244,,1.5135016577481182,2.8683703502679934,8.323919831244437,COMPLETE,banco,extra_trees,,14.0,0.9190393590779812,3.0,20.0,550.0,,,,,,,,,
13,0.7261875173471142,,1.2418028974601316,1.8930686280114264,7.052558556875149,COMPLETE,banco,extra_trees,,14.0,0.8106635468244433,1.0,24.0,468.0,,,,,,,,,
14,0.35225453288566566,,1.5181296837879408,2.911668500655827,8.351583809253961,COMPLETE,banco,extra_trees,,15.0,0.8057556870059438,5.0,20.0,460.0,,,,,,,,,
15,0.7132871961923112,,1.245794674235106,1.937150133350156,7.059255158804545,COMPLETE,banco,extra_trees,,15.0,0.9968802769593583,1.0,3.0,628.0,,,,,,,,,
16,0.3542132721281612,,1.510803027849172,2.907262821497641,8.309597426140522,COMPLETE,banco,extra_trees,,9.0,0.7240835508252964,3.0,20.0,429.0,,,,,,,,,
17,0.19842508574796147,,1.7923384103421678,3.2390063208018445,9.694905450187239,COMPLETE,banco,extra_trees,,2.0,0.8905210993578582,3.0,18.0,749.0,,,,,,,,,
18,0.35463353733180947,,1.527457558779628,2.9063166730263337,8.403543787513758,COMPLETE,banco,extra_trees,,13.0,0.7296072312871754,5.0,24.0,642.0,,,,,,,,,
19,0.3373213788045907,,1.59121050067293,2.945040129249031,8.717964807771546,COMPLETE,banco,extra_trees,,16.0,0.9143807025239895,12.0,21.0,968.0,,,,,,,,,
20,0.6175959557252533,,1.3356288870503086,2.2371802425760126,7.548572773407894,COMPLETE,banco,extra_trees,,9.0,0.8597314414985994,2.0,18.0,413.0,,,,,,,,,
21,0.7188277359970399,,1.243791093576897,1.9183417372924327,7.048822158859425,COMPLETE,banco,extra_trees,,16.0,0.9821273725037089,1.0,2.0,597.0,,,,,,,,,
22,0.6312040006817423,,1.3309118152503068,2.197014066388822,7.506273084332193,COMPLETE,banco,extra_trees,,17.0,0.9478672248875001,2.0,7.0,564.0,,,,,,,,,
23,0.7192892049455721,,1.2465011313357826,1.9167668688159083,7.053963500436054,COMPLETE,banco,extra_trees,,12.0,0.7578228872997288,1.0,3.0,823.0,,,,,,,,,
24,0.37027670340176644,,1.5276122764954332,2.8708772055644785,8.393957146821036,COMPLETE,banco,extra_trees,,11.0,0.7495209600138248,5.0,5.0,843.0,,,,,,,,,
25,0.6234709620342078,,1.3401498950994275,2.219928435715286,7.556386294245135,COMPLETE,banco,extra_trees,,13.0,0.6022370346594107,2.0,9.0,794.0,,,,,,,,,
26,0.3630536497372656,,1.5349419960606718,2.887295032147322,8.413382154289101,COMPLETE,banco,extra_trees,,10.0,0.7767070554728582,4.0,12.0,904.0,,,,,,,,,
27,0.7053605655424366,,1.2888447489470671,1.963745365150719,7.310047245137162,COMPLETE,banco,extra_trees,,5.0,0.8685925315776503,1.0,22.0,691.0,,,,,,,,,
28,0.3661855854299886,,1.5251996806850823,2.8801877099086663,8.376741426256862,COMPLETE,banco,extra_trees,,14.0,0.6862791673891433,3.0,17.0,904.0,,,,,,,,,
29,0.36365759881460635,,1.541318802398577,2.885925848756495,8.472404455195282,COMPLETE,banco,extra_trees,,8.0,0.6891994902459244,6.0,4.0,504.0,,,,,,,,,
30,0.35005515867159787,,1.5621982885710994,2.9166074945969434,8.583062334066021,COMPLETE,banco,extra_trees,,11.0,0.7601360599098254,9.0,8.0,765.0,,,,,,,,,
31,0.7151597271634496,,1.2423402581246,1.9308139746283808,7.04169993794045,COMPLETE,banco,extra_trees,,16.0,0.9581785021507332,1.0,2.0,676.0,,,,,,,,,
32,0.6203948063255665,,1.3334487918686353,2.2289781423823163,7.523376566785221,COMPLETE,banco,extra_trees,,16.0,0.8368215554287698,2.0,2.0,604.0,,,,,,,,,
33,0.6989203284806458,,1.2658530382494901,1.9850911522438783,7.1692983142925275,COMPLETE,banco,extra_trees,,18.0,0.952210343933681,1.0,5.0,508.0,,,,,,,,,
34,0.6218837171979513,,1.3281392307809987,2.2246025299107677,7.500653432927903,COMPLETE,banco,extra_trees,,14.0,0.9103598111409275,2.0,4.0,391.0,,,,,,,,,
35,0.36141250243050016,,1.5432349875843556,2.8910123217717025,8.443937378590878,COMPLETE,banco,extra_trees,,17.0,0.8051548931481591,3.0,6.0,659.0,,,,,,,,,
36,0.18882492652694416,,1.7804851548637939,3.2583447669339973,9.633176140664697,COMPLETE,banco,extra_trees,,2.0,0.8705813636496471,9.0,13.0,731.0,,,,,,,,,
37,0.7241458805120229,,1.2445538943695298,1.9001131950385683,7.046795082570998,COMPLETE,banco,extra_trees,,13.0,0.5852152741079575,1.0,10.0,244.0,,,,,,,,,
38,0.3468762147349135,,1.5167867565549646,2.9237315007632385,8.332282682087692,COMPLETE,banco,extra_trees,,12.0,0.580220691940925,4.0,10.0,273.0,,,,,,,,,
39,0.6249550563603072,,1.332966622892091,2.215549177161387,7.5323703758420955,COMPLETE,banco,extra_trees,,13.0,0.6419238131688147,2.0,16.0,200.0,,,,,,,,,
40,0.31051867324685534,,1.5581020472115423,3.004007352036079,8.587783413803418,COMPLETE,banco,extra_trees,,4.0,0.5274314364673024,10.0,11.0,344.0,,,,,,,,,
41,0.7124285351798311,,1.2594409452903754,1.940048699023581,7.120197637300479,COMPLETE,banco,extra_trees,,15.0,0.5805457242217753,1.0,3.0,235.0,,,,,,,,,
42,0.7192212632961115,,1.257295190220204,1.9169988164752367,7.118486587273725,COMPLETE,banco,extra_trees,,11.0,0.47793587717056535,1.0,7.0,365.0,,,,,,,,,
43,0.6459802896011597,,1.2983919853412864,2.1525510407933965,7.3626760160265,COMPLETE,banco,extra_trees,,11.0,0.39228416534751076,2.0,8.0,280.0,,,,,,,,,
44,0.7333098456742411,,1.2352546138172844,1.8682854356671044,7.0131572335435655,COMPLETE,banco,extra_trees,,9.0,0.43497410136147535,1.0,7.0,368.0,,,,,,,,,
45,0.3368965855759397,,1.5408796917141387,2.9459838994594465,8.508057935187907,COMPLETE,banco,extra_trees,,6.0,0.41742302225452915,8.0,11.0,315.0,,,,,,,,,
46,0.718992971943881,,1.249965088421411,1.917777980412382,7.086301608407111,COMPLETE,banco,extra_trees,,9.0,0.3642638145510214,1.0,9.0,251.0,,,,,,,,,
47,0.2788520087744166,,1.6472734187779652,3.072217339404423,9.020384439599068,COMPLETE,banco,extra_trees,,3.0,0.4415377009152166,3.0,23.0,454.0,,,,,,,,,
48,0.6308344862542751,,1.3344522885190204,2.198114437794319,7.5446307050531995,COMPLETE,banco,extra_trees,,6.0,0.72546653072541,2.0,14.0,893.0,,,,,,,,,
49,0.7252480312992826,,1.2583894541154388,1.8963135286496344,7.118591078549502,COMPLETE,banco,extra_trees,,12.0,0.6127085466201991,1.0,23.0,473.0,,,,,,,,,
50,0.3608271725946638,,1.5368752362445914,2.8923369704570745,8.444555389940122,COMPLETE,banco,extra_trees,,8.0,0.6115820712881218,3.0,24.0,470.0,,,,,,,,,
51,0.6957851577646914,,1.2856213527241593,1.9953998550811534,7.272992495602882,COMPLETE,banco,extra_trees,,12.0,0.49776066024440196,1.0,19.0,405.0,,,,,,,,,
52,0.6169895904362884,,1.3454084336115597,2.2389532509059804,7.6020642710458235,COMPLETE,banco,extra_trees,,13.0,0.5543119524839559,2.0,22.0,526.0,,,,,,,,,
53,0.7201362369295978,,1.2501963460330368,1.9138728058151195,7.094325975238361,COMPLETE,banco,extra_trees,,12.0,0.6645085026434224,1.0,23.0,363.0,,,,,,,,,
54,0.7182773698858651,,1.2563366532037366,1.9202182988731107,7.124387702291799,COMPLETE,banco,extra_trees,,14.0,0.6650014992116589,1.0,23.0,372.0,,,,,,,,,
55,0.6489809711202019,,1.3010904453536105,2.143409084604934,7.3796594638974655,COMPLETE,banco,extra_trees,,10.0,0.7003459653808668,2.0,21.0,322.0,,,,,,,,,
56,0.7127168653987204,,1.2733983961987787,1.9390758713659881,7.20333556060386,COMPLETE,banco,extra_trees,,13.0,0.6219156758652307,1.0,23.0,438.0,,,,,,,,,
57,0.6452787905926454,,1.3153395943790016,2.154682652515593,7.4465565020167945,COMPLETE,banco,extra_trees,,15.0,0.6611195975372011,2.0,21.0,360.0,,,,,,,,,
58,0.36123749185310494,,1.5475587123037717,2.891408448439396,8.489788489691529,COMPLETE,banco,extra_trees,,11.0,0.59205392286592,3.0,24.0,474.0,,,,,,,,,
59,0.718691777853478,,1.250041213442048,1.9188054790866624,7.095977262700871,COMPLETE,banco,extra_trees,,14.0,0.5601975745269343,1.0,22.0,567.0,,,,,,,,,
60,0.35960041892903927,,1.531487432726264,2.8951112468089035,8.423682326220536,COMPLETE,banco,extra_trees,,12.0,0.7090775934379144,6.0,20.0,308.0,,,,,,,,,
61,0.7162938127113092,,1.2554885362083894,1.9269663934533576,7.122357563707568,COMPLETE,banco,extra_trees,,12.0,0.7880022771525501,1.0,24.0,802.0,,,,,,,,,
62,0.7005100113133166,,1.2838556701237487,1.979843634577533,7.262401810960268,COMPLETE,banco,extra_trees,,10.0,0.6365051837880125,1.0,21.0,418.0,,,,,,,,,
63,0.6373835115465156,,1.3280859747915927,2.1785298293638617,7.5155569312038875,COMPLETE,banco,extra_trees,,13.0,0.7461261933355814,2.0,23.0,538.0,,,,,,,,,
64,0.7022360792463238,,1.2630197937192418,1.9741301168901446,7.1639053322777855,COMPLETE,banco,extra_trees,,14.0,0.507256184050466,1.0,12.0,481.0,,,,,,,,,
65,0.6439368617782628,,1.3277823285150008,2.1587544435627017,7.4939232537584095,COMPLETE,banco,extra_trees,,9.0,0.8282076665401739,2.0,6.0,870.0,,,,,,,,,
66,0.7264767293490326,,1.2436919069036807,1.8920685954137684,7.056912147836021,COMPLETE,banco,extra_trees,,12.0,0.5524159683205396,1.0,22.0,707.0,,,,,,,,,
67,0.3068468779216573,,1.6277006097095348,3.0119955698800647,8.901014517594236,COMPLETE,banco,extra_trees,,11.0,0.5511872889983549,12.0,19.0,615.0,,,,,,,,,
68,0.35282896205271086,,1.5394397527185166,2.9103771614105494,8.454334894286388,COMPLETE,banco,extra_trees,,8.0,0.6204133438088598,4.0,23.0,724.0,,,,,,,,,
69,0.6271853160471985,,1.3386410551109782,2.208951810648053,7.571505600579102,COMPLETE,banco,extra_trees,,13.0,0.44721931124832226,2.0,22.0,700.0,,,,,,,,,
70,0.7139368082484823,,1.256170161776815,1.9349543652022343,7.141359937762444,COMPLETE,banco,extra_trees,,10.0,0.485255643276304,1.0,21.0,652.0,,,,,,,,,
71,0.7228990920686018,,1.2524832620922053,1.904402361265583,7.102929582461455,COMPLETE,banco,extra_trees,,12.0,0.6768800784472685,1.0,24.0,770.0,,,,,,,,,
72,0.7137751119072937,,1.2712452386610293,1.9355011514540439,7.197891771277646,COMPLETE,banco,extra_trees,,12.0,0.5343173195850554,1.0,24.0,786.0,,,,,,,,,
73,0.6277524247168342,,1.3320094617718412,2.2072710929446844,7.528223523952435,COMPLETE,banco,extra_trees,,15.0,0.669592446679211,2.0,24.0,708.0,,,,,,,,,
74,0.7058669721128197,,1.2812632065583591,1.9620570622509657,7.247337653120724,COMPLETE,banco,extra_trees,,13.0,0.5699278256473624,1.0,22.0,582.0,,,,,,,,,
75,0.714341446884683,,1.262735758154862,1.9335853768303664,7.158637844227106,COMPLETE,banco,extra_trees,,11.0,0.6512794359472778,1.0,23.0,755.0,,,,,,,,,
76,0.6302302313731991,,1.339139081130943,2.199912653311002,7.568181111247424,COMPLETE,banco,extra_trees,,12.0,0.5886013258117507,2.0,23.0,671.0,,,,,,,,,
77,0.7160288926696268,,1.2560968837246933,1.9278658678454317,7.117651567626313,COMPLETE,banco,extra_trees,,13.0,0.6053196006778027,1.0,20.0,388.0,,,,,,,,,
78,0.38057215383905396,,1.5073729684228943,2.8473122684962737,8.347024401399649,COMPLETE,banco,extra_trees,,4.0,0.9745714978568489,3.0,24.0,340.0,,,,,,,,,
79,0.625917337462655,,1.3419138868382177,2.212705050818538,7.5625155265939075,COMPLETE,banco,extra_trees,,14.0,0.5184848097704275,2.0,10.0,285.0,,,,,,,,,
0,0.46125146473338197,,1.586035868117611,2.6554173474606926,8.70802465741357,COMPLETE,banco,hist_gradient_boosting,,,,32.0,,,1.2363188277052228e-05,0.021642251106469404,671.0,49.0,,,,,
1,0.13788208260021806,,1.9555740110202542,3.359101079270215,10.46510742022592,COMPLETE,banco,hist_gradient_boosting,,,,32.0,,,0.090470719575684,0.009204496040276266,134.0,57.0,,,,,
2,0.5067205540498481,,1.4399065513078737,2.540892238893429,8.043598688402025,COMPLETE,banco,hist_gradient_boosting,,,,14.0,,,1.8740223688836324e-05,0.005419290634672375,682.0,55.0,,,,,
3,0.3910516991663605,,1.601387782500098,2.8231239630913514,8.78402131842211,COMPLETE,banco,hist_gradient_boosting,,,,24.0,,,0.00010929592787219404,0.01024634005770867,282.0,37.0,,,,,
4,0.42518252124263756,,1.5817750877672772,2.7428668118090354,8.68712506925081,COMPLETE,banco,hist_gradient_boosting,,,,21.0,,,0.0015577217702693043,0.05476331374316277,183.0,24.0,,,,,
5,0.4543469693485842,,1.6402183471750706,2.6723788302301457,8.97341735745215,COMPLETE,banco,hist_gradient_boosting,,,,32.0,,,2.1142332035497158e-06,0.10788483727948411,220.0,37.0,,,,,
6,0.36526409444762364,,1.7674284728853185,2.88228067511045,9.570653315358705,COMPLETE,banco,hist_gradient_boosting,,,,48.0,,,5.746775499181867,0.053848112391315636,202.0,11.0,,,,,
7,0.4335596403053601,,1.7458132292755077,2.722806833207565,9.474860320555397,COMPLETE,banco,hist_gradient_boosting,,,,36.0,,,0.0012052231254145623,0.11814432092118202,283.0,13.0,,,,,
8,0.33444460327213255,,1.6716072811761458,2.9514256110368007,9.12848155500921,COMPLETE,banco,hist_gradient_boosting,,,,46.0,,,6.478282331897332e-05,0.008059522363804595,397.0,9.0,,,,,
9,0.4659652015816188,,1.5621282238975,2.6437751459536165,8.613445342385758,COMPLETE,banco,hist_gradient_boosting,,,,30.0,,,1.967801053211497e-05,0.0667690954439529,287.0,37.0,,,,,
10,0.5660044071266443,,1.5007832093943374,2.3833202147485775,8.340075958877282,COMPLETE,banco,hist_gradient_boosting,,,,6.0,,,0.036565023379591846,0.022639291620412304,660.0,63.0,,,,,
11,0.5730239550006273,,1.4585182769136518,2.3639674478575263,8.162698313508027,COMPLETE,banco,hist_gradient_boosting,,,,6.0,,,0.1475158931424759,0.022687615652227402,691.0,63.0,,,,,
12,0.5879966016487217,,1.4301414828660683,2.322149285311554,8.022725924534733,COMPLETE,banco,hist_gradient_boosting,,,,6.0,,,0.14174738765779735,0.02256508822740643,566.0,63.0,,,,,
13,0.6190117670087154,,1.3163251478610483,2.2330349383048897,7.457551239138368,COMPLETE,banco,hist_gradient_boosting,,,,5.0,,,1.331411893520304,0.026059578182190117,544.0,64.0,,,,,
14,0.4693049984929831,,1.6074683124640181,2.635495235742088,8.812865168190697,COMPLETE,banco,hist_gradient_boosting,,,,14.0,,,5.937513315185792,0.03362649631348126,543.0,47.0,,,,,
15,0.4315264961993741,,1.777433748036129,2.7276889888948603,9.686345501808379,COMPLETE,banco,hist_gradient_boosting,,,,13.0,,,0.7403373814704578,0.21860300184408024,538.0,47.0,,,,,
16,0.5915937926977994,,1.375899442213559,2.311989748260111,7.734874152165849,COMPLETE,banco,hist_gradient_boosting,,,,10.0,,,0.010807884533589544,0.017975715859247992,529.0,55.0,,,,,
17,0.4895047360760676,,1.563944332697885,2.584851486162653,8.648420640862023,COMPLETE,banco,hist_gradient_boosting,,,,19.0,,,0.014263083313636996,0.014373300896344164,452.0,53.0,,,,,
18,0.5721132397250012,,1.4320308246694193,2.366487208052713,7.991731225632441,COMPLETE,banco,hist_gradient_boosting,,,,10.0,,,0.9370907086987901,0.032188396820085924,434.0,29.0,,,,,
19,0.4797617154419903,,1.589164476023114,2.6094014019200693,8.751791904876114,COMPLETE,banco,hist_gradient_boosting,,,,18.0,,,0.0037162023060960045,0.01604697246632342,607.0,42.0,,,,,
20,0.5799471423355612,,1.3574409085307544,2.3447238915774555,7.63847290291343,COMPLETE,banco,hist_gradient_boosting,,,,10.0,,,0.8811139862613117,0.014204680611021026,474.0,58.0,,,,,
21,0.6007896112752675,,1.3960640325302538,2.285812767439089,7.824318978084523,COMPLETE,banco,hist_gradient_boosting,,,,5.0,,,0.2642306115638735,0.03777350260671331,564.0,64.0,,,,,
22,0.6020725172050736,,1.4254490863148976,2.2821369581505646,7.958681233550331,COMPLETE,banco,hist_gradient_boosting,,,,5.0,,,0.014974234266575858,0.03743851735878044,501.0,59.0,,,,,
23,0.5929532056860317,,1.4197456486926485,2.3081387188343294,7.931315600587912,COMPLETE,banco,hist_gradient_boosting,,,,5.0,,,0.49883387615144614,0.04826838515337241,385.0,60.0,,,,,
24,0.3959205813817688,,1.8611836431182052,2.811815085074451,10.041857434037533,COMPLETE,banco,hist_gradient_boosting,,,,41.0,,,2.281457021011254,0.08130925892764573,601.0,51.0,,,,,
25,0.5912817100632703,,1.3869667045277891,2.312872930312892,7.778750333028681,COMPLETE,banco,hist_gradient_boosting,,,,10.0,,,0.03453516885262706,0.03396912786624764,495.0,64.0,,,,,
26,0.4268237715485027,,1.6181738240444736,2.7389482209926554,8.866668423592431,COMPLETE,banco,hist_gradient_boosting,,,,25.0,,,0.21137460950408404,0.04171953582749722,342.0,59.0,,,,,
27,0.44094129667357884,,1.630968549501291,2.705007311629351,8.919419684998061,COMPLETE,banco,hist_gradient_boosting,,,,16.0,,,0.004917276057429243,0.029941380316266003,606.0,44.0,,,,,
28,0.5175059235857784,,1.5172988488497499,2.512960891468675,8.395597340167162,COMPLETE,banco,hist_gradient_boosting,,,,8.0,,,0.000542179448184824,0.07127144792678386,505.0,21.0,,,,,
29,0.5107057712064123,,1.597005884522537,2.5306074575892494,8.837191790289141,COMPLETE,banco,hist_gradient_boosting,,,,13.0,,,0.03991765456855322,0.026686466160196824,645.0,51.0,,,,,
30,0.36582181856161466,,1.7819807990315049,2.8810141084196834,9.662872497965429,COMPLETE,banco,hist_gradient_boosting,,,,22.0,,,2.8889075510944133,0.12798810845602746,576.0,42.0,,,,,
31,0.5739347637256889,,1.4759979345498022,2.361444740005426,8.231709287733532,COMPLETE,banco,hist_gradient_boosting,,,,6.0,,,0.23136907196186465,0.04279639871163158,374.0,58.0,,,,,
32,0.604556152851792,,1.3814686528200766,2.275003914126891,7.758119807906352,COMPLETE,banco,hist_gradient_boosting,,,,5.0,,,0.46389067574531684,0.0396486447908779,425.0,61.0,,,,,
33,0.5121907043152801,,1.5057407333748816,2.5267645365138853,8.345717614329239,COMPLETE,banco,hist_gradient_boosting,,,,9.0,,,2.1450635818927566,0.03751127669785936,466.0,60.0,,,,,
34,0.5400733106232519,,1.4700416478764915,2.4534885922697924,8.210744446391745,COMPLETE,banco,hist_gradient_boosting,,,,12.0,,,0.46769927683354984,0.011517635323440068,427.0,56.0,,,,,
35,0.5902351359857865,,1.4640819068831352,2.315832236681522,8.149082437705621,COMPLETE,banco,hist_gradient_boosting,,,,5.0,,,0.06875698339202417,0.026437399814887574,497.0,54.0,,,,,
36,0.45749612496762204,,1.634567953771415,2.664656052157948,8.936065304162934,COMPLETE,banco,hist_gradient_boosting,,,,16.0,,,0.013152961311830073,0.054449584496786885,338.0,61.0,,,,,
37,0.5520125754800034,,1.4442778417159663,2.421434068409908,8.089358793754498,COMPLETE,banco,hist_gradient_boosting,,,,8.0,,,0.07860356493064076,0.06578697664247964,105.0,49.0,,,,,
38,0.5168185733721268,,1.4578211577433824,2.5147502082347,8.137162211990573,COMPLETE,banco,hist_gradient_boosting,,,,12.0,,,1.605249738539513,0.007166542131408417,577.0,31.0,,,,,
39,0.4069324743284011,,1.7597934551696188,2.7860686216236084,9.527090482357638,COMPLETE,banco,hist_gradient_boosting,,,,16.0,,,8.646565714783037,0.08974737373023352,636.0,56.0,,,,,
40,0.5135535987917652,,1.5189296872230353,2.523232293297452,8.449001337357315,COMPLETE,banco,hist_gradient_boosting,,,,8.0,,,0.00037698082167732564,0.04550379299127544,417.0,64.0,,,,,
41,0.5785870667127462,,1.498361826264244,2.348516776839539,8.321734954391754,COMPLETE,banco,hist_gradient_boosting,,,,7.0,,,0.4365471810048017,0.04850686854879328,383.0,61.0,,,,,
42,0.6054212903475826,,1.395771531963003,2.272513966607661,7.838165041760038,COMPLETE,banco,hist_gradient_boosting,,,,5.0,,,0.3420054062301693,0.05573940308317466,346.0,60.0,,,,,
43,0.5963435047697461,,1.4431506447121472,2.2985063582227863,8.042890372814806,COMPLETE,banco,hist_gradient_boosting,,,,5.0,,,0.2733093397960715,0.05796239742694889,237.0,57.0,,,,,
44,0.5698249176750425,,1.4068770573152487,2.3728067118008034,7.865868821899625,COMPLETE,banco,hist_gradient_boosting,,,,8.0,,,4.17147884284779,0.01807187808999319,337.0,62.0,,,,,
45,0.43698924981267806,,1.668865650186759,2.71455146980416,9.096760318658713,COMPLETE,banco,hist_gradient_boosting,,,,37.0,,,1.5546630089237374,0.028316006211238778,528.0,52.0,,,,,
46,0.5736772631347498,,1.4348320836362294,2.362158224135134,8.020938740642874,COMPLETE,banco,hist_gradient_boosting,,,,11.0,,,0.10589560239536726,0.03924598449213195,292.0,64.0,,,,,
47,0.6117733404977824,,1.4298737587791641,2.2541479347203173,7.993153157134923,COMPLETE,banco,hist_gradient_boosting,,,,5.0,,,0.02353720868692,0.021356372856427972,453.0,59.0,,,,,
48,0.5157510081545532,,1.4964868353483636,2.517526782866737,8.314377196528339,COMPLETE,banco,hist_gradient_boosting,,,,14.0,,,0.001658427305071985,0.021925169997516793,440.0,54.0,,,,,
49,0.4427712726282871,,1.6405109499936117,2.7005765105695807,9.010670726034101,COMPLETE,banco,hist_gradient_boosting,,,,30.0,,,0.014748625149186411,0.13662814483473482,407.0,49.0,,,,,
50,0.3571459902248547,,1.757362756985765,2.9006539179904562,9.517364868311915,COMPLETE,banco,hist_gradient_boosting,,,,50.0,,,0.0288465291950078,0.018628158344330303,358.0,16.0,,,,,
51,0.5935739459200723,,1.4425264679938221,2.3063781089514706,8.047196674516384,COMPLETE,banco,hist_gradient_boosting,,,,5.0,,,0.0057223562779568655,0.02672155620313871,473.0,59.0,,,,,
52,0.5836719557208885,,1.4745532070934415,2.334304837759335,8.216155568745407,COMPLETE,banco,hist_gradient_boosting,,,,7.0,,,2.199056981490417e-06,0.034783058347851385,552.0,61.0,,,,,
53,0.5744674585716265,,1.4755173232445888,2.359968061356945,8.233531656853543,COMPLETE,banco,hist_gradient_boosting,,,,7.0,,,0.357402378503235,0.020205945110550644,516.0,57.0,,,,,
54,0.5729342545038114,,1.40174521803508,2.3642157497484595,7.859445302853382,COMPLETE,banco,hist_gradient_boosting,,,,9.0,,,0.05961999632989876,0.025124781059600646,496.0,62.0,,,,,
55,0.6277252052840525,,1.322246589048975,2.2073517913465976,7.456099256413787,COMPLETE,banco,hist_gradient_boosting,,,,5.0,,,1.1835387046439154,0.056161009417129225,461.0,59.0,,,,,
56,0.5598432743011688,,1.4896181146382865,2.4001777645220708,8.28440450638613,COMPLETE,banco,hist_gradient_boosting,,,,11.0,,,0.022071658332379562,0.06041681853718292,304.0,54.0,,,,,
57,0.575888532290522,,1.4455041423024324,2.356024187653108,8.072947953912617,COMPLETE,banco,hist_gradient_boosting,,,,7.0,,,0.9205529835730293,0.07775596619610615,460.0,58.0,,,,,
58,0.5486904561721688,,1.452185716796631,2.4303957423900466,8.087721082490663,COMPLETE,banco,hist_gradient_boosting,,,,9.0,,,0.1382445942724836,0.09276725829343699,402.0,32.0,,,,,
59,0.5986614735757239,,1.3625369655997446,2.2918973517218864,7.684220967996648,COMPLETE,banco,hist_gradient_boosting,,,,5.0,,,5.397602348592003,0.051094998287718504,444.0,47.0,,,,,
60,0.5848904536584858,,1.3053989587236283,2.3308863437258998,7.382534520586999,COMPLETE,banco,hist_gradient_boosting,,,,11.0,,,0.007241737331632387,0.012223149727273086,251.0,56.0,,,,,
61,0.6135717434195203,,1.3122783882212268,2.2489208698437326,7.412091276562445,COMPLETE,banco,hist_gradient_boosting,,,,5.0,,,1.214843001984219,0.03694453729792867,553.0,64.0,,,,,
62,0.613482917079857,,1.3366457220443544,2.249179329114403,7.553884074406195,COMPLETE,banco,hist_gradient_boosting,,,,7.0,,,3.9295476431524854,0.03219413812602352,475.0,60.0,,,,,
63,0.5801696597946817,,1.4025876424157586,2.3441027660357947,7.8709192740494,COMPLETE,banco,hist_gradient_boosting,,,,7.0,,,9.859271964885968,0.032104038649857364,483.0,62.0,,,,,
64,0.5489735007499141,,1.429897389655335,2.42963349590329,7.984627303684995,COMPLETE,banco,hist_gradient_boosting,,,,9.0,,,1.2191833652537554,0.02327921545948027,546.0,60.0,,,,,
65,0.5870916127873582,,1.416882297903877,2.3246982527292426,7.963785412329381,COMPLETE,banco,hist_gradient_boosting,,,,6.0,,,3.2646754539688976,0.029895915684417344,424.0,64.0,,,,,
66,0.582537314853629,,1.3867387062924144,2.33748357573526,7.783083690255535,COMPLETE,banco,hist_gradient_boosting,,,,10.0,,,0.600503724603295,0.06240135423305509,458.0,59.0,,,,,
67,0.41156126132169313,,1.6955962649608933,2.7751749381083255,9.223460262953001,COMPLETE,banco,hist_gradient_boosting,,,,44.0,,,0.7484309064106855,0.041708732276353716,319.0,61.0,,,,,
68,0.50457792830432,,1.4462392964615445,2.546404613363422,8.088833317093478,COMPLETE,banco,hist_gradient_boosting,,,,13.0,,,2.231209054494202,0.014645748442421147,364.0,55.0,,,,,
69,0.6089406036629029,,1.394922003538207,2.2623568019909976,7.850468949718032,COMPLETE,banco,hist_gradient_boosting,,,,6.0,,,5.711490080547903,0.04513901866408212,162.0,62.0,,,,,
70,0.6082595783984104,,1.3119109537655782,2.2643258787476603,7.452492250529616,COMPLETE,banco,hist_gradient_boosting,,,,7.0,,,4.804163495663693,0.04756577800410115,164.0,63.0,,,,,
71,0.585256611125204,,1.3788017468858849,2.329858109449298,7.770098039417363,COMPLETE,banco,hist_gradient_boosting,,,,7.0,,,5.269988060280214,0.046246584211843994,197.0,63.0,,,,,
72,0.5836251881366521,,1.4112768140158425,2.3344359443878098,7.9514330514227405,COMPLETE,banco,hist_gradient_boosting,,,,6.0,,,1.331932840877669,0.05348054183322657,174.0,58.0,,,,,
73,0.5527308962429196,,1.4340000375983595,2.419491977991852,7.997431173440124,COMPLETE,banco,hist_gradient_boosting,,,,9.0,,,2.953123017062303,0.06988528174657847,171.0,62.0,,,,,
74,0.5754023535616606,,1.3462009910634434,2.357374210995538,7.58317158660033,COMPLETE,banco,hist_gradient_boosting,,,,8.0,,,3.6888227348376326,0.03168932810885245,149.0,64.0,,,,,
75,0.5780240505222967,,1.4117877882636378,2.350085086115428,7.937842889737776,COMPLETE,banco,hist_gradient_boosting,,,,6.0,,,7.253303285642026,0.03553895861005576,106.0,60.0,,,,,
76,-0.2578542133264998,,2.6392054492280934,4.057466018858644,13.373988039683116,COMPLETE,banco,hist_gradient_boosting,,,,25.0,,,2.1929821025148977,0.005209376445531141,125.0,57.0,,,,,
77,0.5213374172304686,,1.4952602860009911,2.502963271559633,8.317915389027696,COMPLETE,banco,hist_gradient_boosting,,,,12.0,,,1.224846035451644,0.04346417103822873,257.0,63.0,,,,,
78,0.45949785341495286,,1.607764987111515,2.659735490819348,8.80720937337786,COMPLETE,banco,hist_gradient_boosting,,,,15.0,,,5.318469617841942,0.02440653856632212,595.0,53.0,,,,,
79,0.5984101896876546,,1.36574107207938,2.292614734580011,7.6796461627351915,COMPLETE,banco,hist_gradient_boosting,,,,5.0,,,0.7684860200448672,0.020067379076764525,517.0,26.0,,,,,
0,0.5792889914604618,,1.507427458337687,2.3465600629670296,8.391814952188538,COMPLETE,banco,xgboost,,10.0,,,,431.0,,0.08762050559064072,,,0.6202083881990965,3.96389588638785,3.3323645788192616e-08,0.6245760287469893,0.8193963178886665
1,0.6161386016598469,,1.3595030451617731,2.2414391714992217,7.704060401285072,COMPLETE,banco,xgboost,,8.0,,,,601.0,,0.005419290634672375,,,0.9245991883601898,5.034443102887247,4.329370014459266e-07,4.4734294104626844e-07,0.9864594334728974
2,0.5500955145386306,,1.5504050457648653,2.426609527453542,8.61241380772777,COMPLETE,banco,xgboost,,6.0,,,,378.0,,0.027091411597666194,,,0.8253338026250707,3.6503833523887947,4.258943089524393e-06,1.9826980964985924e-05,0.6810531130891189
3,0.6542653989540046,,1.3455142735864827,2.127213888422806,7.987445067197964,COMPLETE,banco,xgboost,,9.0,,,,492.0,,0.010919676461591487,,,0.8165865559879191,1.8825578416799567,0.0029369981104377003,3.425445902633376e-07,0.7814054972861253
4,0.7213999939783251,,1.2753930210830777,1.9095467600805243,7.318389987593112,COMPLETE,banco,xgboost,,10.0,,,,198.0,,0.21854952340652511,,,0.6870761961280168,2.8557701661212933,0.014391207615728067,9.148975058772307e-05,0.9137788066524075
5,0.3769584105095434,,1.4742394510863446,2.855605802780785,8.25092407626586,COMPLETE,banco,xgboost,,6.0,,,,241.0,,0.005719987374645638,,,0.6664509917200077,13.587923402725657,6.388511557344611e-06,0.0004793052550782129,0.959194180935452
6,0.39047343854079886,,1.8321377406979558,2.824464071974603,9.92873759439784,COMPLETE,banco,xgboost,,3.0,,,,560.0,,0.22195513835256983,,,0.9727745237038852,18.001719658125328,0.002404915432737351,1.9809253750493907,0.8988097705125015
7,0.3251605995066359,,1.6466865910194297,2.971939418955395,9.050969740179196,COMPLETE,banco,xgboost,,3.0,,,,216.0,,0.0059677388712406935,,,0.724904780360267,6.155631603704022,0.28749982347407854,1.6247252885719427e-05,0.696398648843469
8,0.4246379724403734,,1.4266837684914875,2.7441657208683092,7.9718828903242,COMPLETE,banco,xgboost,,6.0,,,,360.0,,0.008677528234927538,,,0.5835477896558969,19.75085179540983,0.08916674715636537,6.143857495033091e-07,0.9109886413393178
9,0.6849803464865429,,1.4103727244894786,2.0305260319491434,7.960663349321089,COMPLETE,banco,xgboost,,9.0,,,,154.0,,0.07941443105985017,,,0.8970716560086756,2.4068483829477167,1.683416412018213e-05,1.1036250149900698e-07,0.8780532256184443
10,0.510605430350903,,1.7043717747358222,2.5308669234540244,9.429926560114346,COMPLETE,banco,xgboost,,8.0,,,,859.0,,0.22191388349996413,,,0.7287440843640081,9.670223902207146,4.3444691085504035,0.012278672550406745,0.5580828440266691
11,0.5630844803369812,,1.4902468507551612,2.3913242758619453,8.32030267866604,COMPLETE,banco,xgboost,,10.0,,,,175.0,,0.08333367975219191,,,0.8674270384667826,8.783253732509461,7.15524708993688e-05,1.4615543668400673e-08,0.8566038007580604
12,0.6402728795334283,,1.390788870949659,2.169833088152022,8.214265233239864,COMPLETE,banco,xgboost,,8.0,,,,158.0,,0.09659421086355419,,,0.7530779145630436,1.16229242229498,0.00021759093455646087,0.0033529882127447696,0.8987737406605343
13,0.5858938953788989,,1.4896127842580147,2.328067420634734,8.371232923734775,COMPLETE,banco,xgboost,,10.0,,,,304.0,,0.040796523104162846,,,0.8989992821446072,6.865278724133808,0.012583585642702967,1.0900459440590258e-08,0.7066387572518074
14,0.4852172851669404,,1.7171898206417335,2.5956833710008675,9.489559263934623,COMPLETE,banco,xgboost,,8.0,,,,761.0,,0.13578971643563062,,,0.9865298505693317,15.465825380283212,0.00014422243561457965,1.7647296840202476e-05,0.8401031583706385
15,0.5283707434964502,,1.4930306621342264,2.4845063197974775,8.336346201239442,COMPLETE,banco,xgboost,,4.0,,,,294.0,,0.04449918278849995,,,0.6943825803789178,12.869316973774076,1.2558138854475502e-05,0.14184312049385916,0.943383450257886
16,0.6283764956260047,,1.5219742697244032,2.205420078198355,8.51909530531853,COMPLETE,banco,xgboost,,9.0,,,,647.0,,0.1463016961473137,,,0.5545388166283738,2.679169366378042,1.1032173338053777e-08,3.0151768775074196e-06,0.7588749232202281
17,0.5547462618817647,,1.422200187723424,2.4140347864692284,8.02238912859017,COMPLETE,banco,xgboost,,7.0,,,,150.0,,0.05863818654732419,,,0.7926853729771958,7.715253804580115,1.2645427938537928,0.0005856398275659546,0.8767563959785944
18,0.5386766123820623,,1.4680906182967808,2.4572111263419973,8.227686353451688,COMPLETE,banco,xgboost,,5.0,,,,261.0,,0.026891393622070763,,,0.6649401884947479,10.673235846470565,0.014607107175820736,0.013865426541595572,0.7926727505115844
19,0.5604303158232822,,1.514065325736871,2.3985766596879907,8.44243117699122,COMPLETE,banco,xgboost,,9.0,,,,470.0,,0.14809030741705598,,,0.8569999105983209,4.238764292110148,7.388382220465598e-07,6.479872737032084e-08,0.9472572918732918
20,0.5625750149141153,,1.4733553556142207,2.3927180717293823,8.23048681400794,COMPLETE,banco,xgboost,,2.0,,,,360.0,,0.02206287565359173,,,0.9362859455850049,6.411678648333048,0.0013087078295414768,0.00020614774879284444,0.5773395983667313
21,0.646611483717334,,1.3712553824953575,2.150631255452787,8.12321586879776,COMPLETE,banco,xgboost,,9.0,,,,490.0,,0.013070415277139385,,,0.796609555007911,1.042405549692245,0.00499994453527139,1.806223313492049e-07,0.759618618795995
22,0.6642362770637866,,1.428200280479907,2.0963153901890488,8.10386986146277,COMPLETE,banco,xgboost,,9.0,,,,701.0,,0.012441695993025989,,,0.8358816983358529,2.3477881800995246,0.04420302050496217,3.875430781001849e-06,0.7993641205925691
23,0.6742611664206808,,1.4005020694843002,2.0647834254261284,7.960012539179365,COMPLETE,banco,xgboost,,10.0,,,,712.0,,0.01769800306968442,,,0.8622629738977776,2.8841220943943013,0.03323366211692214,2.0676749163945257e-06,0.8244421685623471
24,0.555413336309455,,1.5256807277922666,2.412225767996346,8.495129209169322,COMPLETE,banco,xgboost,,10.0,,,,867.0,,0.017268854270996274,,,0.8899046607773589,5.332050904783769,0.0007514156778707558,2.6503467275648173e-06,0.9988614228164381
25,0.5868684933436346,,1.4510171415511104,2.3253262556309373,8.159405618334132,COMPLETE,banco,xgboost,,7.0,,,,790.0,,0.058015644605400055,,,0.7653139428799425,3.130138455558292,3.160640412667912e-05,9.391293899304492e-05,0.8483915973519685
26,0.5725944265665416,,1.498896727042049,2.3651561983870875,8.38190054326366,COMPLETE,banco,xgboost,,10.0,,,,680.0,,0.06476551980675298,,,0.9475174625999675,4.981514153271307,0.2984351565807785,6.116967886888012e-08,0.9137821956110859
27,0.5465216091811962,,1.5543894809711554,2.4362285891244153,8.619964673456105,COMPLETE,banco,xgboost,,7.0,,,,557.0,,0.1176949160878913,,,0.8970734326167179,11.391174613800617,0.07284885240045882,4.095096771216813e-05,0.8693550415446714
28,0.6156192940728997,,1.3892196856963146,2.242954826576671,7.906444877987248,COMPLETE,banco,xgboost,,10.0,,,,210.0,,0.1844313491093845,,,0.6470890453456828,8.001454759557754,0.0005968994109134398,1.376234396277957e-06,0.826331909600536
29,0.5182099504235849,,1.6041356605434345,2.5111268401892812,8.836449264383445,COMPLETE,banco,xgboost,,10.0,,,,418.0,,0.03217752320557898,,,0.6037344802370028,3.9552013338012832,3.0439381964747143e-07,0.0015150047252533937,0.7407997288429355
30,0.6094913978084255,,1.4811063542707634,2.2607630134608496,8.29512268168631,COMPLETE,banco,xgboost,,9.0,,,,775.0,,0.08110162509880732,,,0.864591603774032,2.5932101948990356,0.013387102948556738,9.16200167292307e-08,0.6128915391457308
31,0.662020052778487,,1.4350577328768983,2.103222425671013,8.123412036740618,COMPLETE,banco,xgboost,,9.0,,,,706.0,,0.01650692368836356,,,0.8268648278478323,2.00532206445331,0.05334273570227236,5.144038872505651e-06,0.8069632168734032
32,0.6044800360837669,,1.418011160546887,2.275222854962996,7.98497201010115,COMPLETE,banco,xgboost,,8.0,,,,636.0,,0.007847688223274982,,,0.8454703042921479,4.793035094411756,0.49181988154616246,8.883434562130122e-06,0.8175677790093826
33,0.5839752144793733,,1.4099142351570564,2.3334545138929506,7.913592686193876,COMPLETE,banco,xgboost,,9.0,,,,739.0,,0.014497607248351755,,,0.9126623517300473,3.8390138983454913,4.011876354998275,1.2216040615180247e-06,0.867703784699863
34,0.6227348334497097,,1.5207497067902676,2.2220973983774908,8.531609251506248,COMPLETE,banco,xgboost,,10.0,,,,605.0,,0.02289514216437913,,,0.7990464451549079,2.8810398004253495,0.040512071591117166,9.120368314719435e-05,0.7298439300415218
35,0.682583092522858,,1.3332844077060215,2.0382373937576967,7.815112623257338,COMPLETE,banco,xgboost,,8.0,,,,711.0,,0.009978549157751145,,,0.8340730578415161,1.1037129321689516,0.006353676211031611,2.912827053254897e-07,0.6485969519412407
36,0.6808595719292532,,1.3408422675493208,2.043763546064845,7.844850254683242,COMPLETE,banco,xgboost,,7.0,,,,840.0,,0.008029876769230166,,,0.8767540872396574,1.0688930838525894,1.5546441261238122e-06,3.724011211042286e-07,0.6364963220777361
37,0.6536524440185132,,1.3721681366760743,2.1290987284744136,8.10011202657257,COMPLETE,banco,xgboost,,7.0,,,,820.0,,0.009172702783854564,,,0.9575181562575564,1.4247437384675208,1.343802791151498e-06,3.873280505217001e-07,0.6498882038023693
38,0.723444943290618,,1.3010893239418784,1.9025257293966165,7.486665149747108,COMPLETE,banco,xgboost,,7.0,,,,834.0,,0.0069768654586375,,,0.7325274379431688,1.0506912642683446,1.7602564955749423e-07,3.38761261872887e-08,0.6509174754879157
39,0.5835201559323577,,1.3940191007972735,2.334730361203367,7.859662181516349,COMPLETE,banco,xgboost,,5.0,,,,886.0,,0.0068479362043793925,,,0.7082636243585417,5.7344898145413,2.0196960500713948e-07,3.2733276726050683e-08,0.6686627751166956
40,0.6296885344935469,,1.3746680803033686,2.2015234525137677,7.781982985676487,COMPLETE,banco,xgboost,,6.0,,,,802.0,,0.2486743513892456,,,0.7431976762073634,3.654054039026679,9.027490008880526e-08,2.617510964457734e-08,0.9738909248941923
41,0.7413244200746698,,1.2754378918330955,1.8399984306806965,7.306881698390848,COMPLETE,banco,xgboost,,7.0,,,,830.0,,0.005748492836765024,,,0.6745496959130859,1.8158238866395524,1.6588797910883203e-06,2.243356793586042e-07,0.630965263161104
42,0.6545580436850507,,1.4382593790952978,2.126313414877948,8.104726236582545,COMPLETE,banco,xgboost,,8.0,,,,893.0,,0.005644004430511037,,,0.6792401600507364,2.019361057817355,4.1089390998699e-06,1.4612539115787874e-07,0.5998187364553456
43,0.632571222889788,,1.4611494338013291,2.192937835121549,8.227308093887691,COMPLETE,banco,xgboost,,8.0,,,,834.0,,0.010027024327251973,,,0.6208271386944101,2.0071906542277915,6.58347738708548e-08,5.761738161147604e-07,0.6282585324198302
44,0.06665253742279964,,2.0365217271403506,3.4951145374797212,10.80995692492664,COMPLETE,banco,xgboost,,6.0,,,,198.0,,0.006469368531241098,,,0.711974254292974,4.135904504267063,2.8329637971352337e-05,4.07290812644654,0.6734391275779962
45,0.44756616851945186,,1.5606733478021666,2.6889323156077425,8.671128886302872,COMPLETE,banco,xgboost,,7.0,,,,260.0,,0.005180411112111388,,,0.6418223447997066,3.213135003411071,2.359731679372385e-06,1.0636632246925666e-08,0.6945338102382385
46,0.6970245257187495,,1.3670147416087663,1.991331088185012,7.861312899281092,COMPLETE,banco,xgboost,,8.0,,,,736.0,,0.18059765428747826,,,0.7350122280188413,1.0870631915900097,1.733153539453981e-08,1.9939810434283058e-07,0.592267872755204
47,0.37764162253372546,,1.9444644733809857,2.8540396799107897,10.45063018530203,COMPLETE,banco,xgboost,,5.0,,,,309.0,,0.1906680596808724,,,0.6878698058716695,17.245505834069128,1.9092090528285438e-08,3.032432562080522e-08,0.5541774300069626
48,0.6295695858302204,,1.4421354895618357,2.201877002526239,7.980705169842156,COMPLETE,banco,xgboost,,7.0,,,,743.0,,0.1802294025188565,,,0.7382435491086425,2.0015569549391445,4.6414704036574784e-08,0.07044789967290982,0.6047168711210948
49,0.5055575943980375,,1.5702796139705912,2.543885689736685,8.771664927013397,COMPLETE,banco,xgboost,,8.0,,,,399.0,,0.1104195061103673,,,0.7220114829507902,4.745812328869008,1.6741197808545699e-07,7.507831014329279e-07,0.5837371354333989
50,0.5229887118629466,,1.528724838322085,2.498642168601221,8.502202242424845,COMPLETE,banco,xgboost,,9.0,,,,185.0,,0.09694495865981703,,,0.7787352677519557,7.259735634146418,2.6976808539142492e-08,1.2788625002638687e-07,0.9206731775401897
51,0.7090758336971668,,1.3240579918544575,1.9513251232845286,7.651021601256111,COMPLETE,banco,xgboost,,8.0,,,,752.0,,0.006890927634535157,,,0.7578518699526509,1.3388510755677525,7.532636918294848e-07,1.8119225748377083e-07,0.6463221549192727
52,0.7069963479956596,,1.3543827584413242,1.9582866065469744,7.727713553686853,COMPLETE,banco,xgboost,,8.0,,,,811.0,,0.1612809905036913,,,0.6694876101990666,1.7682337510364818,5.189241960101676e-07,3.1300676875176324e-08,0.5862191439717074
53,0.7222497804924171,,1.3014659904654267,1.9066322835248497,7.472774070206525,COMPLETE,banco,xgboost,,6.0,,,,810.0,,0.007020817211030898,,,0.7549554591455829,1.6390915843138554,6.024273670058876e-07,2.2646172317678187e-08,0.576487552612936
54,0.6005487564985708,,1.429278476521236,2.286502210805137,8.033874921552238,COMPLETE,banco,xgboost,,5.0,,,,826.0,,0.007033877230146496,,,0.6564679397338008,3.2482057138304805,5.338026269685448e-07,2.4869162861304038e-08,0.560635424352362
55,0.7229440850938276,,1.3011230794160904,1.9042477455651594,7.473488428710268,COMPLETE,banco,xgboost,,6.0,,,,864.0,,0.005979767316052819,,,0.7611244923166607,1.9663775143910986,1.0574264620380195e-05,5.66598406821201e-08,0.6175002790593002
56,0.6649306353484079,,1.4127897557189268,2.0941466816912326,8.002308383176699,COMPLETE,banco,xgboost,,6.0,,,,859.0,,0.005105772389259105,,,0.763479429952876,2.4864819612067675,8.591216230790326e-05,7.857689655395274e-08,0.6218751288208066
57,0.4905101774974189,,1.4505489190721206,2.5823047459026767,8.101895203261048,COMPLETE,banco,xgboost,,6.0,,,,765.0,,0.006060414084419352,,,0.706020302541778,14.029859519194964,1.3624184316591475e-05,5.066007781228748e-08,0.6484891118131237
58,0.6977330673193685,,1.3056606937184856,1.989001251428093,7.632851274177696,COMPLETE,banco,xgboost,,6.0,,,,862.0,,0.01122686128616398,,,0.773746081206617,1.7973011393430158,3.648157427607732e-06,1.61243220888913e-08,0.7111816730730313
59,0.5977994800279458,,1.4395900855109582,2.294357296307127,8.084676365132376,COMPLETE,banco,xgboost,,5.0,,,,895.0,,0.007608743011378838,,,0.7469760410303666,3.4269415895724773,1.0484305164709162e-06,1.2941555365177746e-08,0.5705911657109983
60,0.5782819373663419,,1.4043530910864268,2.3493668595771764,7.900156679136655,COMPLETE,banco,xgboost,,6.0,,,,795.0,,0.009019331639428505,,,0.7890011278724884,4.594965462848689,2.6432221533066527e-07,0.35322223713187867,0.6580867173528332
61,0.7369680941691626,,1.2874647728623885,1.8554273444886533,7.3719851042102835,COMPLETE,banco,xgboost,,7.0,,,,807.0,,0.0061325748825446676,,,0.676244886784917,1.5689391044687861,7.405516377481237e-06,4.2848526313520494e-08,0.6188994778962627
62,0.6608198027298717,,1.4290908910364155,2.1069536464503793,8.081263265348932,COMPLETE,banco,xgboost,,7.0,,,,844.0,,0.00602543889989558,,,0.6914748099906126,2.6184108132126487,1.1187154871297762e-05,5.01447851462521e-08,0.6159803236133026
63,0.6870631741257464,,1.3851575031455157,2.023802245749202,8.030992710484504,COMPLETE,banco,xgboost,,4.0,,,,784.0,,0.007109210967146192,,,0.8090545553133481,1.480939664660522,6.794580290324522e-06,2.069708385703545e-07,0.69282732214226
64,0.6659676750794051,,1.407609680003772,2.090903478179678,7.99322771356327,COMPLETE,banco,xgboost,,7.0,,,,872.0,,0.005048938362339265,,,0.7576245112795392,2.3285309455345145,1.2504925978308832e-07,0.008678511061156188,0.6365980980522975
65,0.7335412025101521,,1.2979382739772467,1.8674748800764784,7.4395521661506825,COMPLETE,banco,xgboost,,6.0,,,,673.0,,0.006317774246361593,,,0.7223724174047399,1.4962398147425742,2.749000880733227e-06,8.008707898351652e-07,0.6034737386317083
66,0.5406214903188038,,1.4714253568335063,2.452026018280472,8.22210147335872,COMPLETE,banco,xgboost,,4.0,,,,675.0,,0.011495799932244135,,,0.6288729709340064,5.62648242353111,1.9650366832130686e-06,9.43603480528499e-08,0.5688983874738914
67,0.6649266425726781,,1.3961519974701022,2.0941591588586763,7.9124495987600785,COMPLETE,banco,xgboost,,6.0,,,,539.0,,0.00634531216577117,,,0.7238010357251875,2.9671085979449447,3.32571786219668e-05,1.2072970319284006e-06,0.5988617497418134
68,0.6031674095611376,,1.319733234826075,2.2789951602488374,7.482765431247171,COMPLETE,banco,xgboost,,6.0,,,,468.0,,0.008303827763207849,,,0.6837387541093908,4.239807890470813,6.7755907929368545e-06,1.085765757829212e-05,0.6138993405742275
69,0.6292540286566264,,1.370361734060314,2.2028146552498242,7.7253314514876505,COMPLETE,banco,xgboost,,2.0,,,,596.0,,0.005545545559529937,,,0.701768092453288,3.4648015595581825,5.4762357232745726e-05,3.107909709950801e-05,0.6306383398656485
70,0.4339380638957159,,1.7819116479191406,2.7218971641939667,9.690713053390139,COMPLETE,banco,xgboost,,5.0,,,,811.0,,0.04435641548426502,,,0.6674608248689643,19.753932073005004,0.00012797272244888263,7.446345363564027e-07,0.5504654556057998
71,0.7247744147027543,,1.278402032324533,1.897947254606819,7.385592466220531,COMPLETE,banco,xgboost,,7.0,,,,768.0,,0.009802035474486994,,,0.7219226258123357,1.5586408504178688,8.164375464692775e-07,4.6444082927905153e-08,0.6613833922574688
72,0.7277809639976154,,1.2837454141291822,1.8875522518520416,7.413136941975722,COMPLETE,banco,xgboost,,7.0,,,,778.0,,0.009344645976435462,,,0.7194447128747979,1.6182013169605165,2.799437765678876e-06,4.56006235130407e-08,0.6644501068466379
73,0.7249795286520655,,1.27591154666293,1.8972398930166128,7.385557985312313,COMPLETE,banco,xgboost,,7.0,,,,771.0,,0.008838435615914644,,,0.7232814949199466,1.538798184823062,2.6080194917212387e-06,5.324561924870191e-08,0.6772384024310995
74,0.7306313254518579,,1.2667741906062642,1.8776441199694875,7.325144091490218,COMPLETE,banco,xgboost,,7.0,,,,777.0,,0.009990798288392838,,,0.7203442455925728,1.0044511618683645,2.810982005808967e-06,5.176941295325677e-08,0.6794802380772655
75,0.632830738533493,,1.484845003546986,2.1921632602457515,8.350752889456011,COMPLETE,banco,xgboost,,7.0,,,,726.0,,0.013731597995703984,,,0.7183902088602272,2.4075863929925556,2.4723433809957163e-06,2.9695694550570447e-07,0.6709255991176515
76,0.7192734592321783,,1.2866919847471663,1.9168206259906841,7.472253486506886,COMPLETE,banco,xgboost,,7.0,,,,771.0,,0.01004965582665642,,,0.6996248605753058,1.0563655056415882,3.699787160128673e-07,4.58693665310771e-08,0.7131991488933304
77,0.7220861825441205,,1.2897354025332735,1.9071937146059266,7.449587304733914,COMPLETE,banco,xgboost,,7.0,,,,659.0,,0.00890524439542673,,,0.7318404390456588,1.665013670733795,4.04783216338202e-06,1.024109378870759e-08,0.6858690290328786
78,0.5513922641394831,,1.489668145596482,2.423109922836644,8.36144930896494,COMPLETE,banco,xgboost,,7.0,,,,687.0,,0.015016496197058872,,,0.6770468236655055,8.934150887007046,1.1250840960533056e-06,9.104261204249612e-08,0.6618629005901582
79,0.6513077714407378,,1.4429983851813895,2.13629326345819,8.176604451354772,COMPLETE,banco,xgboost,,7.0,,,,782.0,,0.011686264499062241,,,0.7141399614144865,2.8066330817770417,2.2926394195127648e-05,1.2273194426886967e-07,0.723115922216635
0,0.9060857309560796,0.041858227295469716,0.4211288854999744,0.5188297083793368,1.9863623440282987,COMPLETE,rango,ridge,,,,,,,,,,,,,,,
1,-0.3033253925340331,451.85609510240965,1.715946574503756,1.9327935737937763,7.724862731381038,COMPLETE,rango,ridge,,,,,,,,,,,,,,,
2,0.791540074243241,13.3032451015229,0.5879761295834527,0.7729836965249145,2.6234039821313453,COMPLETE,rango,ridge,,,,,,,,,,,,,,,
3,0.9378551524056963,1.55099139875943,0.32526423747929406,0.42204776844654845,1.4987404700045068,COMPLETE,rango,ridge,,,,,,,,,,,,,,,
4,0.850489415812058,0.0012363188277052211,0.4998703603271544,0.6546286582502412,2.3695270706430045,COMPLETE,rango,ridge,,,,,,,,,,,,,,,
5,0.8504874451448445,0.0012358382772306934,0.4998733049095871,0.6546329724965865,2.369541003076501,COMPLETE,rango,ridge,,,,,,,,,,,,,,,
6,0.8462111805704203,0.00025502648504032837,0.5065309677335792,0.6639286750214525,2.4010893583046173,COMPLETE,rango,ridge,,,,,,,,,,,,,,,
7,0.8125613023328654,115.67327199145953,0.6156000261899993,0.7329741756304077,2.7879663682095477,COMPLETE,rango,ridge,,,,,,,,,,,,,,,
8,0.9381748716619486,1.6136341713591311,0.32346110536200545,0.42096070487228,1.4902544973197103,COMPLETE,rango,ridge,,,,,,,,,,,,,,,
9,0.8460576588336699,9.047071957568372,0.5123254142812386,0.664259980179778,2.2873524769407316,COMPLETE,rango,ridge,,,,,,,,,,,,,,,
10,0.9208621867078532,0.09671003304387107,0.4013103113714934,0.47626763254009397,1.8758263488128966,COMPLETE,rango,ridge,,,,,,,,,,,,,,,
11,0.9348258474848709,1.1596819632969777,0.33686406202790004,0.43221192080171383,1.5532336789622327,COMPLETE,rango,ridge,,,,,,,,,,,,,,,
12,0.93660688460081,1.3619135689105515,0.33081552320535174,0.42626540978325866,1.5248317506071973,COMPLETE,rango,ridge,,,,,,,,,,,,,,,
13,0.8881846625308526,0.018976242051501252,0.4415080307299213,0.5661216113138855,2.091720402844506,COMPLETE,rango,ridge,,,,,,,,,,,,,,,
14,0.7789807730062748,14.530629822647944,0.6036693223697338,0.7959285304659687,2.6936919171144655,COMPLETE,rango,ridge,,,,,,,,,,,,,,,
15,0.927173068901655,0.3801026028474675,0.36774296762283787,0.4568830531059898,1.6996970421237687,COMPLETE,rango,ridge,,,,,,,,,,,,,,,
16,0.9277473592290193,3.67937314898496,0.36467915411278246,0.4550780694803555,1.648223365473752,COMPLETE,rango,ridge,,,,,,,,,,,,,,,
17,0.7843575677954606,75.37121202951543,0.61181969832642,0.7861875379549231,2.72335889156114,COMPLETE,rango,ridge,,,,,,,,,,,,,,,
18,0.9262745806398132,0.20477622768279916,0.38312435538259076,0.45969276701228734,1.7760983826569245,COMPLETE,rango,ridge,,,,,,,,,,,,,,,
19,0.8803131382220062,0.013218129384907427,0.4538337642702872,0.5857095220934676,2.1506782240574553,COMPLETE,rango,ridge,,,,,,,,,,,,,,,
20,0.7651099694284593,65.270282765297,0.6284335209121741,0.8205240913709659,2.7912058112052502,COMPLETE,rango,ridge,,,,,,,,,,,,,,,
21,0.9380647706555193,1.590998441423732,0.3241101400897417,0.4213353711457407,1.4933097358251428,COMPLETE,rango,ridge,,,,,,,,,,,,,,,
22,0.9357707725449897,1.26083887284801,0.3338181788454715,0.4290672767172628,1.538929037557018,COMPLETE,rango,ridge,,,,,,,,,,,,,,,
23,0.9275563045776549,0.45480753761750126,0.36518494167972254,0.45567934426235196,1.6863289227772873,COMPLETE,rango,ridge,,,,,,,,,,,,,,,
24,0.9333159787855022,3.1565532260857627,0.35196051109901993,0.4371897136452808,1.5970328215183491,COMPLETE,rango,ridge,,,,,,,,,,,,,,,
25,0.7105758337027046,29.14466375934433,0.6962930016911981,0.9108071686564371,3.1091695247874607,COMPLETE,rango,ridge,,,,,,,,,,,,,,,
26,0.9308046003696548,3.4079751364344175,0.3581975515928334,0.44534610221496784,1.6220959331718323,COMPLETE,rango,ridge,,,,,,,,,,,,,,,
27,-1.6148770933037864,842.9918685271119,2.529103738947546,2.737692618267864,11.110823223793782,COMPLETE,rango,ridge,,,,,,,,,,,,,,,
28,0.9222118960243466,0.1086640927113084,0.3971730125546007,0.4721887521460968,1.8542017535864395,COMPLETE,rango,ridge,,,,,,,,,,,,,,,
29,0.9014173684234101,0.0338965313044446,0.4241036458795947,0.5315685132819686,2.0046251454084123,COMPLETE,rango,ridge,,,,,,,,,,,,,,,
30,0.9276799729916841,0.47401716561251717,0.3645456268491667,0.45529023371172656,1.682979886324961,COMPLETE,rango,ridge,,,,,,,,,,,,,,,
31,0.9391107098042446,1.9669875457494823,0.32095511403373844,0.41776254515265104,1.4751191254551093,COMPLETE,rango,ridge,,,,,,,,,,,,,,,
32,0.9211414293997916,4.19621915130784,0.37817896149996183,0.4754266200245687,1.7037899830662666,COMPLETE,rango,ridge,,,,,,,,,,,,,,,
33,0.936591963814022,1.3599803185374677,0.3308728686780528,0.4263155717058013,1.5251010577851454,COMPLETE,rango,ridge,,,,,,,,,,,,,,,
34,0.8155066633828616,11.265603710688085,0.5559946565750168,0.7271924936744482,2.4804915795867832,COMPLETE,rango,ridge,,,,,,,,,,,,,,,
35,0.6390396933031861,206.1387555072408,0.8538098223004498,1.0171588172901216,3.9440632879751774,COMPLETE,rango,ridge,,,,,,,,,,,,,,,
36,0.7173687786228269,25.322529533553748,0.6874626879771063,0.9000551315347026,3.070979926938472,COMPLETE,rango,ridge,,,,,,,,,,,,,,,
37,0.9241239205862457,0.1337207315116257,0.3915433361003069,0.46634946821482554,1.8223615019479227,COMPLETE,rango,ridge,,,,,,,,,,,,,,,
38,0.8660832149417383,0.006090362383240358,0.47548701979147723,0.6195502720201272,2.2538868925025883,COMPLETE,rango,ridge,,,,,,,,,,,,,,,
39,0.888971227021666,6.299697368795333,0.4419444942950556,0.5641269072186074,1.9798296498468593,COMPLETE,rango,ridge,,,,,,,,,,,,,,,
40,0.9302825468184586,0.748406192612597,0.35587635939148765,0.44702293073778704,1.6408471063409888,COMPLETE,rango,ridge,,,,,,,,,,,,,,,
41,0.9385273047607058,1.6969443580596388,0.3212810624084319,0.4197591503744256,1.4799067586186119,COMPLETE,rango,ridge,,,,,,,,,,,,,,,
42,0.9391004316817032,2.0966715183533706,0.32393136293272445,0.41779780285917567,1.4861295104005867,COMPLETE,rango,ridge,,,,,,,,,,,,,,,
43,0.9387456786916039,2.2955168895497065,0.32901600049725527,0.41901291656414974,1.5056860031008954,COMPLETE,rango,ridge,,,,,,,,,,,,,,,
44,0.7108083549745563,28.934275467632563,0.6960124375542474,0.9104412272129305,3.108013357099642,COMPLETE,rango,ridge,,,,,,,,,,,,,,,
45,0.9391229884981216,2.056298136152453,0.32300776999171255,0.41772042085610045,1.4827079998150154,COMPLETE,rango,ridge,,,,,,,,,,,,,,,
46,0.9293643331029643,0.6642804177828425,0.3589990498875031,0.4499570591050245,1.6555904270631323,COMPLETE,rango,ridge,,,,,,,,,,,,,,,
47,0.9267489768272941,0.2630457514892724,0.376046561911906,0.4582114024986031,1.7406679542221706,COMPLETE,rango,ridge,,,,,,,,,,,,,,,
48,0.8829779723779807,6.672446291879871,0.4529790039841413,0.5791523915533905,2.027761456823324,COMPLETE,rango,ridge,,,,,,,,,,,,,,,
49,0.9355832464464574,2.889256010185423,0.34508672637297155,0.4296931807775859,1.5695119395123733,COMPLETE,rango,ridge,,,,,,,,,,,,,,,
50,0.7378380421479573,20.06815322981648,0.6590790452810883,0.8668498543189568,2.943664670079789,COMPLETE,rango,ridge,,,,,,,,,,,,,,,
51,0.9383460690491391,2.4155859696605115,0.33234227475790007,0.4203774684633471,1.51882638785597,COMPLETE,rango,ridge,,,,,,,,,,,,,,,
52,0.9389506240583206,2.2079783573869465,0.32657285141412057,0.41831136029354105,1.4960623046554833,COMPLETE,rango,ridge,,,,,,,,,,,,,,,
53,0.9303158889126357,0.7513696558357768,0.3557556205118777,0.4469160244867117,1.6402825819466431,COMPLETE,rango,ridge,,,,,,,,,,,,,,,
54,0.8527383379280808,8.599824295938781,0.5017486269612519,0.6496865763559476,2.2406880311824846,COMPLETE,rango,ridge,,,,,,,,,,,,,,,
55,0.9162499818374438,0.07057592598084977,0.41061533720719035,0.489949703981118,1.9259160746459787,COMPLETE,rango,ridge,,,,,,,,,,,,,,,
56,0.9262638734076752,0.20398668743000647,0.3832124144438118,0.4597261466696419,1.7765555738629972,COMPLETE,rango,ridge,,,,,,,,,,,,,,,
57,0.9389899938353162,2.186121589853573,0.3259667592677752,0.4181764573506929,1.4936841700294883,COMPLETE,rango,ridge,,,,,,,,,,,,,,,
58,0.8455762827345953,0.00011937800715915961,0.5075265669875648,0.665297736572867,2.4058078003755234,COMPLETE,rango,ridge,,,,,,,,,,,,,,,
59,0.7326937814166642,50.36523918506912,0.6622130897135518,0.8753133974706382,2.94198692041603,COMPLETE,rango,ridge,,,,,,,,,,,,,,,
60,0.9315256676560698,0.8570687356392266,0.35110397908117785,0.44301960736516394,1.6187056080408015,COMPLETE,rango,ridge,,,,,,,,,,,,,,,
61,0.9390538611500097,1.9075151038569413,0.3198768853456541,0.41795751948790805,1.4713320066286681,COMPLETE,rango,ridge,,,,,,,,,,,,,,,
62,0.9028385912112012,5.4295076668723325,0.4133539292749639,0.5277229071923486,1.8559690111179534,COMPLETE,rango,ridge,,,,,,,,,,,,,,,
63,0.9391233407106364,1.9932772014993603,0.321560609069208,0.4177192124642208,1.4773554515466463,COMPLETE,rango,ridge,,,,,,,,,,,,,,,
64,0.7985129699999373,12.674595792098726,0.5788774707297905,0.759945753036212,2.5826515493223354,COMPLETE,rango,ridge,,,,,,,,,,,,,,,
65,0.9277654136516608,0.486452963981666,0.36410333859146043,0.4550212086857877,1.6807020056198951,COMPLETE,rango,ridge,,,,,,,,,,,,,,,
66,0.9341879979943398,1.0966410559344937,0.3391469350441915,0.43432176725900884,1.5639911164980258,COMPLETE,rango,ridge,,,,,,,,,,,,,,,
67,0.9155443725266823,4.593315887217984,0.3898369887822596,0.4920093330885779,1.7540162725261024,COMPLETE,rango,ridge,,,,,,,,,,,,,,,
68,0.9390100879109683,2.1737882454106066,0.32568706247904244,0.4181075869973016,1.4926448908059768,COMPLETE,rango,ridge,,,,,,,,,,,,,,,
69,0.9271880588515405,0.383690025236013,0.36754507363583616,0.45683603062119726,1.6987529707698876,COMPLETE,rango,ridge,,,,,,,,,,,,,,,
70,0.8429349266018699,9.25994377504815,0.5171259697672803,0.6709634382070612,2.308548069550019,COMPLETE,rango,ridge,,,,,,,,,,,,,,,
71,0.9390872320978471,1.9372639757657848,0.3203628301470437,0.41784307787915126,1.472993519005174,COMPLETE,rango,ridge,,,,,,,,,,,,,,,
72,0.9379305444212513,1.5649643128042576,0.3248601740040773,0.42179168375525133,1.4968393906152007,COMPLETE,rango,ridge,,,,,,,,,,,,,,,
73,0.9253456725343306,3.875713599855844,0.3696672725968053,0.4625796661717925,1.6684084879699246,COMPLETE,rango,ridge,,,,,,,,,,,,,,,
74,0.9267587851638672,0.26513953889782277,0.3757777146800126,0.4581807241413626,1.7393574733072057,COMPLETE,rango,ridge,,,,,,,,,,,,,,,
75,0.9351804187193287,1.1963789796708413,0.3357282905880605,0.43103462189410985,1.5478946143556291,COMPLETE,rango,ridge,,,,,,,,,,,,,,,
76,0.9390950208695014,2.1033783083842295,0.3240845056987389,0.41781636272175915,1.4866972390408566,COMPLETE,rango,ridge,,,,,,,,,,,,,,,
77,0.7691820574495357,15.594490303315288,0.6165215541071505,0.8133806330060742,2.751477091063043,COMPLETE,rango,ridge,,,,,,,,,,,,,,,
78,0.928479553982927,0.5744679904234739,0.36185803938723876,0.4527663599195982,1.6693609384945483,COMPLETE,rango,ridge,,,,,,,,,,,,,,,
79,0.8922007214262375,6.098606925394252,0.4357048618342816,0.5558619823251698,1.9527568256231915,COMPLETE,rango,ridge,,,,,,,,,,,,,,,
0,0.9038258980168681,0.0074593432857265485,0.45253344172408483,0.5250348297388877,2.062309652718731,COMPLETE,rango,elasticnet,0.9056428757689245,,,,,,,,,,,,,,
1,0.8395725802087479,0.4570563099801455,0.5651563848339759,0.6781071817954097,2.5777333186213958,COMPLETE,rango,elasticnet,0.588792635777333,,,,,,,,,,,,,,
2,0.9081034611610015,0.0006026889128682511,0.42211438568299087,0.5132259673311771,1.9877902741866145,COMPLETE,rango,elasticnet,0.19039506830258235,,,,,,,,,,,,,,
3,0.8776130480498203,0.00019517224641449495,0.45726453690638036,0.5922793676907271,2.1682072941196515,COMPLETE,rango,elasticnet,0.8295585311974416,,,,,,,,,,,,,,
4,0.5872643050349955,0.10129197956845731,0.9384312287142801,1.0876647647251396,4.338613167639773,COMPLETE,rango,elasticnet,0.6872653200164409,,,,,,,,,,,,,,
5,0.8669019437669843,0.00012674255898937226,0.47427274523098867,0.6176534921251151,2.248764466407856,COMPLETE,rango,elasticnet,0.9229188669457948,,,,,,,,,,,,,,
6,0.638816000275608,1.452824663751602,0.8219809428599689,1.0174739434838327,3.8123903000948864,COMPLETE,rango,elasticnet,0.24110519961044852,,,,,,,,,,,,,,
7,0.9139434086119926,0.0008111941985431928,0.4155558283293223,0.49665077182980805,1.9506506152266192,COMPLETE,rango,elasticnet,0.21506405886809044,,,,,,,,,,,,,,
8,0.9153076881592805,0.0033205591037519565,0.3962455128078291,0.4926982714566306,1.8214674106782254,COMPLETE,rango,elasticnet,0.522280788469014,,,,,,,,,,,,,,
9,0.937130485381548,0.01444525102276306,0.3531310856035917,0.4245013721327807,1.6145653497162102,COMPLETE,rango,elasticnet,0.3121062261782377,,,,,,,,,,,,,,
10,0.8732826654253005,0.04053834553028507,0.492511240407064,0.6026665110370968,2.2377370031047077,COMPLETE,rango,elasticnet,0.3744314479323736,,,,,,,,,,,,,,
11,0.915911658091548,0.0052825740499845295,0.38946987197812416,0.4909383279471732,1.7857739693887695,COMPLETE,rango,elasticnet,0.4300724940583087,,,,,,,,,,,,,,
12,0.9214759145676216,0.007301619300638306,0.38015599493075786,0.47441726785380445,1.7417197548907568,COMPLETE,rango,elasticnet,0.3731482393643766,,,,,,,,,,,,,,
13,0.8064048025114997,0.10957167999707249,0.5718077557301068,0.7449143394769608,2.5584614185460164,COMPLETE,rango,elasticnet,0.0669852646682049,,,,,,,,,,,,,,
14,-4.413112709033363,5.430119434848277,3.6187075959918653,3.9389691514147773,15.460391470215917,COMPLETE,rango,elasticnet,0.33041354917591537,,,,,,,,,,,,,,
15,0.939673488463167,0.017345044543360406,0.3228079147118243,0.4158274460207614,1.4856349723103488,COMPLETE,rango,elasticnet,0.06367129610498015,,,,,,,,,,,,,,
16,0.9417514007028255,0.020498540113047532,0.3166929545463504,0.4086032228896187,1.4551367410953335,COMPLETE,rango,elasticnet,0.07825734773498816,,,,,,,,,,,,,,
17,0.6985539156567775,0.29528602960338457,0.7308997351310711,0.9295309785897077,3.285685298627075,COMPLETE,rango,elasticnet,0.06800484961023476,,,,,,,,,,,,,,
18,0.9299198331484483,0.03411421986546115,0.3725305781998414,0.44818426823029595,1.688223065548762,COMPLETE,rango,elasticnet,0.15267870268188402,,,,,,,,,,,,,,
19,0.9244912528476321,0.0016848420082640938,0.3912022390811185,0.4652192500965624,1.8182029095429368,COMPLETE,rango,elasticnet,0.055908156934446056,,,,,,,,,,,,,,
20,0.8965301595409764,0.021088350619298,0.46578645659465295,0.5445853252587664,2.1249314659880905,COMPLETE,rango,elasticnet,0.6705829410085778,,,,,,,,,,,,,,
21,0.9361284385094267,0.019171093488580516,0.36162307955680983,0.4278709599703129,1.6526108555171306,COMPLETE,rango,elasticnet,0.29703647595423277,,,,,,,,,,,,,,
22,0.796908636755859,0.09656874387046745,0.6016132170240804,0.7629652746360349,2.704520775329896,COMPLETE,rango,elasticnet,0.14045084051207082,,,,,,,,,,,,,,
23,0.9380930727029083,0.01772456540082889,0.35103416440837587,0.42123909301488643,1.6050614527997114,COMPLETE,rango,elasticnet,0.28604392777411247,,,,,,,,,,,,,,
24,0.9244963092378624,0.0023322936450373777,0.3876385817438993,0.4652036732955843,1.795024803428354,COMPLETE,rango,elasticnet,0.13525311691375844,,,,,,,,,,,,,,
25,0.8554844920887019,0.05817939906774313,0.5176074424744004,0.6436003497874065,2.3358320324146398,COMPLETE,rango,elasticnet,0.23402755691875038,,,,,,,,,,,,,,
26,0.6669979140989349,0.2175530200763664,0.8174772203074974,0.9769729101540529,3.74677280695631,COMPLETE,rango,elasticnet,0.44153150516257467,,,,,,,,,,,,,,
27,0.9335689928762574,0.011977340060393974,0.3460942731325452,0.43635952764226055,1.5916743109733673,COMPLETE,rango,elasticnet,0.1224669698565806,,,,,,,,,,,,,,
28,0.8646225929693067,0.8227935175570817,0.5261335293722733,0.6229198070828793,2.415703776014838,COMPLETE,rango,elasticnet,0.2624872918692854,,,,,,,,,,,,,,
29,0.9221226064888555,0.004984412921310163,0.37600591010204926,0.4724596767495519,1.7315989931907805,COMPLETE,rango,elasticnet,0.16202822220168922,,,,,,,,,,,,,,
30,0.917699544442304,0.0009210546312701873,0.4085913813951199,0.4856911211264461,1.9140064479195127,COMPLETE,rango,elasticnet,0.10177235762369843,,,,,,,,,,,,,,
31,0.9347961480084142,0.011913327527919097,0.35377742687899666,0.43231038779536307,1.6193929703641519,COMPLETE,rango,elasticnet,0.31713354576066966,,,,,,,,,,,,,,
32,0.9128882655110154,0.014066063340830846,0.4345537724774483,0.49968622262143,1.9817528071484243,COMPLETE,rango,elasticnet,0.569270414785088,,,,,,,,,,,,,,
33,0.9094938992267452,0.04093043370259932,0.41573521402609376,0.5093284927553269,1.8810701818765867,COMPLETE,rango,elasticnet,0.20693444701291552,,,,,,,,,,,,,,
34,0.9269905853289067,0.008736819689547147,0.3756062044993288,0.4574551044630231,1.7181548684527117,COMPLETE,rango,elasticnet,0.42792736743722753,,,,,,,,,,,,,,
35,0.8815583369399497,0.022623789298651865,0.4900557980185897,0.5826547523155451,2.2408658103967656,COMPLETE,rango,elasticnet,0.8266345896679277,,,,,,,,,,,,,,
36,0.8037953104591269,0.07074893880927634,0.6109533302077282,0.7499179281854904,2.766006039869846,COMPLETE,rango,elasticnet,0.26937002177989905,,,,,,,,,,,,,,
37,0.6923361827524426,0.18941320560081523,0.7606392466291433,0.9390684650889703,3.4532767194095175,COMPLETE,rango,elasticnet,0.18444382702138815,,,,,,,,,,,,,,
38,0.9007270174017483,0.0004969696217041703,0.4292982608738446,0.5334264909542559,2.028151281966176,COMPLETE,rango,elasticnet,0.3642003977699868,,,,,,,,,,,,,,
39,0.9151190157222557,0.0034057023595345528,0.39610714558794474,0.49324676793332595,1.8203526846444797,COMPLETE,rango,elasticnet,0.5144257748160687,,,,,,,,,,,,,,
40,0.789795720113155,0.6937871522753615,0.6277679100062961,0.7762110514653257,2.8097948404846793,COMPLETE,rango,elasticnet,0.09716250156612438,,,,,,,,,,,,,,
41,0.9373249392599831,0.017717633438624193,0.35532919196923085,0.42384437751656107,1.6244390917585845,COMPLETE,rango,elasticnet,0.2973676540957364,,,,,,,,,,,,,,
42,0.9209855385498337,0.02848272374821834,0.40473086050725665,0.47589630941445105,1.8419144642249137,COMPLETE,rango,elasticnet,0.2841415376074909,,,,,,,,,,,,,,
43,0.920465810814733,0.005152408451369281,0.3796024144516193,0.47745887857439123,1.7464881583292013,COMPLETE,rango,elasticnet,0.1974630709350801,,,,,,,,,,,,,,
44,0.9252116155210284,0.008274285001920052,0.38204700699122096,0.46299480777660307,1.7468068298281698,COMPLETE,rango,elasticnet,0.4703242590257075,,,,,,,,,,,,,,
45,0.7793119177045613,0.06160670637406026,0.6656527366199703,0.7953320522455323,3.0333011327642563,COMPLETE,rango,elasticnet,0.391384996488916,,,,,,,,,,,,,,
46,0.647786404026315,0.1288241889728203,0.8522369426973372,1.0047594576951178,3.9191586527428575,COMPLETE,rango,elasticnet,0.3377874895957238,,,,,,,,,,,,,,
47,0.9217392848765564,0.001543422895204263,0.3998279821237623,0.47362100027297416,1.8605493087085714,COMPLETE,rango,elasticnet,0.2532805228605689,,,,,,,,,,,,,,
48,0.9076887464253494,0.016035158987207487,0.4467094725415525,0.5143827180819196,2.036008394633213,COMPLETE,rango,elasticnet,0.5823659038961531,,,,,,,,,,,,,,
49,0.9354763521656848,0.0337687398489738,0.3518590702413324,0.4300495531635693,1.5948368722776556,COMPLETE,rango,elasticnet,0.08668872521426578,,,,,,,,,,,,,,
50,0.9141852392380981,0.0033938535027910085,0.40053301346112935,0.49595245307232716,1.8409545965065912,COMPLETE,rango,elasticnet,0.6633382965271019,,,,,,,,,,,,,,
51,0.9198856511003564,0.019928368135001574,0.41653530940756917,0.4791971190536377,1.8996452745186847,COMPLETE,rango,elasticnet,0.40329706259347103,,,,,,,,,,,,,,
52,0.9243183146742104,0.008146032126310734,0.3728873298460235,0.4657516927398769,1.7094592793862435,COMPLETE,rango,elasticnet,0.3194607552024102,,,,,,,,,,,,,,
53,0.8737475924100417,0.045871524175303255,0.48846341673508115,0.6015599007710145,2.2148392683926095,COMPLETE,rango,elasticnet,0.2988139475180971,,,,,,,,,,,,,,
54,0.9352954560134601,0.02410646688209871,0.3620509226215723,0.4306519668755756,1.6488919416808263,COMPLETE,rango,elasticnet,0.23242790387152243,,,,,,,,,,,,,,
55,0.9389626276826916,0.014357965299672018,0.33439282839570694,0.41827023375287187,1.5346930119635276,COMPLETE,rango,elasticnet,0.1751010312089631,,,,,,,,,,,,,,
56,-4.95066887726339,9.574738509612205,3.8185793286002885,4.129922833500958,16.231248361116286,COMPLETE,rango,elasticnet,0.17223220343579845,,,,,,,,,,,,,,
57,0.9313722217895458,0.011070475328749815,0.3518876956218515,0.4435157165170492,1.618249838123824,COMPLETE,rango,elasticnet,0.1269710466347155,,,,,,,,,,,,,,
58,0.9255554445858234,0.005144279523449244,0.3694339061163604,0.4619293050297812,1.7040199417682695,COMPLETE,rango,elasticnet,0.0547494695064801,,,,,,,,,,,,,,
59,0.9229870448080943,0.0020242410400197895,0.39509609515954636,0.4698302106911168,1.8314280092699642,COMPLETE,rango,elasticnet,0.2288171369595649,,,,,,,,,,,,,,
60,0.9241618419616645,0.006150214582058274,0.37211435805819487,0.46623291749452483,1.7134833828298195,COMPLETE,rango,elasticnet,0.10392401851249354,,,,,,,,,,,,,,
61,0.933193148775165,0.01655657728531256,0.3738573176315043,0.43759217371257453,1.708144101822549,COMPLETE,rango,elasticnet,0.3592471980837932,,,,,,,,,,,,,,
62,0.9336583382092998,0.03097514003650973,0.36313883243290285,0.436065991487483,1.647901172197313,COMPLETE,rango,elasticnet,0.15729148157035955,,,,,,,,,,,,,,
63,0.9355487122921426,0.012233462298474402,0.3487629639624578,0.4298083457113888,1.5972286094661947,COMPLETE,rango,elasticnet,0.2908874491827266,,,,,,,,,,,,,,
64,0.8030637564202856,0.0819226412598882,0.6025843828572068,0.7513146712227691,2.717768647381621,COMPLETE,rango,elasticnet,0.20264447256549373,,,,,,,,,,,,,,
65,0.9420822859178364,0.01861429792718013,0.3237442347205046,0.40744102054896575,1.4854390745681108,COMPLETE,rango,elasticnet,0.13498737632709482,,,,,,,,,,,,,,
66,0.9281514230957187,0.03979342689910736,0.3715797950021675,0.4538038018124954,1.6798670262608677,COMPLETE,rango,elasticnet,0.08334566438995582,,,,,,,,,,,,,,
67,0.9015319030338426,0.05225409943277465,0.4258574884843249,0.5312596318615792,1.9187895571270301,COMPLETE,rango,elasticnet,0.13415901428740618,,,,,,,,,,,,,,
68,0.9390113250688833,0.024527548485346613,0.34509994599943844,0.41810334639655283,1.5716127881752726,COMPLETE,rango,elasticnet,0.17722904429264033,,,,,,,,,,,,,,
69,0.7455105113354018,0.13314643360232067,0.6803545939162644,0.8540709873795382,3.074093470604168,COMPLETE,rango,elasticnet,0.17265505323987934,,,,,,,,,,,,,,
70,0.9281771685152017,0.009497630950207106,0.36088166851725123,0.45372248902556356,1.6598799531547324,COMPLETE,rango,elasticnet,0.10960778098453249,,,,,,,,,,,,,,
71,0.9387945444003615,0.016732523675533007,0.325467332980422,0.41884574918803547,1.4983366279531356,COMPLETE,rango,elasticnet,0.05288845471260814,,,,,,,,,,,,,,
72,0.9417366345561857,0.023521836520074845,0.32299639002468417,0.4086550105107104,1.479391764357692,COMPLETE,rango,elasticnet,0.07039414559864042,,,,,,,,,,,,,,
73,0.9401437415025121,0.027319087747708727,0.3330436837535473,0.41420356059404395,1.5195701932049912,COMPLETE,rango,elasticnet,0.050578171069532205,,,,,,,,,,,,,,
74,0.9409504883161406,0.026517314588081556,0.33069438386010613,0.41140275903516027,1.509609271092883,COMPLETE,rango,elasticnet,0.06749245412395555,,,,,,,,,,,,,,
75,0.9400501245800322,0.02820488458079946,0.3373615749921178,0.41452734722524576,1.5358273891373362,COMPLETE,rango,elasticnet,0.08950588093656661,,,,,,,,,,,,,,
76,0.9413808098741665,0.02565502933022047,0.32887992025317797,0.40990097530325464,1.5023449836565959,COMPLETE,rango,elasticnet,0.07526120109318302,,,,,,,,,,,,,,
77,0.8551786785407822,0.07973048324710386,0.5021730070332814,0.644280960796628,2.24895629234357,COMPLETE,rango,elasticnet,0.07607086711438443,,,,,,,,,,,,,,
78,0.9106123029276142,0.051109500521963995,0.40709809873693525,0.5061717685138084,1.8335258749772674,COMPLETE,rango,elasticnet,0.07673836095268992,,,,,,,,,,,,,,
79,0.8024122051711567,0.10042546351571442,0.5864555900854138,0.7525564837643147,2.63103459275117,COMPLETE,rango,elasticnet,0.11161301299554771,,,,,,,,,,,,,,
0,0.25262732555059386,,1.2466899985658655,1.4636176975992268,5.717651750702595,COMPLETE,rango,random_forest,,16.0,0.4514121162875837,9.0,15.0,462.0,,,,,,,,,
1,0.1346614149581884,,1.3229177856950822,1.574896722640522,6.058820216634608,COMPLETE,rango,random_forest,,2.0,0.8102471755674295,11.0,15.0,309.0,,,,,,,,,
2,0.19212122926573927,,1.2997396460797617,1.5217108691010663,5.95426156260587,COMPLETE,rango,random_forest,,16.0,0.4681862286846154,10.0,6.0,214.0,,,,,,,,,
3,0.32745892509243724,,1.1967618060490528,1.3884122969696748,5.490872142691857,COMPLETE,rango,random_forest,,6.0,0.5392989411287272,7.0,11.0,328.0,,,,,,,,,
4,0.47781741059223926,,1.0649717165225547,1.2234049642429063,4.889951270035114,COMPLETE,rango,random_forest,,4.0,0.6464454897410734,4.0,10.0,628.0,,,,,,,,,
5,0.3164854411318946,,1.1908865127206403,1.3996934471640836,5.466107748858306,COMPLETE,rango,random_forest,,4.0,0.3801927682679985,7.0,15.0,750.0,,,,,,,,,
6,0.17818067614734967,,1.3065420859622028,1.5347838445601065,5.984936881103778,COMPLETE,rango,random_forest,,4.0,0.9776608214984636,1.0,23.0,625.0,,,,,,,,,
7,0.2643857675178962,,1.248738661896801,1.4520584762147681,5.72555317633305,COMPLETE,rango,random_forest,,6.0,0.6360991209307408,2.0,17.0,766.0,,,,,,,,,
8,0.1951273214307968,,1.2909401989427787,1.5188771107911445,5.917003945545443,COMPLETE,rango,random_forest,,9.0,0.518206988040011,1.0,22.0,285.0,,,,,,,,,
9,0.32242048728396444,,1.2032617358454927,1.3936033375656587,5.519895893228507,COMPLETE,rango,random_forest,,6.0,0.47015539609159257,7.0,14.0,664.0,,,,,,,,,
10,0.5293715880847412,,1.0058705547330815,1.1614435745905927,4.620148310688501,COMPLETE,rango,random_forest,,11.0,0.7660575266039114,4.0,2.0,869.0,,,,,,,,,
11,0.5303330012969061,,1.0050100715827492,1.1602566529957103,4.616261768590059,COMPLETE,rango,random_forest,,11.0,0.7684132788054852,4.0,3.0,837.0,,,,,,,,,
12,0.5291234830540962,,1.0058857726059398,1.1617496781092747,4.620941533098197,COMPLETE,rango,random_forest,,12.0,0.8225913410012512,4.0,2.0,895.0,,,,,,,,,
13,0.5312010920750283,,1.0029631618666326,1.1591838993823886,4.6068287596637845,COMPLETE,rango,random_forest,,12.0,0.78841749279502,4.0,2.0,875.0,,,,,,,,,
14,0.4706105117913981,,1.0695280187686984,1.231818440966795,4.912534780284558,COMPLETE,rango,random_forest,,13.0,0.9443669502411463,5.0,6.0,787.0,,,,,,,,,
15,0.6112636920022722,,0.9045910901667296,1.0555689274243076,4.154487890083748,COMPLETE,rango,random_forest,,10.0,0.7516484120952661,3.0,6.0,489.0,,,,,,,,,
16,0.6690234392405241,,0.8245083149995756,0.9739971005997914,3.78221399703023,COMPLETE,rango,random_forest,,9.0,0.8805173511780156,2.0,6.0,485.0,,,,,,,,,
17,0.6132524340194179,,0.9020517449898259,1.0528653645895798,4.141777672701654,COMPLETE,rango,random_forest,,9.0,0.9016762305707818,2.0,8.0,469.0,,,,,,,,,
18,0.5867406465823302,,0.9361699749299822,1.088354533395879,4.299504577267202,COMPLETE,rango,random_forest,,8.0,0.8869319565848858,1.0,9.0,434.0,,,,,,,,,
19,0.6148088031778413,,0.8993098309990296,1.0507447318655676,4.129893779242086,COMPLETE,rango,random_forest,,14.0,0.9071223472995299,2.0,8.0,546.0,,,,,,,,,
20,0.39314649682422464,,1.1423571528186072,1.3188669229443528,5.243731486970812,COMPLETE,rango,random_forest,,14.0,0.8783817639485592,6.0,12.0,564.0,,,,,,,,,
21,0.6085699810479019,,0.9091105036726093,1.0592198454818018,4.175369559722209,COMPLETE,rango,random_forest,,8.0,0.9087724188771082,2.0,8.0,398.0,,,,,,,,,
22,0.619783372955332,,0.8946500650268061,1.0439377370728011,4.107809224059246,COMPLETE,rango,random_forest,,8.0,0.9924325317153065,2.0,8.0,551.0,,,,,,,,,
23,0.6187224279503833,,0.8936665645177536,1.0453932086370472,4.106595361589531,COMPLETE,rango,random_forest,,14.0,0.9843440290140927,3.0,5.0,544.0,,,,,,,,,
24,0.6172447925035072,,0.8950160031561636,1.0474169525471282,4.112675274299932,COMPLETE,rango,random_forest,,7.0,0.9912960782598422,3.0,5.0,571.0,,,,,,,,,
25,0.6198482092956346,,0.8931778337750517,1.0438487246739434,4.104889806548828,COMPLETE,rango,random_forest,,10.0,0.9886998957606722,3.0,4.0,379.0,,,,,,,,,
26,0.4851508576428183,,1.0538847955526838,1.2147839393418418,4.8419639559979535,COMPLETE,rango,random_forest,,10.0,0.8473644263989758,5.0,4.0,389.0,,,,,,,,,
27,0.6611682484275224,,0.8348764910671345,0.9854874434183034,3.828665009828758,COMPLETE,rango,random_forest,,8.0,0.9510451171977381,1.0,7.0,397.0,,,,,,,,,
28,0.24912681739398945,,1.2523591893841788,1.467041304510262,5.742350987272915,COMPLETE,rango,random_forest,,10.0,0.7128879901273959,1.0,18.0,368.0,,,,,,,,,
29,0.09832748584645412,,1.354221285438738,1.6076202212172928,6.195425017439167,COMPLETE,rango,random_forest,,7.0,0.8538983814589426,12.0,4.0,490.0,,,,,,,,,
30,0.22885647917139673,,1.2691351061429064,1.4867113317924565,5.817771484029379,COMPLETE,rango,random_forest,,9.0,0.9396829990244323,9.0,10.0,230.0,,,,,,,,,
31,0.6489306502376755,,0.8523721318672377,1.0031260348302045,3.9125021570729204,COMPLETE,rango,random_forest,,8.0,0.9498890553711634,2.0,7.0,406.0,,,,,,,,,
32,0.5986319534919843,,0.9194372048582472,1.0725818459760397,4.2233535568161,COMPLETE,rango,random_forest,,7.0,0.946576511750161,3.0,7.0,439.0,,,,,,,,,
33,0.6989349050572982,,0.7834822385954971,0.9289433885746582,3.589672758657451,COMPLETE,rango,random_forest,,11.0,0.9419330348654991,1.0,4.0,341.0,,,,,,,,,
34,0.500559133791098,,1.0338756140005516,1.196467984866345,4.751016912322517,COMPLETE,rango,random_forest,,11.0,0.9367188714358338,1.0,11.0,280.0,,,,,,,,,
35,0.6809570771360854,,0.8118926439086268,0.9562767620406302,3.7220808636968172,COMPLETE,rango,random_forest,,5.0,0.8281859165647217,1.0,6.0,325.0,,,,,,,,,
36,0.20113277041713118,,1.2869216714929372,1.5132000529120386,5.898168353188939,COMPLETE,rango,random_forest,,2.0,0.8158985794313875,1.0,5.0,332.0,,,,,,,,,
37,0.5641901851311881,,0.9656962086037348,1.117654440794023,4.436185896955994,COMPLETE,rango,random_forest,,5.0,0.8557514906902558,1.0,10.0,239.0,,,,,,,,,
38,0.17684574661824404,,1.3043333238136408,1.5360298586671022,5.9752655687513165,COMPLETE,rango,random_forest,,2.0,0.7164070181197275,10.0,3.0,340.0,,,,,,,,,
39,0.2623769953051286,,1.2411897149366642,1.454039722641148,5.6923382003006715,COMPLETE,rango,random_forest,,3.0,0.6758993397410644,8.0,7.0,279.0,,,,,,,,,
40,0.6644269634258444,,0.8315193263750338,0.9807370303905001,3.816841249111716,COMPLETE,rango,random_forest,,5.0,0.8287692457972965,2.0,6.0,315.0,,,,,,,,,
41,0.6627797898790975,,0.8334473789913805,0.9831410771992098,3.8260711793009516,COMPLETE,rango,random_forest,,5.0,0.8197816731397356,2.0,6.0,310.0,,,,,,,,,
42,0.6762360992153104,,0.8122823756383154,0.9633259437425059,3.7300183679772996,COMPLETE,rango,random_forest,,5.0,0.8044100943402683,2.0,5.0,202.0,,,,,,,,,
43,0.5914512288869069,,0.928389782777284,1.0821338913488157,4.261548037578032,COMPLETE,rango,random_forest,,5.0,0.6101610610490289,3.0,3.0,211.0,,,,,,,,,
44,0.5531903861567973,,0.9771190493225895,1.1316712927307806,4.48823564815246,COMPLETE,rango,random_forest,,3.0,0.7383588927922156,2.0,5.0,256.0,,,,,,,,,
45,0.20365474433454123,,1.287248169803288,1.5108096258147807,5.898794352895458,COMPLETE,rango,random_forest,,4.0,0.8650724775967706,5.0,21.0,307.0,,,,,,,,,
46,0.5859005135268058,,0.9344919134737147,1.0894602535349176,4.291696747479217,COMPLETE,rango,random_forest,,6.0,0.7952878376509893,1.0,9.0,203.0,,,,,,,,,
47,0.5364434763235195,,0.9982684070927696,1.152684340829277,4.584251345526761,COMPLETE,rango,random_forest,,3.0,0.7835633248616268,2.0,4.0,256.0,,,,,,,,,
48,0.27048197234802795,,1.233989379678038,1.446029186928394,5.660130103014885,COMPLETE,rango,random_forest,,5.0,0.8343287436689036,4.0,16.0,348.0,,,,,,,,,
49,0.5926150048573418,,0.9240087248819653,1.0805915301545772,4.246558384915587,COMPLETE,rango,random_forest,,6.0,0.6804359747975751,3.0,2.0,299.0,,,,,,,,,
50,0.3697270865106086,,1.1604501248553254,1.3440745763686035,5.327457975919119,COMPLETE,rango,random_forest,,15.0,0.9031206280683195,6.0,13.0,650.0,,,,,,,,,
51,0.6535679133366672,,0.8456906314577288,0.9964788825236419,3.884365174670041,COMPLETE,rango,random_forest,,5.0,0.8147927907127176,2.0,6.0,319.0,,,,,,,,,
52,0.6816247011945815,,0.8093004558297388,0.9552756934211877,3.7157357361261614,COMPLETE,rango,random_forest,,4.0,0.38177910197907494,1.0,6.0,268.0,,,,,,,,,
53,0.6045616848890968,,0.9141986378645355,1.0646293093442885,4.199724083555112,COMPLETE,rango,random_forest,,4.0,0.41165320692918195,1.0,9.0,251.0,,,,,,,,,
54,0.5463968474422276,,0.9847334690556475,1.1402421126427735,4.521109711494115,COMPLETE,rango,random_forest,,3.0,0.5534974192632293,1.0,3.0,356.0,,,,,,,,,
55,0.6702289028361785,,0.8243646251362351,0.9722217647999,3.787384379090846,COMPLETE,rango,random_forest,,7.0,0.3517341748302329,2.0,6.0,276.0,,,,,,,,,
56,0.7100814304673091,,0.7663667454517752,0.9115847710837094,3.515214179113292,COMPLETE,rango,random_forest,,12.0,0.3618077827775713,1.0,5.0,276.0,,,,,,,,,
57,0.706974833168313,,0.7692574928967135,0.916455760980606,3.5310490062930833,COMPLETE,rango,random_forest,,13.0,0.3660675109806942,1.0,5.0,280.0,,,,,,,,,
58,0.7092509177550532,,0.7640205384786183,0.9128895190418774,3.5086118128258197,COMPLETE,rango,random_forest,,12.0,0.42731830122068976,1.0,4.0,201.0,,,,,,,,,
59,0.7246418271146635,,0.7469103156897068,0.8883989371463293,3.4253791458500897,COMPLETE,rango,random_forest,,12.0,0.42378782910002366,1.0,2.0,226.0,,,,,,,,,
60,0.7296790402602192,,0.7320372891696041,0.8802355512292056,3.3588648072050553,COMPLETE,rango,random_forest,,12.0,0.44000108374681796,1.0,2.0,228.0,,,,,,,,,
61,0.7307508212085249,,0.7314499072886058,0.8784888189713921,3.356620276417057,COMPLETE,rango,random_forest,,12.0,0.4353253347331183,1.0,2.0,236.0,,,,,,,,,
62,0.7306715207143477,,0.7312224010010987,0.878618177710865,3.3547549665736183,COMPLETE,rango,random_forest,,12.0,0.4486734880351148,1.0,2.0,232.0,,,,,,,,,
63,0.7298257687403854,,0.7315190753293743,0.8799966257020964,3.3559283722655526,COMPLETE,rango,random_forest,,13.0,0.4525636723004087,1.0,2.0,224.0,,,,,,,,,
64,0.721208485293367,,0.7459952840029239,0.8939203424494535,3.4192980763238436,COMPLETE,rango,random_forest,,12.0,0.45570047125901775,1.0,2.0,248.0,,,,,,,,,
65,0.7294574659523079,,0.7319879663242728,0.8805962292042852,3.3616523913577097,COMPLETE,rango,random_forest,,13.0,0.48786802455559436,1.0,2.0,230.0,,,,,,,,,
66,0.689715426799689,,0.78910651829319,0.9430595916661928,3.6248539342877812,COMPLETE,rango,random_forest,,13.0,0.4783225165028375,2.0,2.0,230.0,,,,,,,,,
67,0.7263578562230292,,0.7433899555348082,0.8856263645265108,3.4046671698242235,COMPLETE,rango,random_forest,,13.0,0.5036290377101804,1.0,2.0,230.0,,,,,,,,,
68,0.602608459203794,,0.9141234048303938,1.0672553824073412,4.202015657441364,COMPLETE,rango,random_forest,,15.0,0.4924101483821184,3.0,3.0,230.0,,,,,,,,,
69,0.6914596882452969,,0.7972429155026928,0.9404051561797004,3.657395769248227,COMPLETE,rango,random_forest,,13.0,0.5141377792143152,2.0,2.0,702.0,,,,,,,,,
70,0.7089974346618062,,0.7655213067886624,0.9132873735141729,3.5107672727656767,COMPLETE,rango,random_forest,,14.0,0.430622434756145,1.0,3.0,241.0,,,,,,,,,
71,0.730100300361114,,0.7303845089030114,0.8795494174306583,3.3506840340091872,COMPLETE,rango,random_forest,,12.0,0.4467273945966115,1.0,2.0,223.0,,,,,,,,,
72,0.7347195701952092,,0.7257198856691249,0.8719902940612874,3.327950081974032,COMPLETE,rango,random_forest,,13.0,0.39951077749227,1.0,2.0,231.0,,,,,,,,,
73,0.6900637798471421,,0.7931991444884405,0.9425300617303628,3.643196415265005,COMPLETE,rango,random_forest,,13.0,0.3947844902356902,2.0,3.0,222.0,,,,,,,,,
74,0.7188889724720694,,0.7514151747828994,0.8976312961527922,3.4442671128438502,COMPLETE,rango,random_forest,,13.0,0.4558103222486609,1.0,2.0,296.0,,,,,,,,,
75,0.7057682306305104,,0.775014003600385,0.9183406875358795,3.550822227466721,COMPLETE,rango,random_forest,,15.0,0.5563188288895089,1.0,2.0,255.0,,,,,,,,,
76,0.6899161815590797,,0.7995904161194656,0.942754461551956,3.6729177717463264,COMPLETE,rango,random_forest,,14.0,0.524438065937103,2.0,3.0,222.0,,,,,,,,,
77,0.7003332311921018,,0.7708113048843851,0.9267835938225565,3.5370073910779363,COMPLETE,rango,random_forest,,11.0,0.48693452085170635,1.0,4.0,263.0,,,,,,,,,
78,0.6089408624556805,,0.9026397263382197,1.0587179191756426,4.151258568667051,COMPLETE,rango,random_forest,,12.0,0.3996768885639774,3.0,3.0,215.0,,,,,,,,,
79,0.6840372709627611,,0.8025952389527107,0.9516493883303042,3.6867290099464456,COMPLETE,rango,random_forest,,11.0,0.44001806496095747,2.0,4.0,293.0,,,,,,,,,
0,0.29279656004422905,,1.116493018255367,1.4237417708967304,5.153725873357782,COMPLETE,rango,extra_trees,,18.0,0.4514121162875837,9.0,15.0,500.0,,,,,,,,,
1,0.07686351114232026,,1.3151549229207928,1.6266420819756553,6.02956664547435,COMPLETE,rango,extra_trees,,2.0,0.8102471755674295,11.0,15.0,324.0,,,,,,,,,
2,0.20534410859824226,,1.1839121574118598,1.5092062616803132,5.452464551872358,COMPLETE,rango,extra_trees,,18.0,0.4681862286846154,10.0,6.0,216.0,,,,,,,,,
3,0.4613471396435501,,1.014913064159687,1.2425490162528081,4.685535831598148,COMPLETE,rango,extra_trees,,7.0,0.5392989411287272,7.0,11.0,346.0,,,,,,,,,
4,0.5974351642618133,,0.9008185912180954,1.0741797546096452,4.152138791296369,COMPLETE,rango,extra_trees,,4.0,0.6464454897410734,4.0,10.0,690.0,,,,,,,,,
5,0.4027202845084965,,1.0255124041066037,1.3084222702864319,4.749315593050688,COMPLETE,rango,extra_trees,,5.0,0.3801927682679985,7.0,15.0,828.0,,,,,,,,,
6,0.3073926142798994,,1.1947481004701297,1.4089727826818446,5.481352491802078,COMPLETE,rango,extra_trees,,4.0,0.9776608214984636,1.0,23.0,686.0,,,,,,,,,
7,0.5265955787661067,,0.9672723308418283,1.1648639351218142,4.456652917559343,COMPLETE,rango,extra_trees,,7.0,0.6360991209307408,2.0,17.0,847.0,,,,,,,,,
8,0.3715796133141608,,1.0860931915418435,1.342097840218976,5.00712707047541,COMPLETE,rango,extra_trees,,10.0,0.518206988040011,1.0,22.0,297.0,,,,,,,,,
9,0.4398265421439117,,1.0183965806222761,1.2671274764476785,4.707729776911361,COMPLETE,rango,extra_trees,,7.0,0.47015539609159257,7.0,14.0,730.0,,,,,,,,,
10,0.6324087809891189,,0.8756859429060975,1.026459004542952,4.027157124445358,COMPLETE,rango,extra_trees,,12.0,0.7660575266039114,4.0,2.0,965.0,,,,,,,,,
11,0.6322984006981363,,0.876199931619421,1.0266131055300356,4.029381369125992,COMPLETE,rango,extra_trees,,13.0,0.7684132788054852,4.0,3.0,928.0,,,,,,,,,
12,0.6364747117647784,,0.8686459656120493,1.0207663816978991,3.9959695450439794,COMPLETE,rango,extra_trees,,14.0,0.8225913410012512,4.0,2.0,994.0,,,,,,,,,
13,0.62963308927776,,0.8826788313202149,1.0303271267159424,4.056298176109049,COMPLETE,rango,extra_trees,,14.0,0.8852734205822993,4.0,2.0,976.0,,,,,,,,,
14,0.5613782651157853,,0.9641805317685276,1.1212542929255835,4.437385647882791,COMPLETE,rango,extra_trees,,14.0,0.7579679144163672,5.0,6.0,977.0,,,,,,,,,
15,0.7541844459147561,,0.7024026790109332,0.8393898714387182,3.216179542205724,COMPLETE,rango,extra_trees,,12.0,0.9316052292349586,3.0,6.0,530.0,,,,,,,,,
16,0.778620187478499,,0.6591458353644102,0.7965775313485046,3.010767168128824,COMPLETE,rango,extra_trees,,10.0,0.9976932101031815,2.0,6.0,526.0,,,,,,,,,
17,0.7623709800687013,,0.6844318507003853,0.8252941811682364,3.129043619508366,COMPLETE,rango,extra_trees,,10.0,0.9974110430847887,2.0,8.0,508.0,,,,,,,,,
18,0.7515584126103646,,0.7058811442208026,0.843861537180219,3.2318431645088608,COMPLETE,rango,extra_trees,,10.0,0.9706664697203916,1.0,9.0,467.0,,,,,,,,,
19,0.7654904123000263,,0.6786029650423635,0.8198593355215865,3.1073315411770546,COMPLETE,rango,extra_trees,,10.0,0.8832389430971903,2.0,8.0,596.0,,,,,,,,,
20,0.5290553890381096,,0.9931692602253173,1.1618336760774581,4.568866628491608,COMPLETE,rango,extra_trees,,16.0,0.8879456736074703,6.0,12.0,616.0,,,,,,,,,
21,0.7619602402041862,,0.685349308813688,0.8260071304223557,3.132720336904133,COMPLETE,rango,extra_trees,,10.0,0.991134899441861,2.0,8.0,427.0,,,,,,,,,
22,0.7635496791914244,,0.6858469743299795,0.8232448043109033,3.1365786817459296,COMPLETE,rango,extra_trees,,9.0,0.888593485214784,2.0,8.0,601.0,,,,,,,,,
23,0.7516056153164596,,0.7078224368709553,0.843781368556437,3.2402209049368706,COMPLETE,rango,extra_trees,,8.0,0.8971063020353869,3.0,5.0,593.0,,,,,,,,,
24,0.7588863695181425,,0.6907166369261402,0.8313232481702774,3.1677844287015864,COMPLETE,rango,extra_trees,,9.0,0.8535044460825535,3.0,4.0,619.0,,,,,,,,,
25,0.7597914740254404,,0.6891149601691724,0.8297614495331008,3.1622312837450166,COMPLETE,rango,extra_trees,,12.0,0.7185535533463597,2.0,8.0,404.0,,,,,,,,,
26,0.5425325337112468,,0.9724491847560333,1.1450887595471195,4.476196289212344,COMPLETE,rango,extra_trees,,8.0,0.9316969600651129,6.0,12.0,561.0,,,,,,,,,
27,0.43919665220307524,,1.0758889867523829,1.2678396903118199,4.944318911890198,COMPLETE,rango,extra_trees,,11.0,0.9317774235442604,5.0,18.0,783.0,,,,,,,,,
28,0.7318078850689294,,0.7346334420621787,0.8767626632741231,3.370022874397274,COMPLETE,rango,extra_trees,,6.0,0.8372110458567313,1.0,10.0,654.0,,,,,,,,,
29,0.13934385167761398,,1.237324233161611,1.5706299782115132,5.688614889230333,COMPLETE,rango,extra_trees,,16.0,0.5979971705242768,12.0,7.0,463.0,,,,,,,,,
30,0.3612284025995076,,1.116100279918231,1.3531060731408497,5.137015806262797,COMPLETE,rango,extra_trees,,9.0,0.6952619708304101,9.0,4.0,553.0,,,,,,,,,
31,0.7600441783139422,,0.6897565855995076,0.8293248716619672,3.1567883954677454,COMPLETE,rango,extra_trees,,11.0,0.9541739646596017,2.0,8.0,505.0,,,,,,,,,
32,0.6805479220959372,,0.8052850364264061,0.9568897518065659,3.695807918621314,COMPLETE,rango,extra_trees,,9.0,0.8581372462400065,3.0,10.0,389.0,,,,,,,,,
33,0.7767088474349165,,0.6633526307919828,0.8000088703130247,3.0287437793326624,COMPLETE,rango,extra_trees,,11.0,0.9988433171942422,2.0,7.0,489.0,,,,,,,,,
34,0.7512184037694762,,0.7078385048289356,0.8444387800763241,3.239943869069112,COMPLETE,rango,extra_trees,,11.0,0.906077949753681,3.0,5.0,583.0,,,,,,,,,
35,0.7879140761891487,,0.6398512824236741,0.7796774385963905,2.9351641795765646,COMPLETE,rango,extra_trees,,8.0,0.8051548931481591,1.0,7.0,449.0,,,,,,,,,
36,0.16504850639834245,,1.2611698678330623,1.5469976986462106,5.789115388245804,COMPLETE,rango,extra_trees,,2.0,0.7915477449647271,9.0,6.0,274.0,,,,,,,,,
37,0.6737349484002438,,0.8179769250889684,0.9670397426145498,3.7546994130126246,COMPLETE,rango,extra_trees,,8.0,0.9513322040316121,1.0,11.0,342.0,,,,,,,,,
38,0.7956373174656998,,0.6334917965233914,0.7653495691244027,2.9020413659126283,COMPLETE,rango,extra_trees,,6.0,0.802228927476041,1.0,4.0,466.0,,,,,,,,,
39,0.750112348403613,,0.7068135342068359,0.8463138388599413,3.238464952244587,COMPLETE,rango,extra_trees,,4.0,0.7315373028271325,1.0,4.0,200.0,,,,,,,,,
40,0.7859572522644191,,0.6541420873432474,0.7832660510758986,3.00162659064608,COMPLETE,rango,extra_trees,,5.0,0.6501018302528077,1.0,3.0,448.0,,,,,,,,,
41,0.8009358877321155,,0.6320590257216331,0.7553626912281425,2.899712280025178,COMPLETE,rango,extra_trees,,6.0,0.6448093699024936,1.0,3.0,450.0,,,,,,,,,
42,0.7999059318731628,,0.6241599582636297,0.757314289853945,2.8742110763240936,COMPLETE,rango,extra_trees,,5.0,0.5930705106604844,1.0,3.0,371.0,,,,,,,,,
43,0.8078946450514031,,0.6085584187006686,0.7420425004239029,2.804486419496901,COMPLETE,rango,extra_trees,,5.0,0.6101610610490289,1.0,3.0,257.0,,,,,,,,,
44,0.8094302773177207,,0.6093471267749627,0.7390707176540309,2.804913494438713,COMPLETE,rango,extra_trees,,6.0,0.5987985411688118,1.0,3.0,250.0,,,,,,,,,
45,0.6240905306903154,,0.8533529375825225,1.0380079449152806,3.9486715661585765,COMPLETE,rango,extra_trees,,3.0,0.5737508258706012,1.0,3.0,253.0,,,,,,,,,
46,0.22258800727956873,,1.1769886193582157,1.492741691658781,5.420554981077924,COMPLETE,rango,extra_trees,,6.0,0.5082344351359627,10.0,2.0,310.0,,,,,,,,,
47,0.7982151052197217,,0.6154982605689693,0.7605072717534811,2.8343375498320706,COMPLETE,rango,extra_trees,,5.0,0.6013956759026725,1.0,4.0,369.0,,,,,,,,,
48,0.4057448914615569,,1.0671082655322444,1.3051051595269647,4.919602495738741,COMPLETE,rango,extra_trees,,5.0,0.6201105217737055,8.0,5.0,371.0,,,,,,,,,
49,0.5844997997703953,,0.8835358849074972,1.091301276923144,4.087732880486531,COMPLETE,rango,extra_trees,,3.0,0.5517877885714705,3.0,2.0,246.0,,,,,,,,,
50,0.7279804905143039,,0.7193941241805436,0.8829966811599638,3.33808541915115,COMPLETE,rango,extra_trees,,4.0,0.407285979252046,1.0,3.0,349.0,,,,,,,,,
51,0.8037202492773717,,0.6246114124703187,0.7500613609022129,2.8685923827958435,COMPLETE,rango,extra_trees,,6.0,0.6655588882245952,1.0,4.0,290.0,,,,,,,,,
52,0.809908163715598,,0.6059866295100389,0.7381434624256878,2.7782902137759224,COMPLETE,rango,extra_trees,,7.0,0.6585812341217925,2.0,3.0,289.0,,,,,,,,,
53,0.8132135595732446,,0.5985377416986732,0.7316977466917504,2.748481852009825,COMPLETE,rango,extra_trees,,7.0,0.6619293116871768,2.0,3.0,288.0,,,,,,,,,
54,0.44886443374601337,,1.0397512417783124,1.2568639325251567,4.7907175112475855,COMPLETE,rango,extra_trees,,7.0,0.6685476857124886,2.0,21.0,236.0,,,,,,,,,
55,0.8066550072085555,,0.6070734575511795,0.7444328158434365,2.780969007711169,COMPLETE,rango,extra_trees,,7.0,0.6977676846757908,2.0,2.0,288.0,,,,,,,,,
56,0.7736460351919408,,0.6713267986700222,0.8054769142957322,3.0846279758666353,COMPLETE,rango,extra_trees,,7.0,0.6817704987201705,3.0,2.0,293.0,,,,,,,,,
57,0.6397277398471957,,0.8508142904344419,1.016188923341672,3.9215248015821094,COMPLETE,rango,extra_trees,,6.0,0.7033861426383213,4.0,5.0,222.0,,,,,,,,,
58,0.5770988981359506,,0.9307341539738915,1.1009775237291433,4.287728167468693,COMPLETE,rango,extra_trees,,7.0,0.7390883486344028,5.0,2.0,279.0,,,,,,,,,
59,0.7628905496505498,,0.685442729101396,0.8243914454710737,3.155515680558172,COMPLETE,rango,extra_trees,,4.0,0.6651431863822761,2.0,5.0,311.0,,,,,,,,,
60,0.8066163419608618,,0.6082992040430139,0.7445072481830072,2.789248283503146,COMPLETE,rango,extra_trees,,7.0,0.6224782360025917,2.0,4.0,326.0,,,,,,,,,
61,0.8061646219978131,,0.6085449664133487,0.7453762787549415,2.7899304484717518,COMPLETE,rango,extra_trees,,7.0,0.6217554158416239,2.0,4.0,265.0,,,,,,,,,
62,0.7508977071272409,,0.7053856412189385,0.8449828747137131,3.240331058201498,COMPLETE,rango,extra_trees,,7.0,0.6231588382599174,3.0,2.0,200.0,,,,,,,,,
63,0.5534771680700072,,0.9217373645532775,1.1313080564198776,4.256332079471718,COMPLETE,rango,extra_trees,,8.0,0.5596525498935306,2.0,16.0,331.0,,,,,,,,,
64,0.8024464710598231,,0.6158864871836178,0.7524912263560567,2.84062792538752,COMPLETE,rango,extra_trees,,7.0,0.5034891803206216,2.0,3.0,260.0,,,,,,,,,
65,0.7378851777699624,,0.7127408190820079,0.8667719228292768,3.2945625355335717,COMPLETE,rango,extra_trees,,5.0,0.5331137315000789,3.0,6.0,229.0,,,,,,,,,
66,0.7910952235775026,,0.6414447362472131,0.7738080253661842,2.950701154357525,COMPLETE,rango,extra_trees,,8.0,0.5817932634690465,2.0,5.0,324.0,,,,,,,,,
67,0.6542790392356956,,0.8306965709641463,0.9954556141953009,3.834689274484611,COMPLETE,rango,extra_trees,,9.0,0.6169696862124677,4.0,3.0,258.0,,,,,,,,,
68,0.8030591025748298,,0.6142446313378614,0.7513235484148201,2.814897225156549,COMPLETE,rango,extra_trees,,6.0,0.6937438003247592,2.0,4.0,397.0,,,,,,,,,
69,0.7623970343662492,,0.6909331171492004,0.8252489361691273,3.178292191814014,COMPLETE,rango,extra_trees,,8.0,0.6458729963174642,3.0,2.0,275.0,,,,,,,,,
70,0.3266430363544517,,1.1558442740547608,1.3892542132838688,5.312054789651263,COMPLETE,rango,extra_trees,,7.0,0.7171257122399897,2.0,24.0,315.0,,,,,,,,,
71,0.8030340257872951,,0.6266011054396641,0.7513713804840387,2.8772737755975615,COMPLETE,rango,extra_trees,,6.0,0.6706882568017798,1.0,4.0,293.0,,,,,,,,,
72,0.7999540535956862,,0.6227849374792297,0.7572232190395165,2.858123505041628,COMPLETE,rango,extra_trees,,5.0,0.6198216661585835,2.0,4.0,348.0,,,,,,,,,
73,0.7978011105701346,,0.6309092201736112,0.7612870244148711,2.8927382261645533,COMPLETE,rango,extra_trees,,6.0,0.6596081377458285,1.0,5.0,223.0,,,,,,,,,
74,0.7892130192345554,,0.6416288462606157,0.7772861624113081,2.947573815974945,COMPLETE,rango,extra_trees,,7.0,0.6344609109090665,2.0,6.0,289.0,,,,,,,,,
75,0.7517056721018232,,0.7053300402074515,0.8436114078805733,3.2383454402661416,COMPLETE,rango,extra_trees,,9.0,0.7604267844460799,3.0,3.0,420.0,,,,,,,,,
76,0.757060908748389,,0.6870382245613453,0.8344642702540508,3.17178221377623,COMPLETE,rango,extra_trees,,4.0,0.6014497113889181,1.0,4.0,265.0,,,,,,,,,
77,0.4387555222204703,,1.0540180534411445,1.2683382359808357,4.851187679770765,COMPLETE,rango,extra_trees,,6.0,0.6838449225363648,2.0,19.0,242.0,,,,,,,,,
78,0.7919704544061755,,0.6327781993254792,0.7721853446733266,2.9037613959227113,COMPLETE,rango,extra_trees,,7.0,0.7169951110357501,1.0,7.0,869.0,,,,,,,,,
79,0.6052928023830422,,0.8745548110978015,1.0636446687652468,4.037730789145607,COMPLETE,rango,extra_trees,,8.0,0.567694460528284,2.0,14.0,303.0,,,,,,,,,
0,-0.22843624225890413,,1.7013552728842138,1.8764429072670146,7.623114472555435,COMPLETE,rango,hist_gradient_boosting,,,,32.0,,,1.2363188277052228e-05,0.021642251106469404,671.0,49.0,,,,,
1,-2.212404561726943,,2.6164147171551835,3.0344093062597874,11.494972451602523,COMPLETE,rango,hist_gradient_boosting,,,,32.0,,,0.090470719575684,0.009204496040276266,134.0,57.0,,,,,
2,0.24253598607446214,,1.1325967274572197,1.4734657560802082,5.227173424024403,COMPLETE,rango,hist_gradient_boosting,,,,14.0,,,1.8740223688836324e-05,0.005419290634672375,682.0,55.0,,,,,
3,-0.37603841130164883,,1.6614708001393783,1.985977497071047,7.510011383651182,COMPLETE,rango,hist_gradient_boosting,,,,24.0,,,0.00010929592787219404,0.01024634005770867,282.0,37.0,,,,,
4,0.19460435063252046,,1.2102122901696886,1.519370480368886,5.540481434930559,COMPLETE,rango,hist_gradient_boosting,,,,21.0,,,0.0015577217702693043,0.05476331374316277,183.0,24.0,,,,,
5,-0.1520466162577787,,1.641659837931178,1.8171637766563455,7.354486312607614,COMPLETE,rango,hist_gradient_boosting,,,,32.0,,,2.1142332035497158e-06,0.10788483727948411,220.0,37.0,,,,,
6,-7.073361635537012,,4.50268925502465,4.8104560146698105,18.819183388051474,COMPLETE,rango,hist_gradient_boosting,,,,48.0,,,5.746775499181867,0.053848112391315636,202.0,11.0,,,,,
7,-0.2260090626747564,,1.7122067065087883,1.874588225805339,7.6185232168801535,COMPLETE,rango,hist_gradient_boosting,,,,36.0,,,0.0012052231254145623,0.11814432092118202,283.0,13.0,,,,,
8,-7.073361635537012,,4.50268925502465,4.8104560146698105,18.819183388051474,COMPLETE,rango,hist_gradient_boosting,,,,46.0,,,6.478282331897332e-05,0.008059522363804595,397.0,9.0,,,,,
9,-0.4870028408354956,,1.7412062675876858,2.0645002688822935,7.779417122614284,COMPLETE,rango,hist_gradient_boosting,,,,30.0,,,1.967801053211497e-05,0.0667690954439529,287.0,37.0,,,,,
10,0.671026814018886,,0.7655519259036486,0.9710448629415793,3.574041816927938,COMPLETE,rango,hist_gradient_boosting,,,,6.0,,,0.036565023379591846,0.022639291620412304,660.0,63.0,,,,,
11,0.6724183413906741,,0.7642924434047194,0.9689889697939083,3.5670814600743848,COMPLETE,rango,hist_gradient_boosting,,,,6.0,,,0.1475158931424759,0.022687615652227402,691.0,63.0,,,,,
12,0.6784971350694602,,0.7584800074753498,0.959956311432226,3.538832338803641,COMPLETE,rango,hist_gradient_boosting,,,,6.0,,,0.14174738765779735,0.02256508822740643,566.0,63.0,,,,,
13,0.6949456576214821,,0.7619206417678638,0.9350775933157196,3.537168186073362,COMPLETE,rango,hist_gradient_boosting,,,,5.0,,,1.331411893520304,0.026059578182190117,544.0,64.0,,,,,
14,0.10777911380117655,,1.238389110812391,1.5991722221758005,5.682816371734887,COMPLETE,rango,hist_gradient_boosting,,,,14.0,,,5.937513315185792,0.03362649631348126,543.0,47.0,,,,,
15,0.06637606226598636,,1.2772041384671344,1.6358558590386938,5.8469144444624,COMPLETE,rango,hist_gradient_boosting,,,,13.0,,,0.7403373814704578,0.21860300184408024,538.0,47.0,,,,,
16,0.39071864052266847,,1.0173980689396047,1.3215025039706192,4.7127317737035455,COMPLETE,rango,hist_gradient_boosting,,,,10.0,,,0.010807884533589544,0.017975715859247992,529.0,55.0,,,,,
17,0.15131994739293542,,1.2469388821775849,1.559663978633224,5.708671013764309,COMPLETE,rango,hist_gradient_boosting,,,,20.0,,,0.6748425178197053,0.012925848253551865,468.0,25.0,,,,,
18,-0.46384860250793447,,1.8082532072174378,2.048363959372086,8.081740451295582,COMPLETE,rango,hist_gradient_boosting,,,,41.0,,,0.5537398418146185,0.03427798594801205,607.0,64.0,,,,,
19,0.7087632542721061,,0.7600232995998231,0.9136547774613528,3.518552810806947,COMPLETE,rango,hist_gradient_boosting,,,,5.0,,,0.01069145270287861,0.015227869901959866,437.0,51.0,,,,,
20,0.15006428433557362,,1.2444635124408043,1.5608173512015064,5.69546047456031,COMPLETE,rango,hist_gradient_boosting,,,,17.0,,,0.0037686440305281003,0.014204680611021026,403.0,43.0,,,,,
21,0.7228784888225062,,0.7377106470393738,0.8912389616173222,3.4098617961987867,COMPLETE,rango,hist_gradient_boosting,,,,5.0,,,0.017152443186983425,0.03265182566698616,464.0,57.0,,,,,
22,0.45763768952793815,,0.9816124691088959,1.2468201023563998,4.551366525798993,COMPLETE,rango,hist_gradient_boosting,,,,9.0,,,0.0005044914293252812,0.03220600008050103,425.0,57.0,,,,,
23,0.3394346965593852,,1.0755039337384456,1.3759952156717095,4.965465337586187,COMPLETE,rango,hist_gradient_boosting,,,,10.0,,,0.01332806756981508,0.042364408140842004,476.0,51.0,,,,,
24,0.7143037651072459,,0.7572653332301531,0.904922326026844,3.5010413743679645,COMPLETE,rango,hist_gradient_boosting,,,,5.0,,,0.009023554816470498,0.013649206162351771,469.0,43.0,,,,,
25,0.17885800296709753,,1.1467183115075525,1.534151245330184,5.309108487470195,COMPLETE,rango,hist_gradient_boosting,,,,10.0,,,0.007166490516422402,0.005918649368572037,330.0,42.0,,,,,
26,0.1551263438897441,,1.2303225148731487,1.5561624405114598,5.640296671034281,COMPLETE,rango,hist_gradient_boosting,,,,17.0,,,0.03635155355037702,0.014188765517787402,353.0,29.0,,,,,
27,-0.39339827117713555,,1.6798346549612455,1.9984656059091694,7.583386461385255,COMPLETE,rango,hist_gradient_boosting,,,,25.0,,,0.0004039154262746653,0.0069990013847804925,477.0,42.0,,,,,
28,0.31831263890563355,,1.0591957993940537,1.3978213376243953,4.896925717168825,COMPLETE,rango,hist_gradient_boosting,,,,12.0,,,0.02879986549572515,0.017142375935206434,462.0,52.0,,,,,
29,0.10151146372007902,,1.2660432157556043,1.604779304009772,5.808732520991126,COMPLETE,rango,hist_gradient_boosting,,,,17.0,,,0.0029181016415674474,0.010542407507493145,352.0,45.0,,,,,
30,0.49241393623720786,,0.9427008026887764,1.2061849060102006,4.3735790827262075,COMPLETE,rango,hist_gradient_boosting,,,,8.0,,,0.0004633511518345447,0.017273681666061882,627.0,32.0,,,,,
31,0.698152664674911,,0.737716124803828,0.9301494161878623,3.4441900596249595,COMPLETE,rango,hist_gradient_boosting,,,,6.0,,,0.3468204150270406,0.025123232986421187,585.0,58.0,,,,,
32,0.7254534338459241,,0.7318342097281153,0.8870887115659752,3.3878390143292774,COMPLETE,rango,hist_gradient_boosting,,,,5.0,,,0.08023375402124876,0.02746991187491571,439.0,51.0,,,,,
33,0.4825976937172336,,0.9511758889491316,1.2177923029605877,4.409082323519215,COMPLETE,rango,hist_gradient_boosting,,,,8.0,,,0.04726330973539398,0.04152244710971765,431.0,52.0,,,,,
34,0.346757856834395,,1.0408569024231145,1.3683466779451894,4.814982071796013,COMPLETE,rango,hist_gradient_boosting,,,,12.0,,,0.013952622982943799,0.011238755876616924,501.0,49.0,,,,,
35,0.7039934711433143,,0.7621284317202474,0.9211061664484095,3.5274899625451286,COMPLETE,rango,hist_gradient_boosting,,,,5.0,,,0.08244886213367818,0.0295063517462706,386.0,59.0,,,,,
36,0.08310522741880721,,1.2473958994282919,1.6211335472164186,5.718144575019313,COMPLETE,rango,hist_gradient_boosting,,,,15.0,,,0.004700247749568423,0.07133939277014681,439.0,54.0,,,,,
37,-1.6638329248629735,,2.318593855239099,2.7632013722670905,10.280208255042846,COMPLETE,rango,hist_gradient_boosting,,,,21.0,,,0.0012394430390095766,0.00864641825931768,105.0,40.0,,,,,
38,0.46459968336833224,,0.9745439852655507,1.2387918985896842,4.518763846507085,COMPLETE,rango,hist_gradient_boosting,,,,9.0,,,0.22366174030438585,0.01732793729062941,351.0,60.0,,,,,
39,0.1647343615275444,,1.1651636487451205,1.54728869500509,5.367107163840963,COMPLETE,rango,hist_gradient_boosting,,,,12.0,,,0.021395202363943943,0.05139956955505314,500.0,34.0,,,,,
40,0.4819560449526995,,0.9714784491649399,1.2185471824890015,4.495018916719648,COMPLETE,rango,hist_gradient_boosting,,,,8.0,,,0.0001515038718876533,0.039860073299944086,499.0,49.0,,,,,
41,0.5912523174447069,,0.8509238094198043,1.08239729028042,3.9566013685824712,COMPLETE,rango,hist_gradient_boosting,,,,7.0,,,0.06858074085823913,0.02894424611612586,400.0,59.0,,,,,
42,0.6502805960739799,,0.7995612686691407,1.0011955471689458,3.721726826856378,COMPLETE,rango,hist_gradient_boosting,,,,5.0,,,2.0816377088656033,0.020651194221950726,380.0,54.0,,,,,
43,0.7065210801150126,,0.7677231203184721,0.9171650579731918,3.5551516379527865,COMPLETE,rango,hist_gradient_boosting,,,,5.0,,,0.08599001076905563,0.013415774673383818,446.0,60.0,,,,,
44,0.4484465831065563,,0.9693539706379918,1.2573402961682396,4.4975684703154135,COMPLETE,rango,hist_gradient_boosting,,,,10.0,,,0.11775096878048069,0.012162250677000832,445.0,56.0,,,,,
45,-1.0820340457094528,,2.1535676920147253,2.4428846359088667,9.579765121007606,COMPLETE,rango,hist_gradient_boosting,,,,37.0,,,0.0024093124377656174,0.009708386465274579,243.0,46.0,,,,,
46,0.6607211730178046,,0.8008986222856849,0.9861373854055098,3.7238933080569137,COMPLETE,rango,hist_gradient_boosting,,,,5.0,,,0.006099463030962559,0.007136028634974732,415.0,61.0,,,,,
47,0.3201590303533298,,1.0788492104633727,1.3959270122125362,4.981860168917508,COMPLETE,rango,hist_gradient_boosting,,,,15.0,,,0.021428070815638883,0.014826493166299675,318.0,50.0,,,,,
48,0.605550651462281,,0.8257714371783552,1.0632971901710242,3.847033106724814,COMPLETE,rango,hist_gradient_boosting,,,,7.0,,,0.22354972975089082,0.020917006621894912,515.0,19.0,,,,,
49,0.13288479556033972,,1.2121426996308682,1.5765125973133052,5.56555499107718,COMPLETE,rango,hist_gradient_boosting,,,,11.0,,,2.383072924997366,0.07213395518997487,453.0,53.0,,,,,
50,-7.073361635537012,,4.50268925502465,4.8104560146698105,18.819183388051474,COMPLETE,rango,hist_gradient_boosting,,,,50.0,,,0.009254686788475942,0.020130954099819968,378.0,39.0,,,,,
51,0.7202899957480148,,0.7548290248693689,0.8953916593774156,3.4897298630176663,COMPLETE,rango,hist_gradient_boosting,,,,5.0,,,0.08554961862034892,0.029832898567246153,386.0,61.0,,,,,
52,0.6069834439771984,,0.8292388512952646,1.0613642800899608,3.861072481855679,COMPLETE,rango,hist_gradient_boosting,,,,7.0,,,2.199056981490425e-06,0.027995039472484638,418.0,61.0,,,,,
53,0.7240567083545596,,0.7456374626293731,0.8893423321190532,3.4451751908052475,COMPLETE,rango,hist_gradient_boosting,,,,5.0,,,0.060712487590148384,0.024631216970533897,567.0,56.0,,,,,
54,0.49022683692996993,,0.937812611941994,1.2087807323603688,4.348660863869005,COMPLETE,rango,hist_gradient_boosting,,,,8.0,,,0.0494531820521738,0.047785398322755177,584.0,57.0,,,,,
55,0.597979188230408,,0.8353603762441628,1.0734536888352009,3.8881490718427196,COMPLETE,rango,hist_gradient_boosting,,,,7.0,,,0.01699653483084087,0.06029380939945699,566.0,55.0,,,,,
56,-0.23483883215037094,,1.6832474982916001,1.8813265472652794,7.5540638705533985,COMPLETE,rango,hist_gradient_boosting,,,,31.0,,,0.21460948932683196,0.024215493635734567,650.0,45.0,,,,,
57,0.1702477343152019,,1.2058650583775286,1.5421736136386595,5.540253839611886,COMPLETE,rango,hist_gradient_boosting,,,,14.0,,,0.030711850614066113,0.03367337025939963,527.0,48.0,,,,,
58,0.4184544287955947,,1.0196348218911828,1.2910733630227011,4.716174643575935,COMPLETE,rango,hist_gradient_boosting,,,,9.0,,,0.002188267369406276,0.0377338884217919,483.0,52.0,,,,,
59,-0.4278863772825874,,1.6855790587209987,2.0230465213389532,7.530174352173905,COMPLETE,rango,hist_gradient_boosting,,,,27.0,,,0.37947250139350175,0.09962374529453596,552.0,56.0,,,,,
60,0.36227309453914014,,1.063630064627909,1.3519991380066472,4.904416300072967,COMPLETE,rango,hist_gradient_boosting,,,,11.0,,,0.0007729283569710403,0.015746514486070496,315.0,63.0,,,,,
61,0.7109786437565029,,0.7599427906223447,0.9101731337871762,3.520599063463255,COMPLETE,rango,hist_gradient_boosting,,,,5.0,,,0.07404586834767614,0.013112230575814772,454.0,61.0,,,,,
62,0.7058379495779542,,0.7600421751321847,0.9182318795382228,3.516571739417558,COMPLETE,rango,hist_gradient_boosting,,,,5.0,,,0.061586387257412334,0.01877596199626502,483.0,62.0,,,,,
63,0.5854735942617522,,0.8578928269321606,1.090021702860551,3.9877896044884933,COMPLETE,rango,hist_gradient_boosting,,,,7.0,,,0.007766589863539751,0.02616089930834782,416.0,51.0,,,,,
64,0.4588719215974999,,0.9764374340514073,1.2454006251853065,4.529121900017322,COMPLETE,rango,hist_gradient_boosting,,,,9.0,,,0.16116942871380388,0.011897210775406683,374.0,58.0,,,,,
65,0.7116773412654129,,0.6968031278201833,0.9090723146089067,3.267670243286903,COMPLETE,rango,hist_gradient_boosting,,,,6.0,,,1.093918392147622,0.03065675552636515,458.0,44.0,,,,,
66,0.6966860708478221,,0.7177503393297242,0.9324063491404881,3.3593617413505896,COMPLETE,rango,hist_gradient_boosting,,,,6.0,,,1.191330406174007,0.04752740994469917,509.0,44.0,,,,,
67,-0.598648780154913,,1.8528795869856676,2.140600265595822,8.282787633186906,COMPLETE,rango,hist_gradient_boosting,,,,44.0,,,3.927224405671465,0.03094672409380426,462.0,41.0,,,,,
68,0.28500371854908335,,1.11704099315689,1.4315645528467573,5.146237359486063,COMPLETE,rango,hist_gradient_boosting,,,,11.0,,,0.5047360427588319,0.03551589557648939,400.0,38.0,,,,,
69,0.5873559233101877,,0.8519320802719693,1.0875440391596165,3.959017092197502,COMPLETE,rango,hist_gradient_boosting,,,,7.0,,,1.1606110610215945,0.023638264528749214,698.0,36.0,,,,,
70,0.4417158863381897,,0.9923109955671569,1.2649887978260106,4.595470991792029,COMPLETE,rango,hist_gradient_boosting,,,,9.0,,,0.13218047892188445,0.02645431085717552,613.0,64.0,,,,,
71,0.7110837931869216,,0.7529845971069842,0.9100075527830416,3.483532563816987,COMPLETE,rango,hist_gradient_boosting,,,,5.0,,,0.03198939546981804,0.022506293022697358,429.0,48.0,,,,,
72,0.6989794988568087,,0.7688206447266134,0.928874588421453,3.5595339595399254,COMPLETE,rango,hist_gradient_boosting,,,,5.0,,,0.03226310596145263,0.023126871436200958,360.0,48.0,,,,,
73,-0.16095337394363907,,1.6543250741652185,1.824174723487326,7.412330746888069,COMPLETE,rango,hist_gradient_boosting,,,,34.0,,,0.051822881282949707,0.03082566233938262,466.0,43.0,,,,,
74,0.6742559438206692,,0.760468929071685,0.9662673268014841,3.5517263996670665,COMPLETE,rango,hist_gradient_boosting,,,,6.0,,,0.019212714908518023,0.03739392583732837,432.0,54.0,,,,,
75,0.4547870363058344,,0.9751137215826513,1.2500924478210511,4.51127472850973,COMPLETE,rango,hist_gradient_boosting,,,,8.0,,,0.36798146817596494,0.04389849757143327,492.0,47.0,,,,,
76,0.604977749963615,,0.8321305649736628,1.0640690808175755,3.8811792541599672,COMPLETE,rango,hist_gradient_boosting,,,,6.0,,,8.94549521369562,0.01591471637101599,523.0,58.0,,,,,
77,0.0682034265550101,,1.298008100875844,1.6342541602077525,5.93920474395332,COMPLETE,rango,hist_gradient_boosting,,,,13.0,,,0.10388531568692996,0.24806688657750392,449.0,50.0,,,,,
78,0.4095692080694364,,0.9961538346470983,1.300898892474923,4.619198609106124,COMPLETE,rango,hist_gradient_boosting,,,,10.0,,,0.0045907997819016055,0.018458373805612355,407.0,56.0,,,,,
79,0.5144049658282221,,0.9315783562248657,1.1797667800209475,4.323460325673296,COMPLETE,rango,hist_gradient_boosting,,,,8.0,,,0.012444157691355378,0.021855038353695656,336.0,60.0,,,,,
0,0.731625729408837,,0.689093236988771,0.8770603606405917,3.195637504269868,COMPLETE,rango,xgboost,,10.0,,,,431.0,,0.08762050559064072,,,0.6202083881990965,3.96389588638785,3.3323645788192616e-08,0.6245760287469893,0.8193963178886665
1,0.5919263697093128,,0.8748458616214088,1.0815044492800003,4.066375888097864,COMPLETE,rango,xgboost,,8.0,,,,601.0,,0.005419290634672375,,,0.9245991883601898,5.034443102887247,4.329370014459266e-07,4.4734294104626844e-07,0.9864594334728974
2,0.7450468001050372,,0.6745433466674471,0.8548487445771931,3.1302315251548363,COMPLETE,rango,xgboost,,6.0,,,,378.0,,0.027091411597666194,,,0.8253338026250707,3.6503833523887947,4.258943089524393e-06,1.9826980964985924e-05,0.6810531130891189
3,0.817017773902447,,0.5559633559533118,0.7242083002991406,2.5519043806053645,COMPLETE,rango,xgboost,,9.0,,,,492.0,,0.010919676461591487,,,0.8165865559879191,1.8825578416799567,0.0029369981104377003,3.425445902633376e-07,0.7814054972861253
4,0.7528979385864489,,0.6737459842121097,0.8415835324255312,3.066784966810662,COMPLETE,rango,xgboost,,10.0,,,,198.0,,0.21854952340652511,,,0.6870761961280168,2.8557701661212933,0.014391207615728067,9.148975058772307e-05,0.9137788066524075
5,-0.49110165571473674,,1.6405062986205912,2.067343633059691,7.4466611235801325,COMPLETE,rango,xgboost,,6.0,,,,241.0,,0.005719987374645638,,,0.6664509917200077,13.587923402725657,6.388511557344611e-06,0.0004793052550782129,0.959194180935452
6,-0.5769166190927997,,1.8125571389834885,2.126000732270535,8.094023574796966,COMPLETE,rango,xgboost,,3.0,,,,560.0,,0.22195513835256983,,,0.9727745237038852,18.001719658125328,0.002404915432737351,1.9809253750493907,0.8988097705125015
7,-0.33070210702333647,,1.5182322406060909,1.9529875149190348,6.922177973356043,COMPLETE,rango,xgboost,,3.0,,,,216.0,,0.0059677388712406935,,,0.724904780360267,6.155631603704022,0.28749982347407854,1.6247252885719427e-05,0.696398648843469
8,-0.13902748263907005,,1.48326626349045,1.806866833473521,6.749627941359175,COMPLETE,rango,xgboost,,6.0,,,,360.0,,0.008677528234927538,,,0.5835477896558969,19.75085179540983,0.08916674715636537,6.143857495033091e-07,0.9109886413393178
9,0.7959804381200881,,0.5985546646106618,0.7647067962796216,2.745208683402838,COMPLETE,rango,xgboost,,9.0,,,,154.0,,0.07941443105985017,,,0.8970716560086756,2.4068483829477167,1.683416412018213e-05,1.1036250149900698e-07,0.8780532256184443
10,0.02093428354005844,,1.3430516555381231,1.675193450300332,6.125175635432471,COMPLETE,rango,xgboost,,8.0,,,,842.0,,0.01666223441452634,,,0.8045258908066315,9.109445012282968,4.3444691085504035,1.2784194237583953e-08,0.5580828440266691
11,0.8190622032055915,,0.5566230467805535,0.7201512080593099,2.5357623947801673,COMPLETE,rango,xgboost,,8.0,,,,738.0,,0.0641266484362419,,,0.8724120340085176,1.700174644128054,0.00013730750409712947,1.3830977828403221e-08,0.8013361288506806
12,0.8189379042683563,,0.5414448404550637,0.7203985269260661,2.480292030438001,COMPLETE,rango,xgboost,,8.0,,,,723.0,,0.04582685433760387,,,0.8616757017023947,1.142695885108246,0.0001653282123997987,0.007483948702276168,0.7585243287729058
13,0.2655290713663978,,1.1563921337724887,1.450929630735444,5.312710399707562,COMPLETE,rango,xgboost,,7.0,,,,754.0,,0.05170822542517191,,,0.8526095478857014,8.23676295467294,8.773472263092467e-05,0.016756638283609265,0.7042596797198424
14,0.051746700063828976,,1.2989040699945569,1.648622512660844,5.938996074029341,COMPLETE,rango,xgboost,,5.0,,,,710.0,,0.03516781498692268,,,0.9893238931248386,11.432143796819684,0.00026906735625575645,0.008587026492761683,0.7576321777690994
15,0.7976430929287492,,0.5703268581328382,0.761584437735656,2.6084759728150573,COMPLETE,rango,xgboost,,8.0,,,,900.0,,0.11100498439487774,,,0.7535468407949238,1.2561931888925701,3.30735195092643e-07,0.016846643362048847,0.6245003266234201
16,0.5177047815203315,,0.933063531636142,1.175751449469902,4.322007044923597,COMPLETE,rango,xgboost,,4.0,,,,660.0,,0.05092426011725823,,,0.8924774135489815,6.638601070961663,0.0008219962609564758,0.0012574242824552632,0.8239309470546955
17,-0.08321375570713507,,1.427661232609739,1.7620414801285205,6.482912107916833,COMPLETE,rango,xgboost,,7.0,,,,787.0,,0.022124815668891486,,,0.9396951116399332,14.436695092760667,5.4972035730472314e-05,0.3416092846276225,0.7437155226434784
18,0.3880044989965291,,1.0709803994787064,1.3244426556812503,4.9357470282927665,COMPLETE,rango,xgboost,,9.0,,,,607.0,,0.13202992936876992,,,0.861425836123269,7.086454969900423,0.0259294208202731,0.1473357711352491,0.8319155110982274
19,-0.04119503971640537,,1.378563122972639,1.7275279788572067,6.277617205258884,COMPLETE,rango,xgboost,,7.0,,,,698.0,,0.052531846174940534,,,0.7713098365427533,10.527683293024964,6.650686475389145e-07,1.4068825781447074e-05,0.6270074155387303
20,0.6825440525894576,,0.7706150044846541,0.9538954529216316,3.5730681187499327,COMPLETE,rango,xgboost,,5.0,,,,810.0,,0.06520129468652852,,,0.8799037092767243,4.359699188860153,2.1310274386675965e-08,0.0017377542249006636,0.8530060170944956
21,0.814723559527602,,0.5561424347971703,0.7287341868380771,2.550802988672183,COMPLETE,rango,xgboost,,9.0,,,,490.0,,0.013070415277139385,,,0.8273231167075481,1.0317270682738446,0.004367183543512937,3.0072008521202734e-08,0.7830178244494111
22,0.8350952851086182,,0.5372980704897331,0.6875045570165662,2.456478890128301,COMPLETE,rango,xgboost,,9.0,,,,508.0,,0.03538128057524096,,,0.7868325761098303,1.1402961734418142,0.0004987910643562356,1.156870800143468e-06,0.7816025294449773
23,0.6139264076679449,,0.8583153461195685,1.0519475657530715,3.9736323464215046,COMPLETE,rango,xgboost,,8.0,,,,650.0,,0.03316044866311025,,,0.7396952818693636,5.471963938527071,0.00024515739632927883,3.888361917517534e-06,0.7412829290494943
24,0.7679212847135902,,0.6583549169858623,0.8155990298344471,3.04365476692505,COMPLETE,rango,xgboost,,10.0,,,,886.0,,0.02144444740660871,,,0.9381912295791619,3.127264277019827,3.117187213042728e-05,2.290255904499173e-06,0.7841665256293018
25,0.7419933561161289,,0.6473869919248338,0.8599525515876933,3.039039955663231,COMPLETE,rango,xgboost,,7.0,,,,533.0,,0.041176183586177556,,,0.776391004690734,1.4451498655044477,0.0008849299239384577,9.879192474391058,0.7183270315143238
26,0.7677095812952448,,0.6581659572590552,0.8159709418899087,3.036961820284337,COMPLETE,rango,xgboost,,9.0,,,,732.0,,0.13621693618926758,,,0.7049033496863267,3.015201318513548,0.00018411750012166804,3.4926537484711143e-08,0.802202296576123
27,0.5553677230978071,,0.8890910176571892,1.128910565542477,4.113145484526503,COMPLETE,rango,xgboost,,2.0,,,,428.0,,0.07127371301402596,,,0.8527756030672369,4.59147575623286,3.4883831316707584e-06,1.25731568610511e-07,0.6627094934342062
28,0.47795850662662065,,0.9661962973450439,1.2232396683727618,4.469220247695221,COMPLETE,rango,xgboost,,8.0,,,,644.0,,0.027881321990767018,,,0.7832856642117179,7.792942722269246,0.31401540424524044,0.00011048985888633225,0.8635445685396056
29,0.7336613382834367,,0.7069133742361554,0.8737277941335871,3.2398984403738575,COMPLETE,rango,xgboost,,10.0,,,,317.0,,0.0934788807315691,,,0.6127218038790063,3.9552013338012832,0.0006943540854738456,0.05637957284461835,0.8156960449548122
30,-0.054673076673912746,,1.4214163876424388,1.7386732582330482,6.466442230431937,COMPLETE,rango,xgboost,,9.0,,,,472.0,,0.0490389474885562,,,0.9046533638954077,12.381751914154101,1.292139886896667e-07,2.412430431608682e-06,0.7241550200165027
31,0.7897592195667451,,0.6038143287129486,0.7762784404302638,2.78478139556024,COMPLETE,rango,xgboost,,10.0,,,,445.0,,0.012049711089407136,,,0.8178638906805915,2.00532206445331,0.005411530786918368,3.438727735649074e-07,0.7648453644874895
32,0.8056660103808273,,0.5737873679156923,0.7463343457940139,2.6412888136618884,COMPLETE,rango,xgboost,,9.0,,,,564.0,,0.023655684012987847,,,0.7984082263971999,2.1867462025672513,0.00131103694459246,4.149793716489054e-08,0.7951117279369851
33,0.6451941023403327,,0.8116733512200329,1.0084502076649493,3.765295034129121,COMPLETE,rango,xgboost,,8.0,,,,405.0,,0.01631033184545094,,,0.8430711298083947,5.240028741988596,1.1094578064579036e-05,6.729774412159906e-07,0.7734752790197815
34,0.8244089997564349,,0.539778950756789,0.7094310149281927,2.4955543541244762,COMPLETE,rango,xgboost,,7.0,,,,509.0,,0.03313060755610591,,,0.8296634051876801,1.0231586805878605,0.009107227229924767,1.635013943597833e-07,0.6515048407680751
35,0.7306652489028506,,0.6947208169806253,0.8786284077755111,3.2167280190693126,COMPLETE,rango,xgboost,,7.0,,,,591.0,,0.031177853815663428,,,0.9197150190323953,3.67001321892862,0.02793095569419675,1.1158960813507513e-07,0.6485969519412406
36,0.798331386896493,,0.5750211411178197,0.7602881131173611,2.665712291694892,COMPLETE,rango,xgboost,,8.0,,,,509.0,,0.0602758316007103,,,0.8726508800302458,1.0484062463637862,1.5546441261238122e-06,1.0100538036601565e-08,0.5672027532460298
37,0.7940844884036713,,0.5875015906733148,0.7682517819522204,2.7210205834866494,COMPLETE,rango,xgboost,,7.0,,,,334.0,,0.039368529680209055,,,0.9575181562575564,2.6237275542088865,0.008820217933349302,0.003678776755500516,0.5964061420666651
38,-0.11051644526444626,,1.4514864836047092,1.7841096480593743,6.589436250971574,COMPLETE,rango,xgboost,,5.0,,,,611.0,,0.0434907888175516,,,0.6541722031683853,15.5808894171636,8.721648140564945e-05,0.00013274404402783323,0.8437230201801719
39,0.7380427326030079,,0.7477395676080701,0.8665113793154497,3.4429695472422877,COMPLETE,rango,xgboost,,6.0,,,,536.0,,0.09532878607607774,,,0.8303544525070928,3.5694818442054617,0.2567234891900419,1.1374321861592725e-06,0.9778771427293924
40,0.4253509837045307,,1.0059900828180774,1.2833951048497554,4.651284033377893,COMPLETE,rango,xgboost,,6.0,,,,681.0,,0.17883748851198344,,,0.7458796592540153,5.879682982511231,0.001944399112826552,4.099050464054807e-05,0.673583041667889
41,0.7586184301338088,,0.6512866332815505,0.8317850271075511,2.99673559486309,COMPLETE,rango,xgboost,,8.0,,,,464.0,,0.017205240779557956,,,0.8042451405529074,2.3193929482860707,0.07505199043475859,2.2664535617167528e-07,0.8921328396591357
42,0.7653681107038872,,0.6678684363208002,0.8200730944482515,3.0643208850465857,COMPLETE,rango,xgboost,,9.0,,,,378.0,,0.007607205230882894,,,0.8319622539640085,1.8651355952902084,0.0004166451130164094,7.312832139476888e-08,0.9488427117274708
43,0.7562205098742629,,0.6797383614540426,0.8359063547486965,3.15067994153278,COMPLETE,rango,xgboost,,10.0,,,,569.0,,0.009720378350429645,,,0.8732882622106681,3.00826798790015,0.0032874923247423584,0.000497129120441497,0.8059679649406655
44,0.6328568032104495,,0.8277232890076703,1.0258332868571391,3.8354537099704986,COMPLETE,rango,xgboost,,8.0,,,,283.0,,0.07926495711052012,,,0.5506525053067391,4.156342365581557,3.0936941393107826e-05,7.896208094265107e-06,0.6993774669263465
45,0.8089251038074236,,0.5692372925523421,0.7400496555473334,2.6172062491277353,COMPLETE,rango,xgboost,,9.0,,,,777.0,,0.02708070284489016,,,0.7932211316585863,1.8838583815427417,0.012932938594148506,2.642506483047334e-07,0.742439949227868
46,0.8065282754828468,,0.558429083229779,0.7446767523409625,2.5539924957422704,COMPLETE,rango,xgboost,,7.0,,,,515.0,,0.05875688425311542,,,0.7233470180500814,1.0680912402224205,0.00022809490745241,2.2233446330804027e-08,0.758768341141906
47,0.15019681250272332,,1.2430236131903256,1.5606956594528811,5.698728051622015,COMPLETE,rango,xgboost,,9.0,,,,827.0,,0.007019877399270049,,,0.7603587877550011,17.245505834069128,0.00011601168031259635,6.815885982723808e-06,0.8378698885368172
48,0.47840839154576476,,0.9543901165296851,1.2227124730248198,4.4341828557318035,COMPLETE,rango,xgboost,,8.0,,,,414.0,,0.005251378548289639,,,0.8166129531469908,4.918022742717071,0.046478523804275564,1.1055274629514108e-06,0.8706892947717811
49,0.3183880362793021,,1.1112378891586483,1.3977440331457678,5.132518899326791,COMPLETE,rango,xgboost,,7.0,,,,740.0,,0.019006189264873682,,,0.8923669555982144,2.959659392313732,5.377041062390617,7.222862717012034e-08,0.7236973581351765
50,0.8295461869902743,,0.5400182130260923,0.6989762268368436,2.484943084682166,COMPLETE,rango,xgboost,,10.0,,,,628.0,,0.03846718536544672,,,0.9117833398521432,1.8921268767408295,0.001967278197146236,4.4663079104021065e-05,0.6811757113184307
51,0.8210871246795516,,0.5609096703999211,0.7161101713769807,2.5838200256434636,COMPLETE,rango,xgboost,,10.0,,,,611.0,,0.036929811817150965,,,0.9151608623866391,1.8268525664318793,0.0017759434629408945,4.835301722197575e-05,0.6397115971627505
52,0.8127359166725805,,0.5692596188591225,0.732632683652112,2.6270598880348475,COMPLETE,rango,xgboost,,10.0,,,,631.0,,0.03738921908469106,,,0.9097685262946246,1.726145963382356,0.001835917910920945,0.0003378789775844892,0.6342433437386878
53,0.7855613843078322,,0.5707983661273621,0.7839900342514766,2.6631671220832462,COMPLETE,rango,xgboost,,10.0,,,,677.0,,0.04521601954166551,,,0.9630457272650853,2.6047258148578605,0.0004069149518846929,4.859816082152276e-05,0.6117175267786574
54,0.15417664937880926,,1.2106508368841147,1.557036810212627,5.55819924094918,COMPLETE,rango,xgboost,,10.0,,,,702.0,,0.029668324468060087,,,0.9954548682045339,9.391102958171661,0.005536146442473956,3.310650491931425e-05,0.6891911156824084
55,0.7389541591309483,,0.6755179141737677,0.8650026416182733,3.1453261718294176,COMPLETE,rango,xgboost,,9.0,,,,589.0,,0.03505372636322067,,,0.9430977558532295,3.524934821371127,4.310189963789952e-05,0.0021636763231675494,0.5824374026561584
56,0.8335735117191372,,0.535347680990249,0.6906694862860865,2.4704573700107915,COMPLETE,rango,xgboost,,10.0,,,,622.0,,0.025579920939214615,,,0.9239922793961581,1.391116937029819,0.0006402060418359149,0.0007034255942342931,0.6563171130652142
57,0.8396489916612645,,0.5196867062757579,0.6779456716055076,2.397423222272809,COMPLETE,rango,xgboost,,10.0,,,,549.0,,0.02537864411816207,,,0.9294810913539494,1.7927075710395013,0.000646709177688765,2.1099899490510127e-05,0.6708673252746375
58,0.8109001213927454,,0.5502625159662835,0.7362150134990173,2.5539211432909608,COMPLETE,rango,xgboost,,10.0,,,,542.0,,0.025281181281973892,,,0.9789536780096295,2.4713299437049345,0.000637664953314506,0.000713428901208097,0.6547117150871695
59,0.8262068452977481,,0.5485457650490602,0.705789800465602,2.5240298567539154,COMPLETE,rango,xgboost,,10.0,,,,620.0,,0.021272849541899695,,,0.9339170198156788,1.6760249076095468,0.001474598165704337,1.5071914866955191e-05,0.6755261412884305
60,0.6599805828070355,,0.795042648671476,0.9872130870499025,3.6876365006182,COMPLETE,rango,xgboost,,10.0,,,,571.0,,0.014715549226150834,,,0.9302499400197316,4.578650187725194,0.020448981700568764,0.0001499606412183146,0.6730466066819292
61,0.809195737786472,,0.5645617016127121,0.7395253753930132,2.6083220544599257,COMPLETE,rango,xgboost,,10.0,,,,622.0,,0.020509225641719205,,,0.9534065667479272,1.5638751316414787,0.001501893336016583,2.3999178684319225e-05,0.6442553487781344
62,0.8193188241494778,,0.5563737139677213,0.7196403378616977,2.5818857996660305,COMPLETE,rango,xgboost,,10.0,,,,482.0,,0.024445991255090154,,,0.9196209978178715,1.039927188342325,0.011298343506318144,7.685755721023786e-06,0.6104187546077086
63,0.7710189875395379,,0.6385909267949303,0.810137583700163,2.9595978751655863,COMPLETE,rango,xgboost,,10.0,,,,593.0,,0.03210926873546582,,,0.8886250597116777,3.1626946547379955,0.002255779558425957,0.00023224745279372072,0.6865452256618141
64,0.8121944644816732,,0.5608223543191496,0.7336910799979627,2.591414928464785,COMPLETE,rango,xgboost,,9.0,,,,669.0,,0.01968576710517569,,,0.9754979864836764,2.1442256117718776,0.000488911023380777,7.875275853929371e-05,0.7127960298672013
65,0.8308236556742683,,0.5363864442484413,0.6963520569089369,2.4743730871346568,COMPLETE,rango,xgboost,,10.0,,,,504.0,,0.02745356768852069,,,0.9123928731154705,1.7942368080483617,0.004679597230551351,1.4517299507006517e-05,0.6630848767939329
66,0.7691043925594564,,0.6255149482915536,0.8135174633662848,2.9089040241865525,COMPLETE,rango,xgboost,,9.0,,,,507.0,,0.02829316000399987,,,0.9305269930882653,3.651109462596721,0.006285594448555946,1.4611276388567965e-05,0.6644099792464306
67,0.7754717476036039,,0.6188995415744839,0.8022219535800719,2.8768499227602544,COMPLETE,rango,xgboost,,10.0,,,,545.0,,0.021755131020204318,,,0.947479259031029,2.6648748653507752,0.13442656736521127,4.443826060088685e-06,0.6204010162619398
68,0.6761011919014916,,0.7594703940660746,0.9635266242072917,3.5405395012671126,COMPLETE,rango,xgboost,,9.0,,,,444.0,,0.017881282493453665,,,0.9042419174575175,1.4208909170777453,0.7612542035610212,2.38664266297613e-06,0.7044490190348239
69,0.6712391366638419,,0.7750684699334118,0.9707314512411294,3.6025645809005753,COMPLETE,rango,xgboost,,10.0,,,,503.0,,0.01434158379577148,,,0.8888047810738594,4.302935589241515,0.003335590677568389,1.0474014662946562e-06,0.678280346303933
70,-0.338962659116238,,1.6909807558637404,1.9590398822166653,7.56332621238609,COMPLETE,rango,xgboost,,9.0,,,,640.0,,0.025054992711815816,,,0.8561658351548158,19.753932073005004,0.000952625645975119,1.3703864331144342e-05,0.6556737825930362
71,0.8065698479740477,,0.5784853902899723,0.7445967413444488,2.6633204109876987,COMPLETE,rango,xgboost,,10.0,,,,559.0,,0.037899843897408234,,,0.9163162186059587,1.7175840128493798,0.00101865554757142,7.08319803065174e-05,0.6444790542823161
72,0.7989774681166921,,0.5679484127064874,0.7590692771427585,2.630873679850875,COMPLETE,rango,xgboost,,10.0,,,,614.0,,0.033016121466526535,,,0.9282857657923713,2.28526457411696,0.003271114651927603,0.000995998964837884,0.6345776696248329
73,0.7160547029006128,,0.7160388471130852,0.9021450793628637,3.3274124926130146,COMPLETE,rango,xgboost,,10.0,,,,580.0,,0.04097431412813553,,,0.904450865177205,3.2247116466159533,0.0002799931607629414,0.0002260610794906961,0.6003315753538486
74,0.8059935814730401,,0.5673156388047835,0.7457050666144164,2.607256530995027,COMPLETE,rango,xgboost,,10.0,,,,528.0,,0.05424972514368677,,,0.9653115662783651,1.0050607423799143,0.019274210092539334,2.1257355444124512e-05,0.6612917439628055
75,0.8181554682761752,,0.5505469531323708,0.7219534026009312,2.547765376709161,COMPLETE,rango,xgboost,,9.0,,,,474.0,,0.028596311355922954,,,0.8814820903845486,1.8562080040777658,0.04478455435089551,4.1656917218898154e-06,0.6889598452907727
76,0.8016802411779861,,0.5808136619562343,0.7539491179640349,2.690634275595658,COMPLETE,rango,xgboost,,10.0,,,,656.0,,0.03551041107274117,,,0.8415999117239541,1.4829466035373107,0.005922600669857227,5.4292840676803075e-05,0.632792049562025
77,0.7563053471305254,,0.6415557047665303,0.8357608909680811,2.996378959482064,COMPLETE,rango,xgboost,,3.0,,,,603.0,,0.023008889907330597,,,0.9388926767213411,2.594536288662478,0.0013045433785922869,1.0444951454392237e-05,0.6673453140315811
78,0.7417976160904576,,0.6686620652451701,0.860278696717552,3.109728286762757,COMPLETE,rango,xgboost,,9.0,,,,550.0,,0.04566244361788699,,,0.9810066762130863,3.6849560351821857,0.00010129738199921561,2.9436543792584954e-05,0.5879394666106126
79,0.8032015131854284,,0.5647762641358668,0.7510518532100032,2.615339879767391,COMPLETE,rango,xgboost,,9.0,,,,453.0,,0.02626324524233638,,,0.863197618304313,2.135337101061747,0.008837227240304118,7.13644348060711e-07,0.7106761952637717
0,-113.34879640255545,0.041858227295469716,6.393105954461622,6.865017738898365,24.328018529373864,COMPLETE,total,ridge,,,,,,,,,,,,,,,
1,-32.714750529424535,451.85609510240965,3.693743996170966,3.72765610901573,15.056603447852277,COMPLETE,total,ridge,,,,,,,,,,,,,,,
2,-0.4896602176753637,13.3032451015229,0.6429897585396537,0.7835549793388218,2.77165129309892,COMPLETE,total,ridge,,,,,,,,,,,,,,,
3,-28.5482287449746,1.55099139875943,3.3289987963089476,3.4897281050043003,13.641943043977417,COMPLETE,total,ridge,,,,,,,,,,,,,,,
4,-113.49266600704448,0.0012363188277052211,6.379310016678384,6.869335042408404,24.260447097098915,COMPLETE,total,ridge,,,,,,,,,,,,,,,
5,-113.49265237420649,0.0012358382772306934,6.37930938290211,6.869334633436643,24.26044470587807,COMPLETE,total,ridge,,,,,,,,,,,,,,,
6,-113.46391252125238,0.00025502648504032837,6.377987662728444,6.868472411914123,24.255468807983075,COMPLETE,total,ridge,,,,,,,,,,,,,,,
7,-9.854592826837687,115.67327199145953,2.0574996319214858,2.1151084165537384,8.666472869690372,COMPLETE,total,ridge,,,,,,,,,,,,,,,
8,-27.147350119612284,1.6136341713591311,3.2505796740494137,3.4059998346045925,13.345221298503517,COMPLETE,total,ridge,,,,,,,,,,,,,,,
9,-0.6692584628994158,9.047071957568372,0.6435575672049634,0.8294451236830159,2.767243530538385,COMPLETE,total,ridge,,,,,,,,,,,,,,,
10,-113.72241613334673,0.01759269290177328,6.393685113460911,6.876223866344187,24.31748607583063,COMPLETE,total,ridge,,,,,,,,,,,,,,,
11,-0.5993984482977053,21.960517556813034,0.6465757310684156,0.8119031008409873,2.7778535715312485,COMPLETE,total,ridge,,,,,,,,,,,,,,,
12,-9.534889622915466,113.02764716835573,2.024470732603021,2.08372719489462,8.532632176651568,COMPLETE,total,ridge,,,,,,,,,,,,,,,
13,-0.49770089974534804,14.3894261149651,0.6471029837342718,0.7856668158240184,2.789306894392862,COMPLETE,total,ridge,,,,,,,,,,,,,,,
14,-100.07744991913313,0.2164999285629015,6.049604258369336,6.454357297199172,23.242505652187194,COMPLETE,total,ridge,,,,,,,,,,,,,,,
15,-0.5675486986370295,9.998182506256443,0.6254512284992574,0.8037785011244849,2.6922753225617186,COMPLETE,total,ridge,,,,,,,,,,,,,,,
16,-56.13115278097487,0.7872095491251823,4.593448527887295,4.852464407330499,18.27054232721139,COMPLETE,total,ridge,,,,,,,,,,,,,,,
17,-36.32836218545248,573.9326366641108,3.887492338518028,3.922340863999706,15.783497460786341,COMPLETE,total,ridge,,,,,,,,,,,,,,,
18,-0.8208862280167786,30.727758030681596,0.6218429059706185,0.8662979177274673,2.655450568271843,COMPLETE,total,ridge,,,,,,,,,,,,,,,
19,-111.54660550153754,0.08027413430322447,6.354798165255578,6.810704933319057,24.2179698835876,COMPLETE,total,ridge,,,,,,,,,,,,,,,
20,-9.304435681221914,3.1348289674682674,1.9668789535416227,2.0608100864456076,8.318591178944093,COMPLETE,total,ridge,,,,,,,,,,,,,,,
21,-1.0109815598806282,7.5873704423706885,0.7543871609129607,0.9103950947063042,3.252243823208806,COMPLETE,total,ridge,,,,,,,,,,,,,,,
22,-3.5131883329423585,63.7390849315509,1.2243947566319615,1.3638530940907256,5.228302460381089,COMPLETE,total,ridge,,,,,,,,,,,,,,,
23,-0.6707185363475257,9.036963931275892,0.6440987627959345,0.8298077955288592,2.769611913144674,COMPLETE,total,ridge,,,,,,,,,,,,,,,
24,-79.60771922946378,0.4417159243919472,5.427999091571526,5.763870058512942,21.16880045540741,COMPLETE,total,ridge,,,,,,,,,,,,,,,
25,-22.09076773732306,243.12366214962861,3.0505210679974897,3.0849281347984956,12.599339161334743,COMPLETE,total,ridge,,,,,,,,,,,,,,,
26,-6.717041370644637,3.6654778321710784,1.6907734812529789,1.7834103352783266,7.194010392796284,COMPLETE,total,ridge,,,,,,,,,,,,,,,
27,-0.9078134655914851,32.86659620910332,0.616778671879492,0.8867349369230673,2.6304416296387454,COMPLETE,total,ridge,,,,,,,,,,,,,,,
28,-102.41533641928295,0.19167469750592991,6.115078638849958,6.528574125382433,23.455664225035623,COMPLETE,total,ridge,,,,,,,,,,,,,,,
29,-113.67061329592735,0.026682926888784604,6.3961713044071535,6.874671213691541,24.330574936820618,COMPLETE,total,ridge,,,,,,,,,,,,,,,
30,-0.5571594641211519,19.055309369047645,0.6508643231367147,0.8011104737209906,2.801010768672583,COMPLETE,total,ridge,,,,,,,,,,,,,,,
31,-0.4965405385815478,14.269148898847323,0.646728311450118,0.7853624046065908,2.7877243691629046,COMPLETE,total,ridge,,,,,,,,,,,,,,,
32,-41.473039346333756,854.6624622369585,4.147271614073376,4.183911936696092,16.748741256273945,COMPLETE,total,ridge,,,,,,,,,,,,,,,
33,-18.146402716739317,194.47753533731924,2.771936193841096,2.8091146173299246,11.513463859349795,COMPLETE,total,ridge,,,,,,,,,,,,,,,
34,-1.3079842373278199,40.08795677593365,0.7235877466180943,0.975309117415607,3.095508438599519,COMPLETE,total,ridge,,,,,,,,,,,,,,,
35,-13.889608607611022,2.524661845230349,2.3710475629347614,2.4772367025916866,9.936426135784243,COMPLETE,total,ridge,,,,,,,,,,,,,,,
36,-52.88815483579455,0.8488668319186157,4.464679255599851,4.7127295935432985,17.812336188794095,COMPLETE,total,ridge,,,,,,,,,,,,,,,
37,-0.5262806609382911,16.751409195638285,0.6512244697126311,0.793127604561506,2.8054515543348395,COMPLETE,total,ridge,,,,,,,,,,,,,,,
38,-113.60859092441888,0.006090362383240358,6.385041815166018,6.872811796224865,24.28233315660685,COMPLETE,total,ridge,,,,,,,,,,,,,,,
39,-3.765178066019998,4.685104405030345,1.2925291006206148,1.401410709241158,5.5433862778256096,COMPLETE,total,ridge,,,,,,,,,,,,,,,
40,-5.5754310677545575,81.05054558377029,1.5515373142993312,1.6462204014321542,6.5940137405455275,COMPLETE,total,ridge,,,,,,,,,,,,,,,
41,-0.5833962592601256,20.915002072778258,0.6484951810199059,0.8078312925508081,2.787897664088676,COMPLETE,total,ridge,,,,,,,,,,,,,,,
42,-0.5294847651724488,16.993882898925087,0.6513566416847354,0.7939596701400873,2.8057668881028066,COMPLETE,total,ridge,,,,,,,,,,,,,,,
43,-27.604220143364156,1.5927655211089398,3.276376537660916,3.4335305887481984,13.442958939577085,COMPLETE,total,ridge,,,,,,,,,,,,,,,
44,-22.615491798767657,250.39460667658935,3.0855905237310286,3.1197828191850325,12.735093668309736,COMPLETE,total,ridge,,,,,,,,,,,,,,,
45,-0.4925705953136694,13.799161018671496,0.6450781163039139,0.7843200290175006,2.780682098140609,COMPLETE,total,ridge,,,,,,,,,,,,,,,
46,-2.1663627570385553,50.75645297787726,0.9393333651485977,1.1423684474422993,4.021481833565955,COMPLETE,total,ridge,,,,,,,,,,,,,,,
47,-2.3203595383160085,5.6257026764556715,1.0290486380082857,1.1698183280935532,4.432186050833579,COMPLETE,total,ridge,,,,,,,,,,,,,,,
48,-11.448287390579642,129.16086902402157,2.214216952539301,2.2650649929439415,9.298813698950577,COMPLETE,total,ridge,,,,,,,,,,,,,,,
49,-37.154893633744635,1.2362674549506654,3.772811376607228,3.9655277058851564,15.299661194354671,COMPLETE,total,ridge,,,,,,,,,,,,,,,
50,-0.49044624306215434,13.46688255747802,0.6437205411011622,0.7837616750923425,2.7748232515422315,COMPLETE,total,ridge,,,,,,,,,,,,,,,
51,-0.48974228037897216,12.371234853235723,0.6379582487328825,0.7835765613592517,2.7495846966442654,COMPLETE,total,ridge,,,,,,,,,,,,,,,
52,-0.5070073984762047,11.235837293537264,0.6294605865438699,0.7881040460310119,2.7118311923754397,COMPLETE,total,ridge,,,,,,,,,,,,,,,
53,-14.637199051792631,2.448358068654595,2.4299668290834737,2.538664717196689,10.169514366694576,COMPLETE,total,ridge,,,,,,,,,,,,,,,
54,-1.8689063451613075,6.081111023072373,0.9267124368959673,1.0873867842478049,3.9963570667479043,COMPLETE,total,ridge,,,,,,,,,,,,,,,
55,-81.58981020019117,0.4180558467359717,5.492008549232108,5.8343045962280184,21.38591375193505,COMPLETE,total,ridge,,,,,,,,,,,,,,,
56,-5.693415049141645,82.00527041324534,1.5679425470624733,1.6609239319750067,6.661963091773517,COMPLETE,total,ridge,,,,,,,,,,,,,,,
57,-0.4950000801289829,11.820832806588191,0.634201415756206,0.7849580955972124,2.7329444899212407,COMPLETE,total,ridge,,,,,,,,,,,,,,,
58,-113.45979297439487,0.00011937800715915961,6.377800407948027,6.868348812921631,24.254765537295782,COMPLETE,total,ridge,,,,,,,,,,,,,,,
59,-0.9426115105481572,33.635330578152576,0.6225542805418277,0.8947853064006982,2.6559949632172786,COMPLETE,total,ridge,,,,,,,,,,,,,,,
60,-0.5570678252039345,10.143661798375906,0.6230255258639161,0.8010869006771903,2.682172090419156,COMPLETE,total,ridge,,,,,,,,,,,,,,,
61,-0.49027172616788084,12.282435353798906,0.6373946618581018,0.7837157882788618,2.747095198141797,COMPLETE,total,ridge,,,,,,,,,,,,,,,
62,-4.78184194098827,4.2516830263141765,1.444371641326531,1.5436860248846054,6.1767820031669345,COMPLETE,total,ridge,,,,,,,,,,,,,,,
63,-0.8057509330086476,30.314558776937425,0.6231939611047809,0.8626900496480155,2.661998419875244,COMPLETE,total,ridge,,,,,,,,,,,,,,,
64,-1.1110896445355847,7.324984634962328,0.7793118376148485,0.9327799504597839,3.3606110554744073,COMPLETE,total,ridge,,,,,,,,,,,,,,,
65,-13.239479888908088,2.5951607430432744,2.3184685263919556,2.422550997306759,9.727833023051069,COMPLETE,total,ridge,,,,,,,,,,,,,,,
66,-2.468377256065858,53.90543791397114,1.0116244912497123,1.1956085985907383,4.329016480353883,COMPLETE,total,ridge,,,,,,,,,,,,,,,
67,-0.4907973701749222,12.20868560967512,0.6369145217150264,0.7838539909906855,2.744972198569595,COMPLETE,total,ridge,,,,,,,,,,,,,,,
68,-15.081534979798807,162.4787730938961,2.53305780869921,2.574480547962565,10.571643328826607,COMPLETE,total,ridge,,,,,,,,,,,,,,,
69,-43.86654058182834,1.0493116267375135,4.083387846506148,4.300185171507705,16.438245634564147,COMPLETE,total,ridge,,,,,,,,,,,,,,,
70,-28.661379106282492,353.4109757751369,3.4630455922384153,3.496403406995999,14.183151984500345,COMPLETE,total,ridge,,,,,,,,,,,,,,,
71,-0.4887609799782102,13.007324352543247,0.6415578438013453,0.7833184460231221,2.765406914274447,COMPLETE,total,ridge,,,,,,,,,,,,,,,
72,-0.6892947334074957,26.470504222420757,0.6351700293924333,0.8344082299009973,2.7205523298834136,COMPLETE,total,ridge,,,,,,,,,,,,,,,
73,-0.5028822861064621,11.397939389376688,0.630857470929629,0.7870246732473086,2.718062430195084,COMPLETE,total,ridge,,,,,,,,,,,,,,,
74,-7.89850277899296,3.397796951507551,1.8227398321180661,1.9150685981968276,7.733502092242546,COMPLETE,total,ridge,,,,,,,,,,,,,,,
75,-0.9549058952999883,7.754502729505253,0.7394036494623784,0.8976122957727036,3.1869761792835996,COMPLETE,total,ridge,,,,,,,,,,,,,,,
76,-6.2732359368841815,86.67468145337449,1.6459183083584794,1.7313692615624072,6.984237770114862,COMPLETE,total,ridge,,,,,,,,,,,,,,,
77,-20.5654251145793,1.973960011666956,2.8509411584299786,2.98129448545658,11.814942663273701,COMPLETE,total,ridge,,,,,,,,,,,,,,,
78,-0.6057913644123156,22.35563438132394,0.6457607864291433,0.8135241015768809,2.7736533539637236,COMPLETE,total,ridge,,,,,,,,,,,,,,,
79,-2.0860633111238007,49.88338761514473,0.9189548463179117,1.127790107006296,3.934606790105793,COMPLETE,total,ridge,,,,,,,,,,,,,,,
0,-38.665235386455926,0.0074593432857265485,3.7522726829481,4.0432526777708055,15.157049674814834,COMPLETE,total,elasticnet,0.9056428757689245,,,,,,,,,,,,,,
1,0.2953084167868272,0.4570563099801455,0.49106746644425253,0.5389213724105415,2.153008451483779,COMPLETE,total,elasticnet,0.588792635777333,,,,,,,,,,,,,,
2,-74.61274246570098,0.0006026889128682511,5.1456347017329795,5.582430950909324,20.083364661364282,COMPLETE,total,elasticnet,0.19039506830258235,,,,,,,,,,,,,,
3,-87.36224968685787,0.00019517224641449495,5.619850837792271,6.034749495657363,21.745575809808397,COMPLETE,total,elasticnet,0.8295585311974416,,,,,,,,,,,,,,
4,-0.33339156725484154,0.10129197956845731,0.6162974040706146,0.7413182929443153,2.6925460576516453,COMPLETE,total,elasticnet,0.6872653200164409,,,,,,,,,,,,,,
5,-117.23270954773749,0.00012674255898937226,6.519250136793481,6.980631073447125,24.75119738926769,COMPLETE,total,elasticnet,0.9229188669457948,,,,,,,,,,,,,,
6,-1.4092181767982126,1.452824663751602,0.8451502054432467,0.9964693167737995,3.6416006624251334,COMPLETE,total,elasticnet,0.24110519961044852,,,,,,,,,,,,,,
7,-69.99119335335529,0.0008111941985431928,4.986003373145317,5.4091385202958575,19.532169810919918,COMPLETE,total,elasticnet,0.21506405886809044,,,,,,,,,,,,,,
8,-52.92119389344272,0.0033205591037519565,4.362704487995627,4.714174069484162,17.355310539742316,COMPLETE,total,elasticnet,0.522280788469014,,,,,,,,,,,,,,
9,-62.958726882157244,0.01444525102276306,4.799849249027352,5.134235320905642,18.953680628936354,COMPLETE,total,elasticnet,0.3121062261782377,,,,,,,,,,,,,,
10,-55.54659400486208,7.103285457179474,4.784698558927988,4.8275756760213575,19.072838712120735,COMPLETE,total,elasticnet,0.4759945893092017,,,,,,,,,,,,,,
11,0.09014417031578437,0.2941038759592651,0.4953961668286973,0.6123675317057466,2.1868816878052764,COMPLETE,total,elasticnet,0.6791798252847829,,,,,,,,,,,,,,
12,0.0809559245106537,0.1816907233289534,0.4882615187732296,0.6154517838373491,2.1584839997458722,COMPLETE,total,elasticnet,0.6483172235549381,,,,,,,,,,,,,,
13,0.37141151455637944,0.5592756716912328,0.46520421428618935,0.5089897956187731,2.030291299563004,COMPLETE,total,elasticnet,0.6263866442656322,,,,,,,,,,,,,,
14,-3.5655418988474894,1.428194787517146,1.2899808056694788,1.3717407214413377,5.524847414737759,COMPLETE,total,elasticnet,0.48710806693932684,,,,,,,,,,,,,,
15,-0.4288217375912744,0.9769856534807995,0.6136546810776071,0.7673877979547746,2.64820801736981,COMPLETE,total,elasticnet,0.37360387000494,,,,,,,,,,,,,,
16,-7.801531104699613,0.03786835219721092,1.7757065424216296,1.9046052580985497,7.540295410429347,COMPLETE,total,elasticnet,0.7649108705017902,,,,,,,,,,,,,,
17,-55.54659400486208,8.976047333858538,4.784698558927988,4.8275756760213575,19.072838712120735,COMPLETE,total,elasticnet,0.6075805488202393,,,,,,,,,,,,,,
18,0.27043351445316144,0.47140304865232285,0.5026445734132743,0.5483505742311777,2.2025602726514144,COMPLETE,total,elasticnet,0.5610129783564191,,,,,,,,,,,,,,
19,-8.953020021573664,0.055169317969924685,1.9011385013614757,2.0253650140917947,8.049636495681595,COMPLETE,total,elasticnet,0.3988347836575648,,,,,,,,,,,,,,
20,-5.733128660091453,3.409702799890563,1.5945038552588595,1.6658439716395885,6.782286015807442,COMPLETE,total,elasticnet,0.07373127596522683,,,,,,,,,,,,,,
21,0.23268642563484798,0.44069666673530533,0.5073239734357783,0.5623572591106455,2.2261282371904803,COMPLETE,total,elasticnet,0.5559094941576241,,,,,,,,,,,,,,
22,0.48215100624712337,0.5556855935675211,0.4155663123413807,0.4619845302415673,1.8108082776158692,COMPLETE,total,elasticnet,0.7716777675044197,,,,,,,,,,,,,,
23,-0.012432021528439474,0.1586996602708475,0.5226106946182577,0.6459647230366754,2.3153383685002815,COMPLETE,total,elasticnet,0.7563219097830957,,,,,,,,,,,,,,
24,-43.618034293294066,3.278139846732331,4.247884201803269,4.288259726904629,17.120086432049796,COMPLETE,total,elasticnet,0.7880710427893158,,,,,,,,,,,,,,
25,0.4735524827844366,0.5808864448090956,0.4052145320744849,0.4658042061431646,1.7636379685892922,COMPLETE,total,elasticnet,0.8578345832420893,,,,,,,,,,,,,,
26,-0.3405531867593492,0.08243957986578695,0.6186622470586904,0.7433064298388427,2.7032753659314155,COMPLETE,total,elasticnet,0.861581375048531,,,,,,,,,,,,,,
27,-2.291511943498348,1.116592205199284,1.1059578132862977,1.1647254965841802,4.767476086605724,COMPLETE,total,elasticnet,0.9488199370829293,,,,,,,,,,,,,,
28,-26.90753700498779,2.751839130039215,3.3540373954174316,3.3914593778494204,13.771673647614504,COMPLETE,total,elasticnet,0.7098749578457861,,,,,,,,,,,,,,
29,-46.186935044613335,0.00339622967433002,4.079459462176647,4.409981316977917,16.338034677605226,COMPLETE,total,elasticnet,0.8663186827637216,,,,,,,,,,,,,,
30,-21.698832277147176,0.020687114152155725,2.8743124856549134,3.05863478147391,11.883816386717019,COMPLETE,total,elasticnet,0.7336706609638546,,,,,,,,,,,,,,
31,0.34718547402556543,0.5845688587720513,0.46683260378177377,0.5187054004652317,2.035338120453958,COMPLETE,total,elasticnet,0.616586340996607,,,,,,,,,,,,,,
32,0.357108262503387,0.5937204577761065,0.4581471209675267,0.5147481411911058,1.9962674199325907,COMPLETE,total,elasticnet,0.6431257443280766,,,,,,,,,,,,,,
33,0.09504232102553045,0.7442358300171187,0.5184867812872227,0.6107169865718137,2.2558171588437275,COMPLETE,total,elasticnet,0.8109772899744636,,,,,,,,,,,,,,
34,-0.00759491561637371,0.250122641705806,0.5291493646939655,0.6444197596397174,2.3421850269494016,COMPLETE,total,elasticnet,0.863647470277319,,,,,,,,,,,,,,
35,-0.5219357012279457,0.10117333270949617,0.6649675230331505,0.7919978767088758,2.902332671252338,COMPLETE,total,elasticnet,0.6578116810413366,,,,,,,,,,,,,,
36,-20.807868217346638,2.417285377952418,2.9613584697440754,2.998005822447557,12.26089101669124,COMPLETE,total,elasticnet,0.7186554854325737,,,,,,,,,,,,,,
37,0.2612340097171577,0.33860550288793867,0.4478749520000977,0.5517969707519396,1.9699679726541879,COMPLETE,total,elasticnet,0.8107722645618616,,,,,,,,,,,,,,
38,-55.54659400486208,5.459340460801319,4.784698558927988,4.8275756760213575,19.072838712120735,COMPLETE,total,elasticnet,0.9078256452231057,,,,,,,,,,,,,,
39,-6.459795329313117,1.5947255730621774,1.703523363439297,1.7534335860378776,7.241074256716072,COMPLETE,total,elasticnet,0.6225756625868515,,,,,,,,,,,,,,
40,-0.28339000510605783,0.1869689821690005,0.6171262382486938,0.727285939108049,2.74618701937826,COMPLETE,total,elasticnet,0.8477686826580159,,,,,,,,,,,,,,
41,0.2706514213169,0.6252543544303845,0.4794256523447065,0.5482686774610904,2.086794313605883,COMPLETE,total,elasticnet,0.5812899421989486,,,,,,,,,,,,,,
42,-0.02393719839004138,0.7742324830272244,0.5327496152466443,0.6496246939769998,2.3082908437093597,COMPLETE,total,elasticnet,0.4374068746132496,,,,,,,,,,,,,,
43,-0.4823838514527694,0.12485028194570717,0.6553982628429699,0.7816389678042804,2.8604527741822654,COMPLETE,total,elasticnet,0.5204730388536062,,,,,,,,,,,,,,
44,0.3928287292218363,0.44692708934780007,0.4544765411675205,0.5002435203667196,1.991511881005042,COMPLETE,total,elasticnet,0.6847785021264613,,,,,,,,,,,,,,
45,-3.899750137733565,0.0619852865659424,1.3104335153747542,1.4210613635066458,5.629604046127225,COMPLETE,total,elasticnet,0.6905872459866604,,,,,,,,,,,,,,
46,-13.865206244498527,1.9813004560749041,2.4385958120425903,2.4752059165826266,10.209889261999345,COMPLETE,total,elasticnet,0.7662809857042157,,,,,,,,,,,,,,
47,0.07657681273269301,0.29285994153483,0.4997068347718046,0.6169163106074442,2.206463069932928,COMPLETE,total,elasticnet,0.6715130881158969,,,,,,,,,,,,,,
48,-60.206385790265195,0.0003895115581872153,4.633546764746524,5.022549580204545,18.298881515344334,COMPLETE,total,elasticnet,0.7339602689721664,,,,,,,,,,,,,,
49,-50.21334958029143,4.307394492246518,4.552524592274087,4.594279955444094,18.233495902652773,COMPLETE,total,elasticnet,0.6345127893439981,,,,,,,,,,,,,,
50,-39.522799350850676,0.009919122221659409,3.803185685184198,4.086726599038413,15.354623306475137,COMPLETE,total,elasticnet,0.8924314436963638,,,,,,,,,,,,,,
51,0.2529015900398066,0.6403489278061252,0.4771364129349636,0.5549000589625865,2.075483617431315,COMPLETE,total,elasticnet,0.5843496774653777,,,,,,,,,,,,,,
52,-1.4923553814711603,1.058684658517931,0.9108640541733853,1.013516559395229,3.932901787340564,COMPLETE,total,elasticnet,0.6332756178978031,,,,,,,,,,,,,,
53,0.27108078218594833,0.3636605559679019,0.4608847757032368,0.5481072733135253,2.026285869650515,COMPLETE,total,elasticnet,0.6915162194156699,,,,,,,,,,,,,,
54,0.25650583540730676,0.5450555014745909,0.5107369000546207,0.5535599316554692,2.231193319079947,COMPLETE,total,elasticnet,0.526290022947022,,,,,,,,,,,,,,
55,-0.19762864063901597,0.21195961991876328,0.5930888573687897,0.7025657134886663,2.6355302989835727,COMPLETE,total,elasticnet,0.8028416204779971,,,,,,,,,,,,,,
56,-3.3263819656867106,1.3063478160005355,1.261931553104315,1.3353290424690396,5.411123479982532,COMPLETE,total,elasticnet,0.5952961942531767,,,,,,,,,,,,,,
57,-7.550708225534539,0.038615603456975824,1.7493218864629345,1.8772707291021367,7.433115677181504,COMPLETE,total,elasticnet,0.7685210953507037,,,,,,,,,,,,,,
58,0.20686947629705776,0.1423493509378467,0.468025531316177,0.5717394992218711,2.044575958220364,COMPLETE,total,elasticnet,0.5503189935005681,,,,,,,,,,,,,,
59,0.09774266220396666,0.4347460478930636,0.5454564377410053,0.6098051338177441,2.3952308699687137,COMPLETE,total,elasticnet,0.4587082076769622,,,,,,,,,,,,,,
60,-0.5768491792951538,0.8997381264078473,0.6813630042297429,0.8061594385883355,2.9544656298279497,COMPLETE,total,elasticnet,0.673924657929702,,,,,,,,,,,,,,
61,-0.12876219193785832,0.24878878292248424,0.5706506400080933,0.6820670850723987,2.53120490795111,COMPLETE,total,elasticnet,0.6102898154121407,,,,,,,,,,,,,,
62,-9.1471831895126,1.790959080185261,2.003117042051876,2.0450249708385644,8.462383215455194,COMPLETE,total,elasticnet,0.6447680590583262,,,,,,,,,,,,,,
63,0.4602619104584599,0.47295045117845036,0.43528828063937297,0.4716473499999101,1.9040148030305348,COMPLETE,total,elasticnet,0.7351021906343986,,,,,,,,,,,,,,
64,0.4728281107383264,0.4886674133572228,0.4317350300084559,0.466124560543992,1.887075226523802,COMPLETE,total,elasticnet,0.7425056354463374,,,,,,,,,,,,,,
65,0.4341316583599042,0.4285844825340057,0.4344165752835411,0.48292930903815817,1.9033260664592722,COMPLETE,total,elasticnet,0.7438544874696341,,,,,,,,,,,,,,
66,-1.7488240151254533,0.06667757524136267,0.9544901259003206,1.0643864399564271,4.137143986015627,COMPLETE,total,elasticnet,0.8387301555220527,,,,,,,,,,,,,,
67,0.18139141196217745,0.31850204368148666,0.46368723491768843,0.5808500260498357,2.042221656309861,COMPLETE,total,elasticnet,0.7272034260835822,,,,,,,,,,,,,,
68,-2.116666087385121,1.1144583383414652,1.0597005527102947,1.1333681466716217,4.567880459070833,COMPLETE,total,elasticnet,0.7487185151446948,,,,,,,,,,,,,,
69,0.38251232258132384,0.10962029939594228,0.40780220967398745,0.5044754222670808,1.7827991022038743,COMPLETE,total,elasticnet,0.7853895322453555,,,,,,,,,,,,,,
70,0.38476013493145267,0.10881951599715625,0.40732776742650617,0.5035563756286239,1.780828206439577,COMPLETE,total,elasticnet,0.7923224205892659,,,,,,,,,,,,,,
71,0.30566539522229175,0.10625593131261002,0.4312095020166762,0.5349464011567275,1.8840165036014438,COMPLETE,total,elasticnet,0.7853576403223141,,,,,,,,,,,,,,
72,-21.086413600737824,0.0202247787278297,2.840583025179305,3.0170913884637085,11.755401265712539,COMPLETE,total,elasticnet,0.8829514412246743,,,,,,,,,,,,,,
73,-0.1851232775906102,0.21166798815722176,0.5885597793132801,0.698888073162514,2.6147419712442606,COMPLETE,total,elasticnet,0.8291158083540955,,,,,,,,,,,,,,
74,-3.965227064337385,0.047861805116168776,1.3180379238229474,1.4305249008833116,5.661291023967691,COMPLETE,total,elasticnet,0.9203944144275026,,,,,,,,,,,,,,
75,0.3364144288245863,0.3704765553334358,0.4416107347369002,0.5229670565293542,1.939722451571472,COMPLETE,total,elasticnet,0.7897083143220495,,,,,,,,,,,,,,
76,-0.2699826211337737,0.10113841080446048,0.6022988632498958,0.7234770413767208,2.6318341312937936,COMPLETE,total,elasticnet,0.6992916087397283,,,,,,,,,,,,,,
77,-0.3282088802965064,0.15635755533531687,0.6258598530612757,0.7398761954571588,2.7860960445003653,COMPLETE,total,elasticnet,0.9477973518515888,,,,,,,,,,,,,,
78,-11.215629731501485,0.026801074926459622,2.107563070689002,2.2437981988734728,8.877602973581661,COMPLETE,total,elasticnet,0.8190335572614423,,,,,,,,,,,,,,
79,0.45504751555361533,0.4538837069862475,0.4338647175738058,0.4739201598732101,1.8990459635833674,COMPLETE,total,elasticnet,0.7406523290024513,,,,,,,,,,,,,,
0,-54.01668121832459,,4.718346313534531,4.761820927161205,18.833708668084668,COMPLETE,total,random_forest,,16.0,0.4514121162875837,9.0,15.0,462.0,,,,,,,,,
1,-54.33029171469276,,4.732023397736596,4.775373497919519,18.88305188241496,COMPLETE,total,random_forest,,2.0,0.8102471755674295,11.0,15.0,309.0,,,,,,,,,
2,-51.52491375333503,,4.6082337642593805,4.652737369975408,18.435470550739954,COMPLETE,total,random_forest,,16.0,0.4681862286846154,10.0,6.0,214.0,,,,,,,,,
3,-54.26924194407262,,4.729364014415903,4.772738269458906,18.873459653394107,COMPLETE,total,random_forest,,6.0,0.5392989411287272,7.0,11.0,328.0,,,,,,,,,
4,-31.022064092924168,,3.576881945248729,3.6328755957273056,14.618636227567846,COMPLETE,total,random_forest,,4.0,0.6464454897410734,4.0,10.0,628.0,,,,,,,,,
5,-54.30287457784994,,4.730829267346091,4.774190210358595,18.878744854613206,COMPLETE,total,random_forest,,4.0,0.3801927682679985,7.0,15.0,750.0,,,,,,,,,
6,-54.47997479713816,,4.738537412685196,4.781828459838643,18.90654323392842,COMPLETE,total,random_forest,,4.0,0.9776608214984636,1.0,23.0,625.0,,,,,,,,,
7,-54.496495303436404,,4.739255815214981,4.782540359469485,18.909133620322695,COMPLETE,total,random_forest,,6.0,0.6360991209307408,2.0,17.0,766.0,,,,,,,,,
8,-53.709772086483454,,4.704922993718532,4.74852050482325,18.785254813296422,COMPLETE,total,random_forest,,9.0,0.518206988040011,1.0,22.0,285.0,,,,,,,,,
9,-54.38936787070054,,4.734595386517554,4.77792215109652,18.89232791824707,COMPLETE,total,random_forest,,6.0,0.47015539609159257,7.0,14.0,664.0,,,,,,,,,
10,-18.824356695796105,,2.792505871575463,2.8584158840310376,11.60649758235544,COMPLETE,total,random_forest,,11.0,0.7660575266039114,4.0,2.0,869.0,,,,,,,,,
11,-18.846997157312437,,2.7939076525250974,2.8600476491653612,11.611963448134434,COMPLETE,total,random_forest,,11.0,0.7684132788054852,4.0,3.0,837.0,,,,,,,,,
12,-19.091258530190593,,2.8102078952535567,2.877593447964875,11.675508365799452,COMPLETE,total,random_forest,,12.0,0.8225913410012512,4.0,2.0,895.0,,,,,,,,,
13,-18.89588409004431,,2.7966939010042453,2.8635679036811146,11.622838851068584,COMPLETE,total,random_forest,,12.0,0.78841749279502,4.0,2.0,875.0,,,,,,,,,
14,-30.084972245202433,,3.5239022948365117,3.579324778180463,14.418171677699096,COMPLETE,total,random_forest,,11.0,0.9119477049816305,5.0,6.0,789.0,,,,,,,,,
15,-13.225173918344462,,2.3429873857030548,2.4213337599991,9.835695945428037,COMPLETE,total,random_forest,,10.0,0.7356474351825867,3.0,6.0,489.0,,,,,,,,,
16,-13.494643585559015,,2.3688284524973167,2.4441600165675075,9.937944837308613,COMPLETE,total,random_forest,,9.0,0.7057709973627397,2.0,6.0,485.0,,,,,,,,,
17,-19.089732740165836,,2.8091682719829607,2.877484179380888,11.671506634499403,COMPLETE,total,random_forest,,9.0,0.707066560847704,2.0,8.0,469.0,,,,,,,,,
18,-10.279788050498786,,2.0726715204927637,2.1561369119112084,8.754501675440578,COMPLETE,total,random_forest,,14.0,0.5818940862001714,2.0,5.0,489.0,,,,,,,,,
19,-22.657313468780703,,3.0633451447518874,3.12254407467932,12.657672266817768,COMPLETE,total,random_forest,,14.0,0.5784890777865876,3.0,9.0,394.0,,,,,,,,,
20,-50.56542907502308,,4.565354996941544,4.6100451926702535,18.279933199123345,COMPLETE,total,random_forest,,14.0,0.872625316360246,6.0,5.0,541.0,,,,,,,,,
21,-11.145581202025975,,2.1562010202475252,2.237355602816803,9.089127522259933,COMPLETE,total,random_forest,,8.0,0.6858450053187726,2.0,5.0,526.0,,,,,,,,,
22,-7.833635003429187,,1.8112547844369402,1.9080756541968085,7.697050525781461,COMPLETE,total,random_forest,,7.0,0.6023346407747558,1.0,4.0,569.0,,,,,,,,,
23,-7.712261856043675,,1.7970941626627859,1.8949219432875928,7.63955766705013,COMPLETE,total,random_forest,,7.0,0.5981432581425578,1.0,4.0,552.0,,,,,,,,,
24,-8.051219394501068,,1.83386971630324,1.9314319482839764,7.788861181324271,COMPLETE,total,random_forest,,7.0,0.599210611991366,1.0,4.0,588.0,,,,,,,,,
25,-43.84658201630522,,4.25186307467017,4.299228611527391,17.13455335600102,COMPLETE,total,random_forest,,7.0,0.5963741423413847,1.0,11.0,683.0,,,,,,,,,
26,-19.107622246277934,,2.808795566636841,2.8787650654140755,11.670099885464168,COMPLETE,total,random_forest,,7.0,0.63070756089979,1.0,8.0,600.0,,,,,,,,,
27,-14.479482104559432,,2.4479789658949636,2.525829772872268,10.2519988604215,COMPLETE,total,random_forest,,5.0,0.5348341214539452,3.0,4.0,577.0,,,,,,,,,
28,-54.167554575356036,,4.724931097568379,4.7683456758790275,18.857468141120933,COMPLETE,total,random_forest,,2.0,0.3597637875566966,12.0,19.0,701.0,,,,,,,,,
29,-51.33828225287156,,4.600346164543775,4.644463961978965,18.4069078600089,COMPLETE,total,random_forest,,8.0,0.42175563829601226,6.0,8.0,413.0,,,,,,,,,
30,-54.52370156524653,,4.740438655922872,4.78371249747237,18.913398497383334,COMPLETE,total,random_forest,,8.0,0.4871764297504423,9.0,4.0,422.0,,,,,,,,,
31,-8.41411690586334,,1.877117294562332,1.9697706336468068,7.96322487836555,COMPLETE,total,random_forest,,7.0,0.5772486291270071,1.0,4.0,547.0,,,,,,,,,
32,-7.706950681172238,,1.796382510437671,1.8943442634446281,7.636633918865589,COMPLETE,total,random_forest,,7.0,0.6017608368544067,1.0,4.0,560.0,,,,,,,,,
33,-15.64371037742703,,2.545882833127024,2.6190931207229013,10.639112675034678,COMPLETE,total,random_forest,,5.0,0.6554013905687573,3.0,7.0,585.0,,,,,,,,,
34,-7.586480954038079,,1.7815146093367265,1.881193503883087,7.575090250341467,COMPLETE,total,random_forest,,5.0,0.613789558050275,1.0,3.0,656.0,,,,,,,,,
35,-51.59643641982421,,4.611431041492657,4.655904086033941,18.447058653864303,COMPLETE,total,random_forest,,5.0,0.5066823029058461,2.0,12.0,644.0,,,,,,,,,
36,-54.298403026077835,,4.730634484071181,4.773997196248538,18.878042284613002,COMPLETE,total,random_forest,,3.0,0.43369511740975664,9.0,3.0,728.0,,,,,,,,,
37,-32.78614153582831,,3.6768083665121236,3.7316006790928964,14.995459709395783,COMPLETE,total,random_forest,,6.0,0.547966574188317,1.0,10.0,622.0,,,,,,,,,
38,-15.27697160228475,,2.5198912652864975,2.590076955006495,10.53665098333858,COMPLETE,total,random_forest,,4.0,0.6140950674551886,3.0,7.0,368.0,,,,,,,,,
39,-31.976761274978188,,3.633781457895095,3.686632650426609,14.833387957651265,COMPLETE,total,random_forest,,3.0,0.6758993397410644,5.0,3.0,523.0,,,,,,,,,
40,-9.55671926460994,,1.9990621204820116,2.0858849526087413,8.457138348884685,COMPLETE,total,random_forest,,5.0,0.5543096639050366,2.0,2.0,698.0,,,,,,,,,
41,-7.935323719883019,,1.822730441228357,1.919026670394992,7.743711905940866,COMPLETE,total,random_forest,,7.0,0.6128694051582653,1.0,4.0,572.0,,,,,,,,,
42,-9.245363137179295,,1.9696651956783378,2.054894562684042,8.339012275390077,COMPLETE,total,random_forest,,8.0,0.656640068016264,1.0,5.0,574.0,,,,,,,,,
43,-7.586480954038112,,1.7815146093367307,1.8811935038830907,7.575090250341483,COMPLETE,total,random_forest,,6.0,0.6329694508262762,1.0,3.0,656.0,,,,,,,,,
44,-9.342445646113475,,1.9776220224013148,2.064607442225426,8.370998139117809,COMPLETE,total,random_forest,,6.0,0.6363420172956081,2.0,3.0,632.0,,,,,,,,,
45,-16.06883277537503,,2.5770026865329054,2.6523313385165403,10.761645591310913,COMPLETE,total,random_forest,,6.0,0.7095314666883695,1.0,7.0,669.0,,,,,,,,,
46,-54.25491162100838,,4.728739555823622,4.772119486634474,18.87120712304927,COMPLETE,total,random_forest,,10.0,0.5597415370066452,10.0,16.0,722.0,,,,,,,,,
47,-9.61965664847454,,2.002419167786176,2.09209356023812,8.470854127682397,COMPLETE,total,random_forest,,3.0,0.5010752043694462,2.0,2.0,775.0,,,,,,,,,
48,-54.45588648987187,,4.737489725296228,4.780790259485645,18.902765392818115,COMPLETE,total,random_forest,,4.0,0.5207398549255726,8.0,3.0,654.0,,,,,,,,,
49,-54.77069438817716,,4.751163636912088,4.794340675486172,18.952059562137805,COMPLETE,total,random_forest,,5.0,0.6614600198838493,3.0,20.0,814.0,,,,,,,,,
50,-11.972908223812935,,2.237877604248426,2.3123019091619055,9.416548183258202,COMPLETE,total,random_forest,,9.0,0.7305163958117649,1.0,6.0,216.0,,,,,,,,,
51,-7.833122171521717,,1.8105950854043613,1.9080202672423292,7.693781911913107,COMPLETE,total,random_forest,,7.0,0.6183839399586145,1.0,4.0,516.0,,,,,,,,,
52,-8.917850258524814,,1.9299770716782099,2.0217834557057865,8.178859226463207,COMPLETE,total,random_forest,,6.0,0.6089722896196247,2.0,2.0,449.0,,,,,,,,,
53,-9.127264979410045,,1.951294698374425,2.043016864498175,8.264812350968121,COMPLETE,total,random_forest,,7.0,0.6370597789010408,1.0,5.0,528.0,,,,,,,,,
54,-13.182216060343524,,2.3412396197084777,2.4176749661303534,9.828487281889577,COMPLETE,total,random_forest,,8.0,0.6875106186789421,2.0,6.0,605.0,,,,,,,,,
55,-7.535883834943586,,1.7722737536894873,1.8756427079930071,7.538743907443925,COMPLETE,total,random_forest,,6.0,0.5839372024529477,1.0,3.0,495.0,,,,,,,,,
56,-8.975693261622961,,1.9393388737527448,2.0276706190315035,8.216683450452356,COMPLETE,total,random_forest,,6.0,0.5839773289628368,2.0,3.0,506.0,,,,,,,,,
57,-13.587366254049366,,2.3771868709026465,2.4519652362710045,9.97148480120832,COMPLETE,total,random_forest,,5.0,0.5682958880320887,3.0,2.0,452.0,,,,,,,,,
58,-10.22415278289646,,2.056358714232824,2.1508129849161204,8.688007940390632,COMPLETE,total,random_forest,,4.0,0.4620270982271583,1.0,5.0,505.0,,,,,,,,,
59,-54.069799010478164,,4.720665657754256,4.764119106425229,18.842078126948692,COMPLETE,total,random_forest,,10.0,0.5314208617685638,4.0,13.0,554.0,,,,,,,,,
60,-15.657905178243716,,2.549571851548579,2.6202097461891323,10.65357948528624,COMPLETE,total,random_forest,,6.0,0.7468538287371079,1.0,7.0,472.0,,,,,,,,,
61,-7.718876076146591,,1.79848740902307,1.8956411051494382,7.644520484089284,COMPLETE,total,random_forest,,7.0,0.6216609148038411,1.0,4.0,558.0,,,,,,,,,
62,-8.097952462814558,,1.838369101957105,1.9364116934253566,7.8066024944266,COMPLETE,total,random_forest,,8.0,0.6243381403976896,1.0,4.0,611.0,,,,,,,,,
63,-8.66636269108064,,1.9077208128857137,1.995985619665911,8.088545338605222,COMPLETE,total,random_forest,,9.0,0.6684020025259628,2.0,3.0,550.0,,,,,,,,,
64,-12.505315327341428,,2.2807489298087265,2.3592731721565965,9.587895303122632,COMPLETE,total,random_forest,,7.0,0.5928337892917894,2.0,6.0,499.0,,,,,,,,,
65,-9.143083886700426,,1.9530139877061927,2.044611850108587,8.271751459808767,COMPLETE,total,random_forest,,7.0,0.6439590145850523,1.0,5.0,525.0,,,,,,,,,
66,-10.063551094753532,,2.0468011631518475,2.135370004259633,8.649771183795291,COMPLETE,total,random_forest,,5.0,0.6969210887468821,2.0,4.0,638.0,,,,,,,,,
67,-7.871465817034959,,1.8133721563135243,1.9121570394819831,7.704293381550407,COMPLETE,total,random_forest,,6.0,0.5707916182502167,1.0,2.0,445.0,,,,,,,,,
68,-54.36022784585781,,4.733326896765116,4.776665167200396,18.887753150655573,COMPLETE,total,random_forest,,9.0,0.5447713794061356,3.0,24.0,682.0,,,,,,,,,
69,-23.475076215701424,,3.1120420353015614,3.176054099118871,12.845350481926374,COMPLETE,total,random_forest,,16.0,0.9552526139447688,1.0,9.0,742.0,,,,,,,,,
70,-9.080765074547037,,1.9519428234207084,2.038321154913214,8.267144600634499,COMPLETE,total,random_forest,,6.0,0.6206116828890336,2.0,3.0,594.0,,,,,,,,,
71,-9.314587614579308,,1.971233754468092,2.0618249919168417,8.34560071837927,COMPLETE,total,random_forest,,7.0,0.59839333542782,1.0,5.0,558.0,,,,,,,,,
72,-8.076690410410832,,1.8395090934181113,1.9341476581841297,7.811264526764476,COMPLETE,total,random_forest,,8.0,0.6489271718712096,1.0,4.0,476.0,,,,,,,,,
73,-8.982312892498072,,1.9374735373470635,2.028343264266274,8.208983200829701,COMPLETE,total,random_forest,,7.0,0.5962983649920177,2.0,4.0,566.0,,,,,,,,,
74,-7.549027829368706,,1.7772522432066882,1.877086258210843,7.557731230668001,COMPLETE,total,random_forest,,8.0,0.6199623041442328,1.0,3.0,623.0,,,,,,,,,
75,-7.5255124400833555,,1.7748771948172066,1.8745028761878304,7.548053427459167,COMPLETE,total,random_forest,,8.0,0.6283207528171436,1.0,3.0,617.0,,,,,,,,,
76,-9.929832199912433,,2.0342008712468527,2.1224262687241118,8.599021750220494,COMPLETE,total,random_forest,,8.0,0.6781781900109214,2.0,2.0,662.0,,,,,,,,,
77,-8.090308657307377,,1.8343297843886586,1.935598067245156,7.789335530634632,COMPLETE,total,random_forest,,8.0,0.5683875482516123,1.0,3.0,625.0,,,,,,,,,
78,-30.51824672541025,,3.547850286095958,3.6041834685551577,14.508801528958108,COMPLETE,total,random_forest,,6.0,0.7249048969901969,5.0,3.0,707.0,,,,,,,,,
79,-13.32650325047632,,2.352818414689114,2.4299423280874084,9.874797671436069,COMPLETE,total,random_forest,,9.0,0.6346685371471887,3.0,2.0,606.0,,,,,,,,,
0,-55.546594004855386,,4.7846985589277,4.8275756760210715,19.0728387121197,COMPLETE,total,extra_trees,,18.0,0.4514121162875837,9.0,15.0,500.0,,,,,,,,,
1,-55.54659400486208,,4.784698558927988,4.8275756760213575,19.072838712120735,COMPLETE,total,extra_trees,,2.0,0.8102471755674295,11.0,15.0,324.0,,,,,,,,,
2,-55.54659400486364,,4.7846985589280555,4.827575676021424,19.072838712120976,COMPLETE,total,extra_trees,,18.0,0.4681862286846154,10.0,6.0,216.0,,,,,,,,,
3,-46.30811258376834,,4.373907500753009,4.4156401719129414,17.58204050577474,COMPLETE,total,extra_trees,,7.0,0.5392989411287272,7.0,11.0,346.0,,,,,,,,,
4,-14.519204979101845,,2.43897614536144,2.529068541879971,10.216515366001905,COMPLETE,total,extra_trees,,4.0,0.6464454897410734,4.0,10.0,690.0,,,,,,,,,
5,-48.060232649851095,,4.4544116561925025,4.496666372957917,17.87620371775157,COMPLETE,total,extra_trees,,5.0,0.3801927682679985,7.0,15.0,828.0,,,,,,,,,
6,-55.546594004857525,,4.784698558927793,4.827575676021163,19.07283871212003,COMPLETE,total,extra_trees,,4.0,0.9776608214984636,1.0,23.0,686.0,,,,,,,,,
7,-55.54659400486281,,4.78469855892802,4.827575676021389,19.072838712120852,COMPLETE,total,extra_trees,,7.0,0.6360991209307408,2.0,17.0,847.0,,,,,,,,,
8,-55.546594004863806,,4.784698558928063,4.827575676021431,19.072838712121,COMPLETE,total,extra_trees,,10.0,0.518206988040011,1.0,22.0,297.0,,,,,,,,,
9,-46.54469567357506,,4.384648505570354,4.426667487598656,17.621393032225463,COMPLETE,total,extra_trees,,7.0,0.47015539609159257,7.0,14.0,730.0,,,,,,,,,
10,-12.596018193848183,,2.268074344899905,2.3671824559200996,9.53695557153675,COMPLETE,total,extra_trees,,12.0,0.7660575266039114,4.0,2.0,965.0,,,,,,,,,
11,-12.52902977701685,,2.2617295991942825,2.3613436282866416,9.511652661744876,COMPLETE,total,extra_trees,,13.0,0.7684132788054852,4.0,3.0,928.0,,,,,,,,,
12,-11.904496783625538,,2.2003390528104583,2.306196994209,9.266218796467934,COMPLETE,total,extra_trees,,14.0,0.8225913410012512,4.0,2.0,994.0,,,,,,,,,
13,-12.093763063156336,,2.2160632065673913,2.323047574028164,9.328936141786388,COMPLETE,total,extra_trees,,14.0,0.8866946102188805,4.0,2.0,976.0,,,,,,,,,
14,-16.100029678617283,,2.5692965729459303,2.6547540803481953,10.731180103570342,COMPLETE,total,extra_trees,,15.0,0.9617044516578511,5.0,6.0,988.0,,,,,,,,,
15,-7.493193109547356,,1.750505386357655,1.870946479829463,7.449371766377211,COMPLETE,total,extra_trees,,15.0,0.8802173542995665,3.0,6.0,530.0,,,,,,,,,
16,-6.38588242066421,,1.6332350374432612,1.7447253038990336,6.96936668110209,COMPLETE,total,extra_trees,,16.0,0.868696664901361,2.0,6.0,526.0,,,,,,,,,
17,-7.923881179911788,,1.8124051252353777,1.91779752780431,7.701604799639913,COMPLETE,total,extra_trees,,16.0,0.8897907194483015,2.0,8.0,508.0,,,,,,,,,
18,-6.888053887067303,,1.6900855337364338,1.8030625758776477,7.2020240144753656,COMPLETE,total,extra_trees,,11.0,0.7003404691564686,2.0,5.0,531.0,,,,,,,,,
19,-12.435537729817119,,2.2648483162462854,2.3531704784673826,9.52381529418217,COMPLETE,total,extra_trees,,11.0,0.7292462577943154,2.0,9.0,423.0,,,,,,,,,
20,-31.076068223984045,,3.579771060038876,3.6359376663331613,14.629540082468875,COMPLETE,total,extra_trees,,9.0,0.5991478421489688,6.0,5.0,590.0,,,,,,,,,
21,-7.578997607714159,,1.757547346832742,1.880373570131409,7.477952208305454,COMPLETE,total,extra_trees,,16.0,0.8830215167705324,3.0,5.0,573.0,,,,,,,,,
22,-9.31057422882579,,1.9541804906245528,2.0614238268653917,8.275946023958786,COMPLETE,total,extra_trees,,16.0,0.6989823520436955,1.0,8.0,464.0,,,,,,,,,
23,-18.039357486328473,,2.7235449925769175,2.8012508999892103,11.337007856892809,COMPLETE,total,extra_trees,,12.0,0.9210755888888223,3.0,12.0,556.0,,,,,,,,,
24,-8.763077123063741,,1.9003622892600938,2.0059459411934446,8.058155017908748,COMPLETE,total,extra_trees,,17.0,0.838108550510388,3.0,7.0,405.0,,,,,,,,,
25,-6.040288310189538,,1.5920768394968288,1.7034174314363824,6.8000211503437535,COMPLETE,total,extra_trees,,9.0,0.7486860009780489,2.0,4.0,646.0,,,,,,,,,
26,-27.9365777845297,,3.3924133202102156,3.4534203882943935,13.91890844465651,COMPLETE,total,extra_trees,,9.0,0.733878155941551,6.0,4.0,666.0,,,,,,,,,
27,-55.54659400485482,,4.784698558927675,4.8275756760210475,19.072838712119612,COMPLETE,total,extra_trees,,9.0,0.6684897203004844,2.0,18.0,624.0,,,,,,,,,
28,-17.718780205414003,,2.6989926538628612,2.7775675987795316,11.240857556642673,COMPLETE,total,extra_trees,,11.0,0.7814402827710408,5.0,4.0,775.0,,,,,,,,,
29,-55.54659400485655,,4.78469855892775,4.827575676021121,19.07283871211988,COMPLETE,total,extra_trees,,6.0,0.5979971705242768,12.0,10.0,455.0,,,,,,,,,
30,-55.546594004855805,,4.784698558927718,4.827575676021089,19.072838712119765,COMPLETE,total,extra_trees,,8.0,0.7080576332315376,9.0,4.0,645.0,,,,,,,,,
31,-7.302704998029483,,1.742940543998581,1.8498463994012706,7.417667828916931,COMPLETE,total,extra_trees,,18.0,0.8547354272962969,1.0,7.0,523.0,,,,,,,,,
32,-8.178164430194391,,1.8429917667273006,1.9449291341083565,7.825012470192945,COMPLETE,total,extra_trees,,18.0,0.8397682284977371,1.0,8.0,511.0,,,,,,,,,
33,-5.968539817241948,,1.568360407873649,1.694715329408052,6.703072095469692,COMPLETE,total,extra_trees,,17.0,0.9379051163575547,2.0,5.0,601.0,,,,,,,,,
34,-5.677917449879829,,1.5299372973085898,1.6590000074867028,6.545636221815188,COMPLETE,total,extra_trees,,17.0,0.9911109675399877,2.0,5.0,602.0,,,,,,,,,
35,-6.4985540972870135,,1.632643369341612,1.7579828313702863,6.967920450058705,COMPLETE,total,extra_trees,,17.0,0.9979599057682162,3.0,3.0,750.0,,,,,,,,,
36,-55.54659400485473,,4.784698558927672,4.827575676021044,19.072838712119598,COMPLETE,total,extra_trees,,17.0,0.9300996702984027,9.0,11.0,623.0,,,,,,,,,
37,-16.173674989668555,,2.575598228031305,2.6604646008288326,10.75604760103843,COMPLETE,total,extra_trees,,2.0,0.9401039775562671,5.0,7.0,710.0,,,,,,,,,
38,-11.81168401020029,,2.2075707479643003,2.2978886192244197,9.295630541587856,COMPLETE,total,extra_trees,,15.0,0.9901498196881103,2.0,9.0,594.0,,,,,,,,,
39,-55.54659400485977,,4.7846985589278885,4.827575676021259,19.072838712120376,COMPLETE,total,extra_trees,,18.0,0.952276247962084,8.0,3.0,368.0,,,,,,,,,
40,-7.828412388027694,,1.789500076919693,1.9075115252381722,7.606018075527878,COMPLETE,total,extra_trees,,14.0,0.7961836884734331,1.0,6.0,811.0,,,,,,,,,
41,-6.5792201166788224,,1.6426009021312076,1.7674133250765824,7.008656769662842,COMPLETE,total,extra_trees,,17.0,0.9958183243302713,3.0,3.0,731.0,,,,,,,,,
42,-6.457942552010088,,1.6274387150193703,1.7532158237835418,6.946613842658207,COMPLETE,total,extra_trees,,17.0,0.9982883866926079,3.0,4.0,764.0,,,,,,,,,
43,-6.067654298643086,,1.5806337732311644,1.706724859206789,6.75370489970651,COMPLETE,total,extra_trees,,16.0,0.9151590245655306,2.0,5.0,899.0,,,,,,,,,
44,-55.54659400486372,,4.784698558928059,4.827575676021428,19.07283871212099,COMPLETE,total,extra_trees,,16.0,0.9046177480239822,2.0,20.0,250.0,,,,,,,,,
45,-6.46713826092792,,1.6340093889948968,1.754296356093455,6.971562306106044,COMPLETE,total,extra_trees,,13.0,0.8636896425787992,1.0,5.0,854.0,,,,,,,,,
46,-18.745230679487566,,2.776072838384264,2.8527057063185293,11.54233179973894,COMPLETE,total,extra_trees,,15.0,0.8099898070853726,2.0,13.0,472.0,,,,,,,,,
47,-11.580679436505006,,2.1685823530993695,2.2770780300424365,9.138978318638618,COMPLETE,total,extra_trees,,13.0,0.9546912706000363,4.0,2.0,905.0,,,,,,,,,
48,-6.918543372766615,,1.683620103905979,1.8065438800755138,7.1755003673042435,COMPLETE,total,extra_trees,,14.0,0.9156119262108879,1.0,6.0,685.0,,,,,,,,,
49,-13.97391101325503,,2.3859545320921214,2.484239648502492,10.005749085954807,COMPLETE,total,extra_trees,,18.0,0.9675223757663024,4.0,10.0,646.0,,,,,,,,,
50,-7.309957054331363,,1.7356697540669845,1.8506541037652078,7.388466111083482,COMPLETE,total,extra_trees,,10.0,0.9095793821249013,2.0,7.0,552.0,,,,,,,,,
51,-6.507824837696135,,1.6336971511303677,1.759069225358991,6.972268775943659,COMPLETE,total,extra_trees,,17.0,0.9723804896630457,3.0,4.0,790.0,,,,,,,,,
52,-7.196578208741874,,1.7361056232082426,1.837985828336295,7.390131489255077,COMPLETE,total,extra_trees,,16.0,0.38177910197907494,2.0,5.0,872.0,,,,,,,,,
53,-6.879919844260683,,1.6783112059939438,1.8021326905583925,7.154390083062347,COMPLETE,total,extra_trees,,15.0,0.9389360013839047,3.0,2.0,896.0,,,,,,,,,
54,-6.2273050801921555,,1.5991738779991753,1.7258937606641211,6.830032892339267,COMPLETE,total,extra_trees,,17.0,0.9736285694415245,1.0,6.0,934.0,,,,,,,,,
55,-12.575825599919254,,2.275392928677491,2.3654239515408846,9.565957878372243,COMPLETE,total,extra_trees,,16.0,0.8653537560627195,1.0,9.0,936.0,,,,,,,,,
56,-6.891798509934424,,1.682677813867792,1.8034905007077546,7.171851853441419,COMPLETE,total,extra_trees,,18.0,0.8947766752205958,2.0,6.0,943.0,,,,,,,,,
57,-55.54659400485564,,4.784698558927711,4.827575676021083,19.07283871211974,COMPLETE,total,extra_trees,,8.0,0.9700110142211757,1.0,16.0,489.0,,,,,,,,,
58,-7.897385242629973,,1.8153434052311397,1.9149483405508219,7.712830720651849,COMPLETE,total,extra_trees,,16.0,0.7483575423470882,2.0,7.0,614.0,,,,,,,,,
59,-17.249049540509375,,2.6629424594104854,2.742495918979691,11.099516592370344,COMPLETE,total,extra_trees,,17.0,0.8200196416607417,5.0,3.0,567.0,,,,,,,,,
60,-6.141280619859979,,1.5897960304489498,1.715591613285789,6.791066022070807,COMPLETE,total,extra_trees,,12.0,0.9318409893692255,1.0,5.0,969.0,,,,,,,,,
61,-6.250061241064256,,1.6063256310571372,1.7286087317874255,6.858341433467108,COMPLETE,total,extra_trees,,12.0,0.9373742408709671,1.0,5.0,963.0,,,,,,,,,
62,-6.1397776573270235,,1.5890275488327206,1.715411071045879,6.787969429252544,COMPLETE,total,extra_trees,,12.0,0.9344211111049548,1.0,5.0,998.0,,,,,,,,,
63,-6.290719740446728,,1.6100232410885347,1.7334489926775305,6.872930529744887,COMPLETE,total,extra_trees,,12.0,0.9486554737253159,1.0,4.0,906.0,,,,,,,,,
64,-8.400865836254543,,1.8639329807827376,1.9683838461506833,7.910619843230014,COMPLETE,total,extra_trees,,11.0,0.9190455929638477,1.0,8.0,994.0,,,,,,,,,
65,-5.662693024001758,,1.5279208551899484,1.6571078206797303,6.537459449045959,COMPLETE,total,extra_trees,,10.0,0.971826444323715,2.0,5.0,954.0,,,,,,,,,
66,-6.2938473428691175,,1.6170381214467053,1.733820763788463,6.903450052133331,COMPLETE,total,extra_trees,,10.0,0.559115887117502,2.0,5.0,974.0,,,,,,,,,
67,-55.54659400486364,,4.7846985589280555,4.827575676021424,19.072838712120976,COMPLETE,total,extra_trees,,9.0,0.8898195611307927,10.0,3.0,880.0,,,,,,,,,
68,-55.546594004865284,,4.784698558928127,4.827575676021494,19.072838712121236,COMPLETE,total,extra_trees,,8.0,0.8403318903809505,3.0,24.0,953.0,,,,,,,,,
69,-5.862400450833017,,1.5520931673906955,1.6817595154777518,6.636153211068853,COMPLETE,total,extra_trees,,7.0,0.9218421988185223,2.0,4.0,822.0,,,,,,,,,
70,-5.826385036049934,,1.5485514715839532,1.6773405846353344,6.621509134988257,COMPLETE,total,extra_trees,,6.0,0.9051823568522099,2.0,2.0,925.0,,,,,,,,,
71,-6.093151634235212,,1.586621611883146,1.7098006858722907,6.7772293464753375,COMPLETE,total,extra_trees,,5.0,0.9613977390535005,2.0,2.0,831.0,,,,,,,,,
72,-5.49594247489651,,1.5049529089606277,1.6362397917719205,6.442663624661941,COMPLETE,total,extra_trees,,4.0,0.9765055902548163,2.0,2.0,840.0,,,,,,,,,
73,-5.68296726303062,,1.5323832638990253,1.659627153369556,6.555477624236689,COMPLETE,total,extra_trees,,3.0,0.9760218006903163,2.0,2.0,861.0,,,,,,,,,
74,-6.512966628337818,,1.6339106804833563,1.7596714781960325,6.973122859386684,COMPLETE,total,extra_trees,,3.0,0.9768062921136857,3.0,2.0,811.0,,,,,,,,,
75,-6.498391554644705,,1.632394253879929,1.7579637777821309,6.96693302761235,COMPLETE,total,extra_trees,,4.0,0.9856533643758267,3.0,3.0,854.0,,,,,,,,,
76,-6.22086480477002,,1.6028710081574975,1.7251246144641648,6.844161675709712,COMPLETE,total,extra_trees,,6.0,0.6417372990591204,2.0,2.0,833.0,,,,,,,,,
77,-11.776905313674911,,2.1867559160862062,2.294767566565468,9.211672056187542,COMPLETE,total,extra_trees,,5.0,0.9562650834547879,4.0,4.0,799.0,,,,,,,,,
78,-5.692433837817163,,1.5358298683347307,1.6608021871638694,6.569692239339926,COMPLETE,total,extra_trees,,3.0,0.9990898566447366,2.0,3.0,713.0,,,,,,,,,
79,-6.582058865929096,,1.6438790459491248,1.7677442808654356,7.013863707483482,COMPLETE,total,extra_trees,,3.0,0.9965771377883587,3.0,3.0,718.0,,,,,,,,,
0,-55.54659400486208,,4.784698558927988,4.8275756760213575,19.072838712120735,COMPLETE,total,hist_gradient_boosting,,,,32.0,,,1.2363188277052228e-05,0.021642251106469404,671.0,49.0,,,,,
1,-55.54659400486208,,4.784698558927988,4.8275756760213575,19.072838712120735,COMPLETE,total,hist_gradient_boosting,,,,32.0,,,0.090470719575684,0.009204496040276266,134.0,57.0,,,,,
2,-55.54659400486208,,4.784698558927988,4.8275756760213575,19.072838712120735,COMPLETE,total,hist_gradient_boosting,,,,14.0,,,1.8740223688836324e-05,0.005419290634672375,682.0,55.0,,,,,
3,-55.54659400486208,,4.784698558927988,4.8275756760213575,19.072838712120735,COMPLETE,total,hist_gradient_boosting,,,,24.0,,,0.00010929592787219404,0.01024634005770867,282.0,37.0,,,,,
4,-55.54659400486208,,4.784698558927988,4.8275756760213575,19.072838712120735,COMPLETE,total,hist_gradient_boosting,,,,21.0,,,0.0015577217702693043,0.05476331374316277,183.0,24.0,,,,,
5,-55.54659400486208,,4.784698558927988,4.8275756760213575,19.072838712120735,COMPLETE,total,hist_gradient_boosting,,,,32.0,,,2.1142332035497158e-06,0.10788483727948411,220.0,37.0,,,,,
6,-55.54659400486208,,4.784698558927988,4.8275756760213575,19.072838712120735,COMPLETE,total,hist_gradient_boosting,,,,48.0,,,5.746775499181867,0.053848112391315636,202.0,11.0,,,,,
7,-55.54659400486208,,4.784698558927988,4.8275756760213575,19.072838712120735,COMPLETE,total,hist_gradient_boosting,,,,36.0,,,0.0012052231254145623,0.11814432092118202,283.0,13.0,,,,,
8,-55.54659400486208,,4.784698558927988,4.8275756760213575,19.072838712120735,COMPLETE,total,hist_gradient_boosting,,,,46.0,,,6.478282331897332e-05,0.008059522363804595,397.0,9.0,,,,,
9,-55.54659400486208,,4.784698558927988,4.8275756760213575,19.072838712120735,COMPLETE,total,hist_gradient_boosting,,,,30.0,,,1.967801053211497e-05,0.0667690954439529,287.0,37.0,,,,,
10,-3.7047136501651803,,1.3142102970882075,1.39249121077379,5.633589455510433,COMPLETE,total,hist_gradient_boosting,,,,5.0,,,1.2810738354816964e-06,0.021636876497585254,660.0,47.0,,,,,
11,-55.54659400486208,,4.784698558927988,4.8275756760213575,19.072838712120735,COMPLETE,total,hist_gradient_boosting,,,,8.0,,,1.0620839470034807e-06,0.021565519171785102,691.0,48.0,,,,,
12,-15.245770265492872,,2.480909810547416,2.5875933041602246,10.294111226939869,COMPLETE,total,hist_gradient_boosting,,,,7.0,,,1.3161166796288862e-06,0.021713355659755452,566.0,46.0,,,,,
13,-2.8649022634805372,,1.1841096593932914,1.2621039409572297,5.091759117936291,COMPLETE,total,hist_gradient_boosting,,,,5.0,,,0.03318907013969237,0.025243783215688355,558.0,64.0,,,,,
14,-55.54659400486208,,4.784698558927988,4.8275756760213575,19.072838712120735,COMPLETE,total,hist_gradient_boosting,,,,14.0,,,0.0490576211723977,0.03272494102650988,514.0,64.0,,,,,
15,-55.54659400486208,,4.784698558927988,4.8275756760213575,19.072838712120735,COMPLETE,total,hist_gradient_boosting,,,,15.0,,,0.04226589570549423,0.21860300184408024,563.0,64.0,,,,,
16,-5.790052115855921,,1.5869286339929911,1.672870869807811,6.765485093285537,COMPLETE,total,hist_gradient_boosting,,,,5.0,,,0.8088364455093929,0.017525459322236543,454.0,24.0,,,,,
17,-55.54659400486208,,4.784698558927988,4.8275756760213575,19.072838712120735,COMPLETE,total,hist_gradient_boosting,,,,19.0,,,0.008159062947844789,0.03702043252647541,616.0,57.0,,,,,
18,-55.54659400486208,,4.784698558927988,4.8275756760213575,19.072838712120735,COMPLETE,total,hist_gradient_boosting,,,,10.0,,,0.00038999009809454523,0.013318837199336016,427.0,29.0,,,,,
19,-55.54659400486208,,4.784698558927988,4.8275756760213575,19.072838712120735,COMPLETE,total,hist_gradient_boosting,,,,11.0,,,0.5036523918506888,0.038183733989021765,609.0,43.0,,,,,
20,-55.54659400486208,,4.784698558927988,4.8275756760213575,19.072838712120735,COMPLETE,total,hist_gradient_boosting,,,,41.0,,,0.007853200846148468,0.014204680611021026,486.0,53.0,,,,,
21,-6.7921503886394445,,1.6972554998038956,1.792068176986363,7.218942593732159,COMPLETE,total,hist_gradient_boosting,,,,5.0,,,1.6384051176954206,0.0167723428325338,421.0,23.0,,,,,
22,-2.965999964426135,,1.2041267949207708,1.278504373200007,5.177995840912535,COMPLETE,total,hist_gradient_boosting,,,,5.0,,,0.19867593537554198,0.0268182395349874,470.0,30.0,,,,,
23,-55.54659400486208,,4.784698558927988,4.8275756760213575,19.072838712120735,COMPLETE,total,hist_gradient_boosting,,,,12.0,,,0.16108633142340598,0.028491358308937426,542.0,31.0,,,,,
24,-55.54659400486208,,4.784698558927988,4.8275756760213575,19.072838712120735,COMPLETE,total,hist_gradient_boosting,,,,18.0,,,0.013669397886911168,0.028687491005903985,627.0,43.0,,,,,
25,-55.54659400486208,,4.784698558927988,4.8275756760213575,19.072838712120735,COMPLETE,total,hist_gradient_boosting,,,,9.0,,,0.3568519000077805,0.04692775908086157,485.0,17.0,,,,,
26,-55.54659400486208,,4.784698558927988,4.8275756760213575,19.072838712120735,COMPLETE,total,hist_gradient_boosting,,,,25.0,,,8.688411324855705,0.08679096160477431,342.0,32.0,,,,,
27,-2.7830030726503567,,1.1688487962206224,1.2486600354335469,5.0263142760377075,COMPLETE,total,hist_gradient_boosting,,,,5.0,,,0.022506578851519354,0.025175592293475484,597.0,42.0,,,,,
28,-55.54659400486208,,4.784698558927988,4.8275756760213575,19.072838712120735,COMPLETE,total,hist_gradient_boosting,,,,12.0,,,0.016006672322427116,0.026864311611551242,586.0,60.0,,,,,
29,-55.54659400486208,,4.784698558927988,4.8275756760213575,19.072838712120735,COMPLETE,total,hist_gradient_boosting,,,,17.0,,,0.003735234658382664,0.012789576454318627,519.0,19.0,,,,,
30,-55.54659400486208,,4.784698558927988,4.8275756760213575,19.072838712120735,COMPLETE,total,hist_gradient_boosting,,,,8.0,,,0.17983337822774023,0.005912542088529924,359.0,52.0,,,,,
31,-2.103334397355054,,1.0738891953282426,1.1309415303481993,4.623496020462947,COMPLETE,total,hist_gradient_boosting,,,,6.0,,,0.038250935317788094,0.02098197079343345,650.0,43.0,,,,,
32,-3.9866608532024372,,1.357125482575503,1.433609205963223,5.81411409271678,COMPLETE,total,hist_gradient_boosting,,,,5.0,,,0.049708215502086116,0.019036775872850225,654.0,40.0,,,,,
33,-55.54659400486208,,4.784698558927988,4.8275756760213575,19.072838712120735,COMPLETE,total,hist_gradient_boosting,,,,8.0,,,0.023720902157228087,0.03635602623576134,588.0,33.0,,,,,
34,-55.54659400486208,,4.784698558927988,4.8275756760213575,19.072838712120735,COMPLETE,total,hist_gradient_boosting,,,,12.0,,,0.1419444975348742,0.010686436366796915,635.0,27.0,,,,,
35,-55.54659400486208,,4.784698558927988,4.8275756760213575,19.072838712120735,COMPLETE,total,hist_gradient_boosting,,,,15.0,,,1.6350952906370217,0.025628060766943236,533.0,42.0,,,,,
36,-14.60700055530777,,2.4326745466377524,2.536212202961192,10.109328215098746,COMPLETE,total,hist_gradient_boosting,,,,7.0,,,0.004070943853562506,0.045788201229331325,486.0,51.0,,,,,
37,-55.54659400486208,,4.784698558927988,4.8275756760213575,19.072838712120735,COMPLETE,total,hist_gradient_boosting,,,,21.0,,,0.0010035114525271268,0.007472322768984768,105.0,35.0,,,,,
38,-55.54659400486208,,4.784698558927988,4.8275756760213575,19.072838712120735,COMPLETE,total,hist_gradient_boosting,,,,10.0,,,0.07415794397482282,0.01540773277822988,693.0,39.0,,,,,
39,-55.54659400486208,,4.784698558927988,4.8275756760213575,19.072838712120735,COMPLETE,total,hist_gradient_boosting,,,,35.0,,,0.23719005536675689,0.0656849006268615,586.0,58.0,,,,,
40,-55.54659400486208,,4.784698558927988,4.8275756760213575,19.072838712120735,COMPLETE,total,hist_gradient_boosting,,,,24.0,,,0.025568974979771272,0.011571834536849188,463.0,27.0,,,,,
41,-15.957019328837884,,2.5198692702446284,2.643629701105742,10.431994481049596,COMPLETE,total,hist_gradient_boosting,,,,7.0,,,0.0004264315225074256,0.02209275165360701,656.0,48.0,,,,,
42,-2.546975135415027,,1.1298332019552983,1.2090797204429635,4.862917211050749,COMPLETE,total,hist_gradient_boosting,,,,5.0,,,5.099870192866305e-05,0.022866788121879738,662.0,46.0,,,,,
43,-1.7269518838398743,,0.9539294484962522,1.0601433718351974,4.118864376065482,COMPLETE,total,hist_gradient_boosting,,,,5.0,,,5.8288516534425926e-06,0.03206539480429942,664.0,39.0,,,,,
44,-55.54659400486208,,4.784698558927988,4.8275756760213575,19.072838712120735,COMPLETE,total,hist_gradient_boosting,,,,13.0,,,6.721532445756038e-06,0.0320169739736238,670.0,39.0,,,,,
45,-55.54659400486208,,4.784698558927988,4.8275756760213575,19.072838712120735,COMPLETE,total,hist_gradient_boosting,,,,9.0,,,5.322235480080729e-06,0.04604524045514818,643.0,45.0,,,,,
46,-15.753340050006024,,2.510578760703005,2.627704753715159,10.400899388798015,COMPLETE,total,hist_gradient_boosting,,,,7.0,,,7.872472427877404e-05,0.019344394105637784,694.0,50.0,,,,,
47,-55.54659400486208,,4.784698558927988,4.8275756760213575,19.072838712120735,COMPLETE,total,hist_gradient_boosting,,,,16.0,,,1.6094481302354842e-05,0.023360224850187527,611.0,35.0,,,,,
48,-55.54659400486208,,4.784698558927988,4.8275756760213575,19.072838712120735,COMPLETE,total,hist_gradient_boosting,,,,10.0,,,4.5778253434098e-05,0.040351105621639634,670.0,45.0,,,,,
49,-1.2007291000491311,,0.8552816954225856,0.9523775687741499,3.70120976038538,COMPLETE,total,hist_gradient_boosting,,,,5.0,,,3.1382390588842112e-06,0.05711083791183982,559.0,40.0,,,,,
50,-55.54659400486208,,4.784698558927988,4.8275756760213575,19.072838712120735,COMPLETE,total,hist_gradient_boosting,,,,28.0,,,2.776571295085005e-06,0.059444614201592416,597.0,42.0,,,,,
51,-1.2483326484720498,,0.863618958728401,0.9626228100927857,3.7373675924422707,COMPLETE,total,hist_gradient_boosting,,,,5.0,,,2.9801743245344368e-05,0.08147770225048538,559.0,54.0,,,,,
52,-1.9652162959540576,,1.0244847672989745,1.105488054247335,4.408723501109049,COMPLETE,total,hist_gradient_boosting,,,,6.0,,,2.494711783750316e-05,0.08936870393717113,562.0,38.0,,,,,
53,-27.698483970532866,,3.152306651844393,3.4391834525778533,12.873828186631156,COMPLETE,total,hist_gradient_boosting,,,,7.0,,,3.007060373069296e-05,0.14491603698317665,564.0,54.0,,,,,
54,-55.54659400486208,,4.784698558927988,4.8275756760213575,19.072838712120735,COMPLETE,total,hist_gradient_boosting,,,,9.0,,,0.00015837274525971865,0.09908675210480378,633.0,37.0,,,,,
55,-55.54659400486208,,4.784698558927988,4.8275756760213575,19.072838712120735,COMPLETE,total,hist_gradient_boosting,,,,44.0,,,8.33510567707865e-06,0.07853815110906766,512.0,40.0,,,,,
56,-2.887198991182503,,1.1822988781541028,1.2657392616449596,5.064698268691592,COMPLETE,total,hist_gradient_boosting,,,,6.0,,,2.8577334197214806e-06,0.1684082778168214,545.0,47.0,,,,,
57,-55.54659400486208,,4.784698558927988,4.8275756760213575,19.072838712120735,COMPLETE,total,hist_gradient_boosting,,,,11.0,,,3.086061047261288e-05,0.12422731184956666,672.0,44.0,,,,,
58,-55.54659400486208,,4.784698558927988,4.8275756760213575,19.072838712120735,COMPLETE,total,hist_gradient_boosting,,,,14.0,,,0.0001650516227769747,0.07621516184389132,239.0,49.0,,,,,
59,-1.8062521680130397,,0.9946488723784673,1.0754474938247862,4.288464098562188,COMPLETE,total,hist_gradient_boosting,,,,6.0,,,1.2924444053909142e-05,0.05234675082140683,626.0,34.0,,,,,
60,-55.54659400486208,,4.784698558927988,4.8275756760213575,19.072838712120735,COMPLETE,total,hist_gradient_boosting,,,,8.0,,,1.2816188629117392e-05,0.052615228262419086,571.0,33.0,,,,,
61,-1.769020241967973,,0.9721961335574948,1.0682894270509051,4.191851526532234,COMPLETE,total,hist_gradient_boosting,,,,6.0,,,4.430262618183581e-06,0.09080892364964531,644.0,36.0,,,,,
62,-2.250571617456633,,1.0692624443069523,1.1574593150036105,4.594888280109052,COMPLETE,total,hist_gradient_boosting,,,,6.0,,,4.015965628816873e-06,0.09192641485947937,619.0,36.0,,,,,
63,-55.54659400486208,,4.784698558927988,4.8275756760213575,19.072838712120735,COMPLETE,total,hist_gradient_boosting,,,,10.0,,,1.3895066109821646e-06,0.07131254680116199,640.0,38.0,,,,,
64,-2.8154082378985232,,1.1678709264292326,1.2539966359701908,5.001768666156132,COMPLETE,total,hist_gradient_boosting,,,,6.0,,,8.028200620246673e-06,0.112104084632334,700.0,28.0,,,,,
65,-55.54659400486208,,4.784698558927988,4.8275756760213575,19.072838712120735,COMPLETE,total,hist_gradient_boosting,,,,8.0,,,2.541760728964805e-05,0.061402482323854105,614.0,34.0,,,,,
66,-55.54659400486208,,4.784698558927988,4.8275756760213575,19.072838712120735,COMPLETE,total,hist_gradient_boosting,,,,11.0,,,1.0573090946547055e-05,0.05237683981262189,575.0,31.0,,,,,
67,-55.54659400486208,,4.784698558927988,4.8275756760213575,19.072838712120735,COMPLETE,total,hist_gradient_boosting,,,,9.0,,,1.9746405262490935e-05,0.08088789266575877,547.0,41.0,,,,,
68,-55.54659400486208,,4.784698558927988,4.8275756760213575,19.072838712120735,COMPLETE,total,hist_gradient_boosting,,,,13.0,,,1.8741024508025014e-06,0.12501980284703124,507.0,37.0,,,,,
69,-2.321763029582411,,1.0827328431402836,1.1700655387234806,4.650549298868405,COMPLETE,total,hist_gradient_boosting,,,,6.0,,,4.479826648050905e-06,0.09349772588646106,605.0,35.0,,,,,
70,-55.54659400486208,,4.784698558927988,4.8275756760213575,19.072838712120735,COMPLETE,total,hist_gradient_boosting,,,,50.0,,,2.8645876763471622e-06,0.04237175049572175,528.0,60.0,,,,,
71,-2.3253178420051683,,1.0820029004913632,1.1706914490120992,4.6480814839267035,COMPLETE,total,hist_gradient_boosting,,,,6.0,,,4.581182384108052e-06,0.09406547690145152,625.0,36.0,,,,,
72,-1.8247795901946353,,0.9723517843046423,1.078991810061314,4.196471707392341,COMPLETE,total,hist_gradient_boosting,,,,5.0,,,1.10292606565166e-06,0.03246025139245271,648.0,38.0,,,,,
73,-1.9500614662968512,,0.9945962085516532,1.10265943357274,4.2890704469920955,COMPLETE,total,hist_gradient_boosting,,,,5.0,,,1.045464213836181e-06,0.03224438459265973,683.0,39.0,,,,,
74,-1.6173598394425963,,0.9259574538565053,1.0386221543440788,3.9996459013046706,COMPLETE,total,hist_gradient_boosting,,,,5.0,,,1.2667146067131326e-06,0.033006848816899664,682.0,39.0,,,,,
75,-2.3252661752471186,,1.0689821929691312,1.1706823542323412,4.6044749086118175,COMPLETE,total,hist_gradient_boosting,,,,5.0,,,1.276320338856955e-06,0.03137608751275949,675.0,30.0,,,,,
76,-55.54659400486208,,4.784698558927988,4.8275756760213575,19.072838712120735,COMPLETE,total,hist_gradient_boosting,,,,8.0,,,2.109491190648781e-06,0.03456239190799071,681.0,33.0,,,,,
77,-13.883221480427435,,2.341760899292162,2.4767053211604235,9.756008608149848,COMPLETE,total,hist_gradient_boosting,,,,7.0,,,1.2384250349664833e-06,0.02933672545699656,646.0,40.0,,,,,
78,-55.54659400486208,,4.784698558927988,4.8275756760213575,19.072838712120735,COMPLETE,total,hist_gradient_boosting,,,,9.0,,,2.070100514408591e-06,0.057969462157661154,684.0,22.0,,,,,
79,-1.4469854751904014,,0.8886044453929655,1.0042493530960017,3.8411525928082537,COMPLETE,total,hist_gradient_boosting,,,,5.0,,,3.335708864376811e-06,0.04825850022146012,655.0,39.0,,,,,
0,-2.883442902006715,,1.2032241095622869,1.2651275900306407,5.172213307389609,COMPLETE,total,xgboost,,10.0,,,,431.0,,0.08762050559064072,,,0.6202083881990965,3.96389588638785,3.3323645788192616e-08,0.6245760287469893,0.8193963178886665
1,-13.138204383885341,,2.389065034143179,2.413920665368465,10.00361963158774,COMPLETE,total,xgboost,,8.0,,,,601.0,,0.005419290634672375,,,0.9245991883601898,5.034443102887247,4.329370014459266e-07,4.4734294104626844e-07,0.9864594334728974
2,-3.0951125727738615,,1.2656147549073389,1.2991484733701104,5.428662466756242,COMPLETE,total,xgboost,,6.0,,,,378.0,,0.027091411597666194,,,0.8253338026250707,3.6503833523887947,4.258943089524393e-06,1.9826980964985924e-05,0.6810531130891189
3,-2.845738794786948,,1.0981336503744614,1.2589710875004256,4.753532161799196,COMPLETE,total,xgboost,,9.0,,,,492.0,,0.010919676461591487,,,0.8165865559879191,1.8825578416799567,0.0029369981104377003,3.425445902633376e-07,0.7814054972861253
4,-2.663908800241384,,1.0705371766806138,1.2288480718520804,4.634930721220371,COMPLETE,total,xgboost,,10.0,,,,198.0,,0.21854952340652511,,,0.6870761961280168,2.8557701661212933,0.014391207615728067,9.148975058772307e-05,0.9137788066524075
5,-55.77226280960966,,4.794408089868276,4.837199142075905,19.107778411244126,COMPLETE,total,xgboost,,6.0,,,,241.0,,0.005719987374645638,,,0.6664509917200077,13.587923402725657,6.388511557344611e-06,0.0004793052550782129,0.959194180935452
6,-55.54657587244559,,4.784697777978628,4.827574902008162,19.072835901335385,COMPLETE,total,xgboost,,3.0,,,,560.0,,0.22195513835256983,,,0.9727745237038852,18.001719658125328,0.002404915432737351,1.9809253750493907,0.8988097705125015
7,-56.30737761819537,,4.8173534939210105,4.859942519546755,19.190293723217323,COMPLETE,total,xgboost,,3.0,,,,216.0,,0.0059677388712406935,,,0.724904780360267,6.155631603704022,0.28749982347407854,1.6247252885719427e-05,0.696398648843469
8,-55.54657587244559,,4.784697777978628,4.827574902008162,19.072835901335385,COMPLETE,total,xgboost,,6.0,,,,360.0,,0.008677528234927538,,,0.5835477896558969,19.75085179540983,0.08916674715636537,6.143857495033091e-07,0.9109886413393178
9,-2.991053926833902,,1.1518271038453272,1.2825362910703524,4.976346954984353,COMPLETE,total,xgboost,,9.0,,,,154.0,,0.07941443105985017,,,0.8970716560086756,2.4068483829477167,1.683416412018213e-05,1.1036250149900698e-07,0.8780532256184443
10,-63.44514274203689,,5.113579995385854,5.153721662751675,20.248850320919775,COMPLETE,total,xgboost,,8.0,,,,859.0,,0.22191388349996413,,,0.7287440843640081,9.670223902207146,4.3444691085504035,0.012278672550406745,0.5580828440266691
11,-60.203761532004165,,4.981242425195425,5.0224419067294646,19.777481975350454,COMPLETE,total,xgboost,,10.0,,,,709.0,,0.020256699544981695,,,0.8064638949990226,9.252769163371816,0.003138292940780035,0.0005658280468655436,0.7841199934470785
12,-2.3765257329633487,,1.0253791083415837,1.179670982666971,4.4478369169804575,COMPLETE,total,xgboost,,8.0,,,,682.0,,0.014209533776572537,,,0.7372785143038614,1.2439898367051514,0.0012033886068193284,2.492439910643839e-08,0.7080489480079079
13,-2.127166299391004,,0.9654495785157374,1.1352757297900715,4.195499691486066,COMPLETE,total,xgboost,,8.0,,,,727.0,,0.04288665608050182,,,0.690877781257382,1.0568281355350313,0.00018558521666905788,1.0875606743304423e-08,0.7042596797198424
14,-18.319323328932253,,2.7723855246623845,2.8217713544950644,11.517754894065106,COMPLETE,total,xgboost,,7.0,,,,750.0,,0.0528706864191937,,,0.5559131420730139,6.765479716882602,0.00014422243561457965,1.0349948297536779e-08,0.6895167521975207
15,-55.4661822722907,,4.78123403286144,4.824141942863826,19.060368364154545,COMPLETE,total,xgboost,,5.0,,,,683.0,,0.017365175754042148,,,0.7535468407949238,13.521543491370505,0.000260284128698369,1.0516994259765494e-08,0.6168627783130675
16,-62.46347147559697,,5.073865182153432,5.1143185757805885,20.107650776954866,COMPLETE,total,xgboost,,8.0,,,,854.0,,0.03916510924022461,,,0.669638712601036,7.072909784933061,4.893427412932517e-05,2.9878977504993186e-06,0.7273777676227156
17,-2.1448905461524235,,1.0131116777182114,1.1384884588043827,4.394378647520181,COMPLETE,total,xgboost,,4.0,,,,780.0,,0.013561393393908909,,,0.6353229066559677,1.5171615014327422,7.38953524298536e-07,5.8545411910321655e-08,0.6300158311536647
18,-58.48288240334737,,4.909533745996206,4.951329943659687,19.521031097750647,COMPLETE,total,xgboost,,4.0,,,,793.0,,0.03240238590159582,,,0.6275308032491651,12.920976705684385,2.1219899323605756e-08,0.010993417108982812,0.6253404460996047
19,-64.82608320136742,,5.168931252710073,5.208646359962291,20.4452732927792,COMPLETE,total,xgboost,,2.0,,,,899.0,,0.073124947633298,,,0.6189085546269046,7.6329753792567,5.092203661890027e-07,4.107672466398843e-06,0.5504284167483631
20,-57.06415209434432,,4.849618203393667,4.891926341084125,19.30619544485143,COMPLETE,total,xgboost,,5.0,,,,613.0,,0.12589121357479055,,,0.6854637219963702,11.877996092515318,9.051815199319725e-07,7.939388038837153e-08,0.6202075630681019
21,-2.568257819860568,,1.0469086239258936,1.2127016766656948,4.538434098186443,COMPLETE,total,xgboost,,7.0,,,,661.0,,0.013811760592816141,,,0.7834714243689794,1.0733398437350108,0.0005300404626924974,4.241144998359599e-08,0.7440930221910595
22,-2.330653778378824,,1.0205147335450342,1.1716303413903424,4.426767777052074,COMPLETE,total,xgboost,,7.0,,,,800.0,,0.02282370701344421,,,0.7117544939920389,1.1221708270981186,0.04232897887688121,1.0049931857391557e-08,0.6499757613833145
23,-29.59256759481008,,3.494727697920848,3.5508622841952797,14.307758980589913,COMPLETE,total,xgboost,,7.0,,,,788.0,,0.022252607452283933,,,0.6395975250883164,4.811434958243994,8.981376878969309,1.4805025368384747e-07,0.6504438367814873
24,-3.0112173000906894,,1.2264874050538233,1.2857719874862001,5.2682783798800905,COMPLETE,total,xgboost,,5.0,,,,796.0,,0.04563601781271395,,,0.7122900358576018,3.1272642770198305,0.0376001081231063,2.0861699425295155e-06,0.5837214545553119
25,-9.606959765835065,,2.0676898230632634,2.0908425305792346,8.71123752083252,COMPLETE,total,xgboost,,4.0,,,,744.0,,0.025396362044686677,,,0.5847019762868085,5.133606098622547,2.0457084614992622e-07,1.0209017941552559e-08,0.6602028401194608
26,-55.54657587244559,,4.784697777978628,4.827574902008162,19.072835901335385,COMPLETE,total,xgboost,,9.0,,,,831.0,,0.009132983103548865,,,0.8496184946384313,15.421035153741844,0.5868618816715159,9.822035421596696e-07,0.5939155929190026
27,-2.643138013934669,,1.0628464291016748,1.225359936742969,4.605482711162613,COMPLETE,total,xgboost,,7.0,,,,621.0,,0.05460631956739847,,,0.7681704503414213,1.2640536054013172,5.970826690614986e-05,9.94474744377665e-08,0.7481097910720439
28,-59.40897370673121,,4.9482529232423,4.989724802058873,19.659592613588206,COMPLETE,total,xgboost,,4.0,,,,739.0,,0.03459721567228509,,,0.6521431481939838,7.982741623426802,0.009146169398353906,3.707084918678788e-08,0.826331909600536
29,-8.849462246844464,,1.9911053249756983,2.014800847411519,8.413884026916234,COMPLETE,total,xgboost,,2.0,,,,516.0,,0.01691144235817007,,,0.6037344802370028,4.121390570594826,1.5326999674611956,0.009327579955292353,0.6507679794821821
30,-2.9998042429079375,,1.1993248531739404,1.2839414904895434,5.170340336737259,COMPLETE,total,xgboost,,5.0,,,,895.0,,0.06435488073339836,,,0.5516720383778431,2.7066234521786416,1.292139886896667e-07,0.151926542270183,0.8301044709509533
31,-2.4314525338739332,,1.0358781088909002,1.1892272793813867,4.491896281179984,COMPLETE,total,xgboost,,8.0,,,,664.0,,0.012275862998980836,,,0.7026422901274215,1.3721597748018006,0.0006602933259299275,2.863580078725849e-08,0.7181011771001897
32,-5.178450619960582,,1.5782117117961736,1.5957529461443436,6.723682562942522,COMPLETE,total,xgboost,,8.0,,,,705.0,,0.01456830004746795,,,0.7336707367858502,4.074079093694933,0.07671535159777206,2.5590957608778826e-07,0.7017488671871251
33,-10.125167203174646,,2.107169078739533,2.1413079940003694,8.86754180885338,COMPLETE,total,xgboost,,9.0,,,,572.0,,0.029009698014209297,,,0.7466723210740333,5.229819534964483,1.6466022283993607e-06,2.5643541227294228e-08,0.6655129281190681
34,-2.4216809241498556,,1.0118280320883286,1.1875328147985216,4.390898259930416,COMPLETE,total,xgboost,,7.0,,,,803.0,,0.009421860369329564,,,0.7814682435801872,1.02305164143007,0.0009031434495168771,1.118460744931853e-05,0.75828418050793
35,-3.745875630706407,,1.3126496543010564,1.3985694629645657,5.646524693168942,COMPLETE,total,xgboost,,8.0,,,,480.0,,0.0076941533533427895,,,0.6963213416406336,2.5218042064092834,8.444848561518772e-08,5.534329544165445e-07,0.7933012595433027
36,-2.6436352027500947,,1.159467942468374,1.2254435479688566,5.002315586451358,COMPLETE,total,xgboost,,9.0,,,,754.0,,0.01989749070074123,,,0.669701790867877,2.278163904768843,3.902491221020578e-06,2.2716114245077616e-07,0.6364963220777361
37,-8.085829721641835,,1.9115653901815903,1.9351211589411148,8.091322124959047,COMPLETE,total,xgboost,,6.0,,,,641.0,,0.016365790322761493,,,0.8620069357466299,4.041473228318053,0.010489253320770659,4.273764876606117e-05,0.5960360865954776
38,-3.8780984204938136,,1.3796751568238428,1.4179180924988843,5.909206506286221,COMPLETE,total,xgboost,,6.0,,,,426.0,,0.02470032632614546,,,0.6505155752247482,3.5828415639113853,1.0491591910252657e-05,4.330174845704036e-08,0.6764280101529138
39,-6.879482383867002,,1.698747562321076,1.8020826664062564,7.177074289040678,COMPLETE,total,xgboost,,7.0,,,,716.0,,0.09532878607607774,,,0.9909303721297127,5.973594369490337,0.0020491460961781656,0.0001592578707819559,0.7244265815402688
40,-2.467236470613102,,1.030255245121369,1.1954119583513494,4.467920205639677,COMPLETE,total,xgboost,,10.0,,,,575.0,,0.011798982876902822,,,0.804522158939696,1.916376952019995,1.1944608158769602e-08,2.0981955486978817e-08,0.6995347533623186
41,-2.754948299797529,,1.0791793733358872,1.2440213843105972,4.674024634841644,COMPLETE,total,xgboost,,7.0,,,,820.0,,0.006702951948372532,,,0.783073166764477,1.1388235435038168,0.0008087248531076864,7.409805128304408e-06,0.76605301651441
42,-4.474141846748471,,1.466923323226024,1.5020482659791263,6.273285724778209,COMPLETE,total,xgboost,,8.0,,,,783.0,,0.011604159908601499,,,0.7611082665384578,3.2199686213845764,3.251847889599234e-05,1.1350648939181227e-06,0.7538168041702435
43,-2.7654426817391267,,1.0681377321005356,1.245758575543973,4.6278720953387,COMPLETE,total,xgboost,,7.0,,,,835.0,,0.009277312959703774,,,0.8318490778312129,1.9676183272389605,0.003998218713564662,0.001189864496274418,0.8059679649406655
44,-3.9467980855959155,,1.334093021305451,1.4278676587736518,5.736517931597624,COMPLETE,total,xgboost,,8.0,,,,306.0,,0.01023904183798995,,,0.7237255181607375,2.1141823410664444,0.00013686580690875846,1.6030954115470347e-05,0.850612768831328
45,-5.8354101855346565,,1.64308508927827,1.6784490226428606,7.002055446058623,COMPLETE,total,xgboost,,3.0,,,,862.0,,0.006596580761731726,,,0.6760198868834028,3.1542678210508925,0.0012292771784949928,3.156739155410775e-07,0.679905501832095
46,-2.740434499181784,,1.0431714921713364,1.2416148319549258,4.522920850609366,COMPLETE,total,xgboost,,6.0,,,,768.0,,0.0077890012803723775,,,0.7391726992233554,1.0680891229016958,0.03522464428275703,7.678355119317773e-08,0.9598723647044165
47,-55.54657587244559,,4.784697777978628,4.827574902008162,19.072835901335385,COMPLETE,total,xgboost,,7.0,,,,820.0,,0.020546844412068804,,,0.7094162382089126,15.285145066674437,0.11623052954807826,8.886225713978979,0.7102134261890242
48,-3.5190052638748703,,1.345034208846141,1.3647317284408322,5.754919459880123,COMPLETE,total,xgboost,,9.0,,,,692.0,,0.04273938032249543,,,0.9027612108957155,4.266402817468885,0.00012801931015310938,1.8604751930587603e-08,0.7331288276940402
49,-23.764985841840012,,3.1459289460897932,3.194809056820447,12.97426478752113,COMPLETE,total,xgboost,,8.0,,,,723.0,,0.005266264527557061,,,0.7883846790741869,5.887635605940922,0.005021384526445145,0.0023195190565561533,0.6812006924204852
50,-3.08514045395113,,1.2059493928671372,1.2975657135241625,5.198913631846568,COMPLETE,total,xgboost,,6.0,,,,677.0,,0.014069675790884167,,,0.6044013851427775,2.7087713774384525,0.0002757656584989927,6.636157183683609e-08,0.7644963639258542
51,-2.5057498671596155,,1.0454692114909978,1.2020328264714624,4.5323973350530515,COMPLETE,total,xgboost,,8.0,,,,655.0,,0.011477142751815671,,,0.7017225472009783,1.679694568268559,0.0005210887510150392,2.1799671581719032e-08,0.7225973586314792
52,-2.6343460143556268,,1.0732332139730942,1.223880460572651,4.648856885137934,COMPLETE,total,xgboost,,8.0,,,,767.0,,0.013335561395268576,,,0.6930614620855668,1.7468155272606163,0.02528991744204048,1.105603843948482e-08,0.7061709642765822
53,-2.3023378115895383,,1.0239743460735173,1.1666393303865088,4.441686900492762,COMPLETE,total,xgboost,,9.0,,,,871.0,,0.03005985412055477,,,0.7152576287501159,1.1292138922148773,0.001457459084728418,1.533522117824355e-07,0.645663489214853
54,-2.177307996294529,,0.9790667761882634,1.1443411698194699,4.252204591445688,COMPLETE,total,xgboost,,10.0,,,,845.0,,0.033232110840849545,,,0.7225360485140502,1.0125976920817292,0.0014194381669351453,1.437487173640918e-07,0.6325538492355832
55,-3.853351098950668,,1.379124250960399,1.4143168642164037,5.90053136279807,COMPLETE,total,xgboost,,10.0,,,,869.0,,0.02988327972844787,,,0.719747266956503,3.3307364978367078,0.0014843887074793617,1.5487412265449953e-07,0.637358862861948
56,-59.873000292444054,,4.9675400326173,5.008852222172359,19.72853462590489,COMPLETE,total,xgboost,,9.0,,,,882.0,,0.040239650462656644,,,0.6569775303819616,11.096452026255752,0.18891541336828896,1.348838280350551e-06,0.6052199821758484
57,-2.632476616604409,,1.159513083052684,1.2235656565258497,5.000343843022895,COMPLETE,total,xgboost,,10.0,,,,837.0,,0.05303194325998604,,,0.6366590652459,2.4888552069560763,0.005949913215726496,5.121261244814884e-07,0.6344937973327899
58,-4.027816580055909,,1.4226795106649888,1.4395129553571395,6.079411911850264,COMPLETE,total,xgboost,,9.0,,,,856.0,,0.023015753980441797,,,0.7507409280652767,4.594299176791813,1.7237477430854218e-05,6.051282333308634e-08,0.6124492208217547
59,-55.54657587244559,,4.784697777978628,4.827574902008162,19.072835901335385,COMPLETE,total,xgboost,,9.0,,,,817.0,,0.037353116587517714,,,0.6887426408183221,18.458450583766844,0.8980992068116245,1.2014822300896588e-07,0.5864482190449206
60,-2.282361528865626,,1.0096698671103013,1.1631053993690597,4.380551162061557,COMPLETE,total,xgboost,,10.0,,,,730.0,,0.033326262712634315,,,0.7280675499660088,1.8529068677321354,0.019687194490700843,3.890959816720237e-06,0.6498365766914701
61,-2.142004982670177,,0.9699455171347152,1.137966034479797,4.214497570834892,COMPLETE,total,xgboost,,10.0,,,,735.0,,0.03212194757818572,,,0.7290353010013434,1.8337293283029092,0.016349476596474483,3.6078483528020246e-06,0.6550469355581932
62,-2.1586663556826258,,0.9747758775473129,1.1409792390748412,4.234490615077459,COMPLETE,total,xgboost,,10.0,,,,726.0,,0.03175743545855725,,,0.7195207758327476,1.8604394958397008,0.025037313103028664,3.1741340840267686e-06,0.6586463930033639
63,-1.9114296847034495,,0.9560806820313624,1.0954158428222085,4.154298840331083,COMPLETE,total,xgboost,,10.0,,,,753.0,,0.03264670215701825,,,0.7300061252557303,1.7987165846217945,0.017592883633539315,4.74096114906331e-06,0.562483931425359
64,-2.2989300894985174,,1.1217958996216943,1.166037240444825,4.82989771652305,COMPLETE,total,xgboost,,10.0,,,,734.0,,0.036843087782274166,,,0.7585566967280192,3.578004004664985,0.017163924633607486,3.989526900385171e-06,0.5618667751673792
65,-2.183360587111609,,1.0146636237224431,1.1454306036238477,4.4013733214908415,COMPLETE,total,xgboost,,10.0,,,,634.0,,0.04724036222859589,,,0.7333835234134519,1.9275239912497453,0.38446454725588985,7.416305042272703e-05,0.6660777866688795
66,-2.460754131595099,,1.123343395145783,1.1942939655427571,4.843928557245284,COMPLETE,total,xgboost,,10.0,,,,624.0,,0.04773291225823981,,,0.6772831214641967,2.873726360798194,0.45856044715743954,6.062363434424252e-05,0.5662477593271067
67,-2.9457918973199706,,1.2085481553793442,1.2752430144805382,5.206433132940509,COMPLETE,total,xgboost,,10.0,,,,702.0,,0.06307494221819075,,,0.7686781131750021,2.2705776371615185,0.07749709758857451,3.174430801248004e-05,0.5768566241082023
68,-7.4720485006311765,,1.8232357571046045,1.8686160792270756,7.6999071219927,COMPLETE,total,xgboost,,10.0,,,,775.0,,0.08788876766950873,,,0.7443904692937656,5.212532555876276,0.1861153290587562,6.409383523948667e-06,0.6641888683200772
69,-12.282656620688671,,2.2809075583537908,2.3397439753507845,9.587617538670427,COMPLETE,total,xgboost,,10.0,,,,745.0,,0.0472131033950528,,,0.6619694976344475,1.8863554194389458,3.416319038144136,0.00012433111100620075,0.6233757734292025
70,-68.10034143926734,,5.297860390893667,5.3366160934908455,20.901138829314156,COMPLETE,total,xgboost,,10.0,,,,599.0,,0.16370303916978884,,,0.802396666892492,9.185101264899918,0.012226388229005257,1.779719697689671e-06,0.6004798259780251
71,-2.2099250344727124,,0.9909838904460759,1.1501998585414863,4.302963957997713,COMPLETE,total,xgboost,,10.0,,,,725.0,,0.03358537073643332,,,0.7306213403963978,1.6838278891464589,0.053142375988728306,2.708770215306724e-06,0.6647681369945841
72,-2.015544278662411,,1.0245157151937974,1.1148301868174961,4.438524378566897,COMPLETE,total,xgboost,,9.0,,,,683.0,,0.026526448523512304,,,0.7328514477209365,2.955243479339158,0.06329124987144687,2.5272778748645194e-05,0.689552526041982
73,-2.284429986575869,,1.0743604570150864,1.1634718208320873,4.648913837372626,COMPLETE,total,xgboost,,9.0,,,,681.0,,0.025876834985222134,,,0.6829553794488977,2.78154842230327,0.13898783504243256,0.00022078308458942453,0.6864211398509819
74,-3.09061679512973,,1.225480960758576,1.29843514907521,5.275336614312373,COMPLETE,total,xgboost,,9.0,,,,545.0,,0.06035639813303129,,,0.7057778426016109,2.647675370766343,0.311481408239712,1.8315585490492443e-05,0.6267344366814193
75,-4.662196023003817,,1.4971029827515772,1.527630480246124,6.399139460921099,COMPLETE,total,xgboost,,10.0,,,,636.0,,0.042121416696252724,,,0.7409407752044143,3.7779748791805767,1.1222690896088303,7.197554082475892e-05,0.6704855936688733
76,-7.150738385839045,,1.7680771419922998,1.8328391030444178,7.520185225178198,COMPLETE,total,xgboost,,9.0,,,,762.0,,0.027407614153590495,,,0.7681375623553339,1.564356424173675,1.9443710883094174,7.198622184509146e-06,0.6901136197250446
77,-2.421111930358115,,1.0549916495403142,1.1874340728487265,4.568528617744269,COMPLETE,total,xgboost,,3.0,,,,799.0,,0.06909051948664595,,,0.6189421649187654,2.3424227670450617,0.008734513341174597,0.0005116063703652148,0.7400792368514333
78,-3.1094796274841716,,1.258452660791128,1.3014254065156157,5.391160787466873,COMPLETE,total,xgboost,,10.0,,,,660.0,,0.056324238477836894,,,0.7196212318853971,3.2462936560394384,0.0029268156968958086,3.0179958321663056e-05,0.6098341855875503
79,-5.5344269664599555,,1.6203342347860825,1.641079494976602,6.8963646202501225,COMPLETE,total,xgboost,,10.0,,,,597.0,,0.01921751587005537,,,0.642063505442531,4.5552846927325215,0.376323163620627,7.13644348060711e-07,0.6524625738737937
