number,value,params_alpha,user_attrs_mae_valid,user_attrs_rmse_valid,user_attrs_smape_valid,state,nivel,familia,params_l1_ratio,params_max_depth,params_max_features,params_min_samples_leaf,params_min_samples_split,params_n_estimators,params_l2_regularization,params_learning_rate,params_max_iter,params_max_leaf_nodes,params_colsample_bytree,params_min_child_weight,params_reg_alpha,params_reg_lambda,params_subsample
0,0.7212198249299551,0.041858227295469716,1.3483721226552638,1.9497897981511183,7.462590670329296,COMPLETE,banco_rango,ridge,,,,,,,,,,,,,,,
1,0.6249198218501568,451.85609510240965,1.9210891169902011,2.2616162047889716,10.317363439415862,COMPLETE,banco_rango,ridge,,,,,,,,,,,,,,,
2,0.6440700157602828,13.3032451015229,1.8715323602867135,2.2031249973464013,10.15896560161721,COMPLETE,banco_rango,ridge,,,,,,,,,,,,,,,
3,0.7186979199242536,1.55099139875943,1.5557918225018295,1.9585890504502605,8.493382397149235,COMPLETE,banco_rango,ridge,,,,,,,,,,,,,,,
4,0.7196177753566881,0.0012363188277052211,1.3393679344229745,1.9553841434513124,7.420561061884875,COMPLETE,banco_rango,ridge,,,,,,,,,,,,,,,
5,0.7196177549824514,0.0012358382772306934,1.3393678244230187,1.95538421449622,7.420560541661398,COMPLETE,banco_rango,ridge,,,,,,,,,,,,,,,
6,0.7195760976786634,0.00025502648504032837,1.3391430274628715,1.9555294680034778,7.419497081741115,COMPLETE,banco_rango,ridge,,,,,,,,,,,,,,,
7,0.6100389205461909,115.67327199145953,1.98528286809321,2.3060434313598157,10.654997960242623,COMPLETE,banco_rango,ridge,,,,,,,,,,,,,,,
8,0.7178415491457816,1.6136341713591311,1.561695524799939,1.9615680611810953,8.524457266893181,COMPLETE,banco_rango,ridge,,,,,,,,,,,,,,,
9,0.6564336780729096,9.047071957568372,1.8292023247734879,2.1645226924806154,9.946409708770892,COMPLETE,banco_rango,ridge,,,,,,,,,,,,,,,
10,0.7212182579974583,0.04181541491912686,1.348362458990214,1.949795277709883,7.4625459443368864,COMPLETE,banco_rango,ridge,,,,,,,,,,,,,,,
11,0.7212924443141759,0.04384978187324618,1.3488205850725412,1.9495358314611997,7.464665113359602,COMPLETE,banco_rango,ridge,,,,,,,,,,,,,,,
12,0.7207700900577494,0.029837668744492403,1.3457194490152329,1.951361888232617,7.45032678048923,COMPLETE,banco_rango,ridge,,,,,,,,,,,,,,,
13,0.721990985476106,0.06379392055618104,1.3532117933037187,1.9470911804686313,7.484855306770584,COMPLETE,banco_rango,ridge,,,,,,,,,,,,,,,
14,0.725747058316959,0.21008469056904142,1.3830016990639726,1.9338932509048505,7.622618673892602,COMPLETE,banco_rango,ridge,,,,,,,,,,,,,,,
15,0.7276192862135497,0.35007694079467766,1.4082799473569922,1.9272809437691696,7.740906023572033,COMPLETE,banco_rango,ridge,,,,,,,,,,,,,,,
16,0.7283245560052491,0.5839082727519415,1.4444320198591227,1.9247841920291011,7.9174126647343375,COMPLETE,banco_rango,ridge,,,,,,,,,,,,,,,
17,0.7283663475066067,0.5364321346032482,1.4375791044005453,1.9246361427359606,7.883263176915012,COMPLETE,banco_rango,ridge,,,,,,,,,,,,,,,
18,0.6386308853436917,16.31647335758847,1.890066567796513,2.219894659131146,10.24838666029271,COMPLETE,banco_rango,ridge,,,,,,,,,,,,,,,
19,0.7198162047767217,0.005956206078345206,1.340441790850096,1.9546920981277363,7.425632193571335,COMPLETE,banco_rango,ridge,,,,,,,,,,,,,,,
20,0.7178237271891564,1.6149327689917015,1.5618158500689798,1.961630009403428,8.525090157459578,COMPLETE,banco_rango,ridge,,,,,,,,,,,,,,,
21,0.7279202272159901,0.3896827361483827,1.414852981584976,1.9262159672093735,7.770991722237302,COMPLETE,banco_rango,ridge,,,,,,,,,,,,,,,
22,0.7279651051129771,0.3967820424141215,1.41599924034713,1.9260571018777386,7.7762095402292575,COMPLETE,banco_rango,ridge,,,,,,,,,,,,,,,
23,0.6861800050006944,4.232247383795248,1.718860458774486,2.0686982927698314,9.363639916648046,COMPLETE,banco_rango,ridge,,,,,,,,,,,,,,,
24,0.6191897055157436,50.54115717447489,1.9557870325503897,2.278826129714937,10.53684995705428,COMPLETE,banco_rango,ridge,,,,,,,,,,,,,,,
25,0.7259625570488687,0.2219772053588687,1.38529278723568,1.933133307474207,7.633534579794933,COMPLETE,banco_rango,ridge,,,,,,,,,,,,,,,
26,0.7277946897019051,0.7245191587232096,1.4637596386180065,1.926660293656426,8.012740541570814,COMPLETE,banco_rango,ridge,,,,,,,,,,,,,,,
27,0.7198532852759865,0.006847141440387159,1.3406430380047132,1.954562748467982,7.426580888573637,COMPLETE,banco_rango,ridge,,,,,,,,,,,,,,,
28,0.6918389943391683,3.668991381341545,1.6951261548034287,2.049961439190076,9.23353810497922,COMPLETE,banco_rango,ridge,,,,,,,,,,,,,,,
29,0.7199498918469498,0.009181791932246278,1.3411682282666253,1.9542257109866217,7.429054190769378,COMPLETE,banco_rango,ridge,,,,,,,,,,,,,,,
30,0.7238749918516463,0.12655727227567934,1.366259634299344,1.9404824591226257,7.543548237348433,COMPLETE,banco_rango,ridge,,,,,,,,,,,,,,,
31,0.7283346263262749,0.49482570399500975,1.4314238310659457,1.9247485182595863,7.852417921790074,COMPLETE,banco_rango,ridge,,,,,,,,,,,,,,,
32,0.7283300909749757,0.5805293293523074,1.4439521711685275,1.9247645846690473,7.915027257984986,COMPLETE,banco_rango,ridge,,,,,,,,,,,,,,,
33,0.7264697077428554,0.902766693043203,1.4855829084142376,1.9313436908789454,8.11907244679017,COMPLETE,banco_rango,ridge,,,,,,,,,,,,,,,
34,0.6834331966351506,4.530694515469078,1.7299899962874576,2.0777320349123034,9.424059267550271,COMPLETE,banco_rango,ridge,,,,,,,,,,,,,,,
35,0.7233314099040358,0.10683647321500514,1.362303440253586,1.9423915448377358,7.525912399237655,COMPLETE,banco_rango,ridge,,,,,,,,,,,,,,,
36,0.7202737569184894,0.017154771605244215,1.3429385215843426,1.9530953980200216,7.437364487335412,COMPLETE,banco_rango,ridge,,,,,,,,,,,,,,,
37,0.6729002553564203,937.8118632537149,1.7205087300135513,2.1120147796069917,9.339574859283141,COMPLETE,banco_rango,ridge,,,,,,,,,,,,,,,
38,0.6144955795779032,74.82573141984301,1.9714741788311012,2.2928282899799752,10.60020867997109,COMPLETE,banco_rango,ridge,,,,,,,,,,,,,,,
39,0.7194642729332614,1.4944319945120823,1.550304404173589,1.9559193327528537,8.46447466599618,COMPLETE,banco_rango,ridge,,,,,,,,,,,,,,,
40,0.6445709398230398,13.07311604086945,1.8698132450133247,2.201574148951047,10.150541340065276,COMPLETE,banco_rango,ridge,,,,,,,,,,,,,,,
41,0.7283384022343897,0.49728290810683856,1.431794752055954,1.9247351420631567,7.854280269212402,COMPLETE,banco_rango,ridge,,,,,,,,,,,,,,,
42,0.7279162653817912,0.7017872692690775,1.4607410459955232,1.926229991259076,7.997941045215909,COMPLETE,banco_rango,ridge,,,,,,,,,,,,,,,
43,0.7072698566639521,2.3841543577165756,1.623516841786568,1.9979774080119566,8.846842437519186,COMPLETE,banco_rango,ridge,,,,,,,,,,,,,,,
44,0.7228190227260507,0.08953947394295607,1.3587327888414047,1.9441893567018078,7.509900198532564,COMPLETE,banco_rango,ridge,,,,,,,,,,,,,,,
45,0.7283498797322141,0.5656751245677705,1.441822538201769,1.924694482328903,7.904432414970759,COMPLETE,banco_rango,ridge,,,,,,,,,,,,,,,
46,0.7247857209197364,0.1635543615719936,1.373723149766284,1.937279718790625,7.577931966556535,COMPLETE,banco_rango,ridge,,,,,,,,,,,,,,,
47,0.6271927500309225,28.711447823477975,1.928679703557122,2.2547532687581477,10.423790683042238,COMPLETE,banco_rango,ridge,,,,,,,,,,,,,,,
48,0.6667181748723361,6.868331705921029,1.7928586754262628,2.131879561128036,9.757893674831616,COMPLETE,banco_rango,ridge,,,,,,,,,,,,,,,
49,0.7196649982678733,0.00235235530876822,1.339623031653759,1.9552194703515962,7.421767074235131,COMPLETE,banco_rango,ridge,,,,,,,,,,,,,,,
50,0.7204763145882555,0.02226057080971398,1.3440537182481431,1.952388124199132,7.442578323853477,COMPLETE,banco_rango,ridge,,,,,,,,,,,,,,,
51,0.728080396302992,0.6662577691922197,1.455910614153234,1.9256489172072642,7.974198461291506,COMPLETE,banco_rango,ridge,,,,,,,,,,,,,,,
52,0.7207202409753928,1.4002936343476426,1.54078427458768,1.9515360623719082,8.414239639599055,COMPLETE,banco_rango,ridge,,,,,,,,,,,,,,,
53,0.7271790106862954,0.30630856583746974,1.400763948966032,1.9288379409706358,7.706123453164876,COMPLETE,banco_rango,ridge,,,,,,,,,,,,,,,
54,0.7220993190320848,0.06702374726965536,1.3539218206880936,1.9467117757488057,7.4880948396627,COMPLETE,banco_rango,ridge,,,,,,,,,,,,,,,
55,0.7282079537623336,0.44645770267086726,1.4239372640542245,1.9251972033675169,7.814724235854915,COMPLETE,banco_rango,ridge,,,,,,,,,,,,,,,
56,0.6998646941615769,2.964352474831306,1.6595340200944344,2.023090884983108,9.034963905436303,COMPLETE,banco_rango,ridge,,,,,,,,,,,,,,,
57,0.7258419795353498,0.21524343087064773,1.3840000087055593,1.9335585536928614,7.6273789180917735,COMPLETE,banco_rango,ridge,,,,,,,,,,,,,,,
58,0.71957032485896,0.00011937800715915961,1.3391118925890861,1.9555495962109026,7.4193497388108405,COMPLETE,banco_rango,ridge,,,,,,,,,,,,,,,
59,0.7249301529748617,1.056330575416871,1.5032306945777592,1.9367713112834604,8.21392973305082,COMPLETE,banco_rango,ridge,,,,,,,,,,,,,,,
60,0.7213193890925547,0.04459245204063823,1.3489872849685847,1.949441590957984,7.4654356343051305,COMPLETE,banco_rango,ridge,,,,,,,,,,,,,,,
61,0.7282585464428825,0.4615684813245351,1.4263212962304272,1.9250180122882683,7.826747121770336,COMPLETE,banco_rango,ridge,,,,,,,,,,,,,,,
62,0.7105144004126458,2.1439838515561167,1.605986231298063,1.9868740280753379,8.755707403913679,COMPLETE,banco_rango,ridge,,,,,,,,,,,,,,,
63,0.7283643976565544,0.525248874431389,1.4359449344381403,1.9246430504683318,7.875088132702183,COMPLETE,banco_rango,ridge,,,,,,,,,,,,,,,
64,0.726604783274462,0.26198820228231023,1.392826038232425,1.9308667610874448,7.669103630340243,COMPLETE,banco_rango,ridge,,,,,,,,,,,,,,,
65,0.7282328654709862,0.6233634515268708,1.4500339268285332,1.925108972215221,7.945174120687493,COMPLETE,banco_rango,ridge,,,,,,,,,,,,,,,
66,0.7245604439315576,0.15386789816871968,1.3717460381114503,1.9380724379571934,7.568301088570265,COMPLETE,banco_rango,ridge,,,,,,,,,,,,,,,
67,0.7231285591026657,1.2114000995303413,1.5205542738706461,1.9431034859468201,8.306947596666298,COMPLETE,banco_rango,ridge,,,,,,,,,,,,,,,
68,0.6618123710864634,7.807260840688758,1.8103038379274448,2.1475125419118655,9.848956527196558,COMPLETE,banco_rango,ridge,,,,,,,,,,,,,,,
69,0.7283115540831144,0.4823258416764222,1.429527854007176,1.9248302499178929,7.842889369921043,COMPLETE,banco_rango,ridge,,,,,,,,,,,,,,,
70,0.6769340872428564,5.317871740804431,1.755354831143261,2.098951575152704,9.560330605032958,COMPLETE,banco_rango,ridge,,,,,,,,,,,,,,,
71,0.7283383022676547,0.49721572040819895,1.4317846236509937,1.9247354961976235,7.854229421555637,COMPLETE,banco_rango,ridge,,,,,,,,,,,,,,,
72,0.7266487655707066,0.8825249829548423,1.4832574968424916,1.9307114413076951,8.107800803294756,COMPLETE,banco_rango,ridge,,,,,,,,,,,,,,,
73,0.7263660375696068,0.24619380339669256,1.3898857448841326,1.9317096535762994,7.655281429674235,COMPLETE,banco_rango,ridge,,,,,,,,,,,,,,,
74,0.7164077216678695,1.7176371466934581,1.571067503222591,1.96654573619997,8.573685374871832,COMPLETE,banco_rango,ridge,,,,,,,,,,,,,,,
75,0.7220705961694774,0.06616360559823808,1.3537332352108946,1.9468123758803917,7.487234943437807,COMPLETE,banco_rango,ridge,,,,,,,,,,,,,,,
76,0.7235110573260768,0.11318638377534643,1.3635915373768743,1.9417608221804352,7.531666787533919,COMPLETE,banco_rango,ridge,,,,,,,,,,,,,,,
77,0.7276767399418489,0.3568143803187707,1.4094148121533618,1.9270776707219237,7.746123390240485,COMPLETE,banco_rango,ridge,,,,,,,,,,,,,,,
78,0.7258290871115074,0.9703129520720974,1.4934248441354416,1.9336040164579067,8.161026928751278,COMPLETE,banco_rango,ridge,,,,,,,,,,,,,,,
79,0.7249209042607221,0.16956098559931687,1.3749313697476833,1.936803871183861,7.583800717057922,COMPLETE,banco_rango,ridge,,,,,,,,,,,,,,,
0,0.6148943442168737,0.0074593432857265485,1.969812982229472,2.291642135741267,10.62949741647503,COMPLETE,banco_rango,elasticnet,0.9056428757689245,,,,,,,,,,,,,,
1,0.7612362810268398,0.4570563099801455,1.3344000488318293,1.80443406728189,7.506280007582912,COMPLETE,banco_rango,elasticnet,0.588792635777333,,,,,,,,,,,,,,
2,0.7236507206672167,0.0006026889128682511,1.5035039549332814,1.941270337719876,8.207352762462266,COMPLETE,banco_rango,elasticnet,0.19039506830258235,,,,,,,,,,,,,,
3,0.7208375598803078,0.00019517224641449495,1.384708789617338,1.9511261219524054,7.645415981048891,COMPLETE,banco_rango,elasticnet,0.8295585311974416,,,,,,,,,,,,,,
4,0.6889862253396177,0.10129197956845731,1.702714055666689,2.0594282343951513,9.18878276526834,COMPLETE,banco_rango,elasticnet,0.6872653200164409,,,,,,,,,,,,,,
5,0.7199940885673155,0.00012674255898937226,1.3655265917472479,1.9540714996995763,7.5542922086647355,COMPLETE,banco_rango,elasticnet,0.9229188669457948,,,,,,,,,,,,,,
6,0.7021593391790424,1.452824663751602,1.3384016559475456,2.0153424089012444,7.759359729778168,COMPLETE,banco_rango,elasticnet,0.24110519961044852,,,,,,,,,,,,,,
7,0.7193618824564767,0.0008111941985431928,1.5424599333006284,1.9562762378161662,8.41333753110499,COMPLETE,banco_rango,elasticnet,0.21506405886809044,,,,,,,,,,,,,,
8,0.6690514429021047,0.0033205591037519565,1.7867087628018623,2.1244039313614382,9.677801904105907,COMPLETE,banco_rango,elasticnet,0.522280788469014,,,,,,,,,,,,,,
9,0.6176492827990768,0.01444525102276306,1.959130637882513,2.283430538785949,10.577201264448552,COMPLETE,banco_rango,elasticnet,0.3121062261782377,,,,,,,,,,,,,,
10,-1.1733466865763331,7.103285457179474,4.133768128416462,5.444040597116097,19.86284771223101,COMPLETE,banco_rango,elasticnet,0.4759945893092017,,,,,,,,,,,,,,
11,0.6140969444444764,0.1730779525382564,1.9636318708551006,2.294013445974979,10.526230829227199,COMPLETE,banco_rango,elasticnet,0.059463518652435154,,,,,,,,,,,,,,
12,0.7588173213913671,0.44337966503967596,1.3465559729951335,1.813551561256749,7.5538807110181905,COMPLETE,banco_rango,elasticnet,0.5575631104001643,,,,,,,,,,,,,,
13,0.7617297411462041,0.5390964383604716,1.3144684500710846,1.8025684639302615,7.452442847274003,COMPLETE,banco_rango,elasticnet,0.5999758398545837,,,,,,,,,,,,,,
14,0.3603968336887846,1.8735676388271143,2.060777486956702,2.9533311967566576,11.316012931188697,COMPLETE,banco_rango,elasticnet,0.7145649902525189,,,,,,,,,,,,,,
15,0.655447391139375,0.12294840185763721,1.8228585673367674,2.1676273485094093,9.795238926239156,COMPLETE,banco_rango,elasticnet,0.40575616608650744,,,,,,,,,,,,,,
16,0.7287683413087143,0.8995286976318013,1.3170419504892616,1.9232114697352678,7.642927940132638,COMPLETE,banco_rango,elasticnet,0.6539001789321557,,,,,,,,,,,,,,
17,-1.3233779173040787,8.976047333858538,4.288974887283437,5.6288124594759745,20.448758204852965,COMPLETE,banco_rango,elasticnet,0.6075805488202393,,,,,,,,,,,,,,
18,0.6722539354399883,0.07352836149311404,1.7687126868457526,2.1141003263027827,9.517591374038412,COMPLETE,banco_rango,elasticnet,0.7408633979307121,,,,,,,,,,,,,,
19,0.6093243924256695,0.031817052986528864,1.9836968920947233,2.3081551533604543,10.681332502400798,COMPLETE,banco_rango,elasticnet,0.3988347836575648,,,,,,,,,,,,,,
20,0.7768799962548196,0.35703865847630456,1.2855758267993398,1.7443197766571958,7.254491607444313,COMPLETE,banco_rango,elasticnet,0.8267542764185698,,,,,,,,,,,,,,
21,0.7737198639068041,0.42845417948363307,1.2843690520331015,1.7566290724210412,7.284657834317495,COMPLETE,banco_rango,elasticnet,0.7804273503479368,,,,,,,,,,,,,,
22,0.7751230194212259,0.3204888885341094,1.3011366877130595,1.7511742040044054,7.308071748856937,COMPLETE,banco_rango,elasticnet,0.8226298585221032,,,,,,,,,,,,,,
23,0.635341217737726,0.038459774919206484,1.8984624539270145,2.2299760007417633,10.206676149433997,COMPLETE,banco_rango,elasticnet,0.823030933469415,,,,,,,,,,,,,,
24,-0.040105256931577626,2.468220781828075,2.7418985901180823,3.7661316404487652,14.294084364826103,COMPLETE,banco_rango,elasticnet,0.8163093152069905,,,,,,,,,,,,,,
25,0.7555182242503575,0.20217267226081487,1.4119961345193512,1.8259130649156488,7.795932864866682,COMPLETE,banco_rango,elasticnet,0.7626410275729736,,,,,,,,,,,,,,
26,0.7812667590395677,0.25850422689314023,1.2841693045824745,1.7270871162428139,7.215875800831174,COMPLETE,banco_rango,elasticnet,0.9474940304688015,,,,,,,,,,,,,,
27,-0.8670569378307933,3.7191732309419736,3.8004798009457557,5.045865054621083,18.583126533278055,COMPLETE,banco_rango,elasticnet,0.9492464915200658,,,,,,,,,,,,,,
28,0.6660588500986907,0.053734230729726815,1.7939361277611028,2.133987246608958,9.648448946991854,COMPLETE,banco_rango,elasticnet,0.8702033433523166,,,,,,,,,,,,,,
29,0.6283132071670882,0.005762454276967318,1.9283847111293255,2.2513624341346494,10.394661747936716,COMPLETE,banco_rango,elasticnet,0.8910916603493448,,,,,,,,,,,,,,
30,0.6007160040668684,0.019149633810612732,2.002335744612652,2.3334462528165365,10.811070422323567,COMPLETE,banco_rango,elasticnet,0.8603501396805833,,,,,,,,,,,,,,
31,0.7660537382694865,0.24630808497292314,1.3560728381043377,1.7861375692276593,7.53651386930064,COMPLETE,banco_rango,elasticnet,0.789093067404053,,,,,,,,,,,,,,
32,0.681798699351174,0.8805031092094547,1.4131560209762657,2.0830890006386897,8.208948093517574,COMPLETE,banco_rango,elasticnet,0.9382409027018548,,,,,,,,,,,,,,
33,0.762051921507436,0.32425229945998846,1.3555481885304388,1.8013493679917572,7.5543429898155825,COMPLETE,banco_rango,elasticnet,0.6693943958857975,,,,,,,,,,,,,,
34,0.7149731538112879,0.9069816004319937,1.3466127314954388,1.9715134041926359,7.829605692022026,COMPLETE,banco_rango,elasticnet,0.7658483829020443,,,,,,,,,,,,,,
35,0.7773425434821946,0.48521847820117664,1.2417598141628339,1.7425107751015718,7.134483026028003,COMPLETE,banco_rango,elasticnet,0.8680950280397159,,,,,,,,,,,,,,
36,0.7278738570652887,0.11124050347214585,1.5469208514448227,1.9263801012765085,8.423812615059784,COMPLETE,banco_rango,elasticnet,0.8798233995665604,,,,,,,,,,,,,,
37,-1.1696395372342598,4.520161783628878,4.129870575646902,5.4393955754056185,19.848054464810126,COMPLETE,banco_rango,elasticnet,0.8516244312851741,,,,,,,,,,,,,,
38,0.6467539015602137,1.2024885029897556,1.4822179190110762,2.194802960726358,8.55480859584928,COMPLETE,banco_rango,elasticnet,0.7100180932892799,,,,,,,,,,,,,,
39,0.7580357762481745,0.6232324515829335,1.2543347052729636,1.8164875640439158,7.30136314014206,COMPLETE,banco_rango,elasticnet,0.9188882021687304,,,,,,,,,,,,,,
40,0.6802028597920206,0.07101392636029695,1.7402189195822835,2.088306009929643,9.372781108360758,COMPLETE,banco_rango,elasticnet,0.8173475565268205,,,,,,,,,,,,,,
41,0.7798682955841842,0.3083889674601232,1.2814596623582648,1.73259935574973,7.218397718371672,COMPLETE,banco_rango,elasticnet,0.8861626958610838,,,,,,,,,,,,,,
42,0.04698474289638366,2.2549660400627647,2.608738555368022,3.6050125187583304,13.725014073036416,COMPLETE,banco_rango,elasticnet,0.9002036189389991,,,,,,,,,,,,,,
43,0.7640672227513018,0.1986300168801713,1.373559591716324,1.7937048831225293,7.613861104429017,COMPLETE,banco_rango,elasticnet,0.838814816481887,,,,,,,,,,,,,,
44,0.7824266436471226,0.3128959551512094,1.267900172589001,1.7225018861773893,7.162386779013019,COMPLETE,banco_rango,elasticnet,0.9153110543950856,,,,,,,,,,,,,,
45,0.7595864319774075,0.14470147176137865,1.402598823045546,1.8106576231846099,7.744026844680659,COMPLETE,banco_rango,elasticnet,0.9475511545384709,,,,,,,,,,,,,,
46,0.7077603681548741,0.0010542893478118652,1.553027692568073,1.9963027568194212,8.475047500058638,COMPLETE,banco_rango,elasticnet,0.899677179590391,,,,,,,,,,,,,,
47,0.7726454200421294,0.54082850459368,1.2325647003021893,1.7607946262015093,7.137152663098996,COMPLETE,banco_rango,elasticnet,0.9027772358702613,,,,,,,,,,,,,,
48,0.6222894842749842,0.01598042186693168,1.9449101590556954,2.2695324070795335,10.498856651010136,COMPLETE,banco_rango,elasticnet,0.13835328318411316,,,,,,,,,,,,,,
49,0.5382925456836842,1.3805226009918905,1.7188739203869758,2.50922897373939,9.727257606859606,COMPLETE,banco_rango,elasticnet,0.793598045127772,,,,,,,,,,,,,,
50,0.7785365106252117,0.3192946602505313,1.2855069139262547,1.737832519002357,7.239543946901004,COMPLETE,banco_rango,elasticnet,0.8634353682354017,,,,,,,,,,,,,,
51,0.7803940718024909,0.36132484590284314,1.2671689425033061,1.73052899487608,7.178502808900143,COMPLETE,banco_rango,elasticnet,0.871794033850764,,,,,,,,,,,,,,
52,0.7515761808182608,0.6793300157522317,1.2708251239749673,1.8405747827060177,7.394195187995914,COMPLETE,banco_rango,elasticnet,0.8706215536455267,,,,,,,,,,,,,,
53,0.7032202598732659,0.1099560141415144,1.6461878529115548,2.0117498405178504,8.910040528783272,COMPLETE,banco_rango,elasticnet,0.7351489294552926,,,,,,,,,,,,,,
54,0.7776785243320039,0.2468826841149449,1.3030666717360144,1.7411955905980003,7.295972693500205,COMPLETE,banco_rango,elasticnet,0.9194484342242885,,,,,,,,,,,,,,
55,0.69435285785429,0.07069512678476696,1.687109842674548,2.041582903314495,9.106782356013127,COMPLETE,banco_rango,elasticnet,0.9218177672245117,,,,,,,,,,,,,,
56,0.7458354433861512,0.248187854401097,1.4453819041834532,1.8617199146584889,7.960655558740026,COMPLETE,banco_rango,elasticnet,0.62548461481906,,,,,,,,,,,,,,
57,0.658141453826411,0.04426525872483379,1.8235755620568044,2.159136360658925,9.805315774496446,COMPLETE,banco_rango,elasticnet,0.9232891854046538,,,,,,,,,,,,,,
58,0.6933301817315597,0.16690132450153924,1.6750990576586526,2.0449955550927,9.057465694954818,COMPLETE,banco_rango,elasticnet,0.49793380911895563,,,,,,,,,,,,,,
59,0.6120035476918104,0.023665196998705153,1.97767627786974,2.3002271635625235,10.654090016677886,COMPLETE,banco_rango,elasticnet,0.3185421166984794,,,,,,,,,,,,,,
60,0.7719819038369771,0.3003724660533833,1.31889454144387,1.7633621236346664,7.3803311210979,COMPLETE,banco_rango,elasticnet,0.8009874414983378,,,,,,,,,,,,,,
61,0.7772333445985491,0.4802478618082879,1.2455044932816317,1.7429380163673296,7.146905605585759,COMPLETE,banco_rango,elasticnet,0.8589874834604515,,,,,,,,,,,,,,
62,0.6448163218385728,1.0268745238425143,1.4967670614386024,2.200814053568419,8.635967536304877,COMPLETE,banco_rango,elasticnet,0.8771577452188541,,,,,,,,,,,,,,
63,0.32392730717926455,1.7349488695597073,2.1473587676767028,3.0363620016682833,11.702656881956111,COMPLETE,banco_rango,elasticnet,0.9458024294804834,,,,,,,,,,,,,,
64,0.7777908632666954,0.42667532567195443,1.2633887129710497,1.7407556223649414,7.194221563251584,COMPLETE,banco_rango,elasticnet,0.8374312435372001,,,,,,,,,,,,,,
65,0.7464207744974557,0.15238512379859104,1.462032814368586,1.8595749446402525,8.028747574033467,COMPLETE,banco_rango,elasticnet,0.8382769822453422,,,,,,,,,,,,,,
66,0.660633561932815,0.0888768451327293,1.8088283920489199,2.1512520419181453,9.722766719979226,COMPLETE,banco_rango,elasticnet,0.5612712165118234,,,,,,,,,,,,,,
67,0.7694930350010343,0.332581989341196,1.3228142013050297,1.7729597518622138,7.407684690196295,COMPLETE,banco_rango,elasticnet,0.7506298916432018,,,,,,,,,,,,,,
68,0.7745825776463627,0.2261121309928389,1.3208578565110571,1.7532772199615239,7.372717604111704,COMPLETE,banco_rango,elasticnet,0.9128204987356793,,,,,,,,,,,,,,
69,0.7495160682031976,0.6784061119430861,1.2742462978299287,1.8481907244646623,7.419008572075953,COMPLETE,banco_rango,elasticnet,0.8917776580301613,,,,,,,,,,,,,,
70,-0.46734082336346305,3.3049705327135186,3.325166405601736,4.4732415543930255,16.703231664725656,COMPLETE,banco_rango,elasticnet,0.7759233882279122,,,,,,,,,,,,,,
71,0.7789742482411957,0.415559520051496,1.2601703139163252,1.7361141975332244,7.174672171214552,COMPLETE,banco_rango,elasticnet,0.851774585739503,,,,,,,,,,,,,,
72,0.777921755643043,0.38670763742739184,1.2738123880651533,1.7402428504616079,7.21828806431874,COMPLETE,banco_rango,elasticnet,0.8359624084978611,,,,,,,,,,,,,,
73,0.7763528188548474,0.3755677319759266,1.2841624155371605,1.7463792590280094,7.256752288681051,COMPLETE,banco_rango,elasticnet,0.8156327639937737,,,,,,,,,,,,,,
74,0.7305625407487559,0.7824071235771921,1.3162706269227575,1.9168398861436526,7.6620198668634805,COMPLETE,banco_rango,elasticnet,0.8546169427232176,,,,,,,,,,,,,,
75,0.7688750902520176,0.46913027828276294,1.2983322799529304,1.775334642972902,7.360891479203123,COMPLETE,banco_rango,elasticnet,0.7097471829522053,,,,,,,,,,,,,,
76,0.5713885869896111,1.25175956974115,1.6533311082802258,2.4176237648798145,9.411684732561762,COMPLETE,banco_rango,elasticnet,0.8330666355736427,,,,,,,,,,,,,,
77,0.6254995559849991,0.008690421101748128,1.9355500982953278,2.2598677211125913,10.468953230055149,COMPLETE,banco_rango,elasticnet,0.4513389915367659,,,,,,,,,,,,,,
78,0.7274391817529517,0.1278657949084392,1.5468531964753833,1.9279180199580863,8.42734096888926,COMPLETE,banco_rango,elasticnet,0.8045675979343727,,,,,,,,,,,,,,
79,0.7635324792438635,0.17214037393822432,1.379696671026274,1.7957364557890694,7.641748377797522,COMPLETE,banco_rango,elasticnet,0.888236794783876,,,,,,,,,,,,,,
0,0.6264229532173368,,1.3352354993141775,2.2570799493793063,7.686078344028149,COMPLETE,banco_rango,random_forest,,16.0,0.4514121162875837,9.0,15.0,462.0,,,,,,,,,
1,0.4204047890540801,,1.6216054758674974,2.8113780170406804,9.16768017774279,COMPLETE,banco_rango,random_forest,,2.0,0.8102471755674295,11.0,15.0,309.0,,,,,,,,,
2,0.6318182669825743,,1.3242816118407843,2.2407219539217538,7.631481598072795,COMPLETE,banco_rango,random_forest,,16.0,0.4681862286846154,10.0,6.0,214.0,,,,,,,,,
3,0.6814351610544052,,1.2630143974815735,2.0842786036578542,7.358798193602796,COMPLETE,banco_rango,random_forest,,6.0,0.5392989411287272,7.0,11.0,328.0,,,,,,,,,
4,0.7334401628468523,,1.2251795260563574,1.906576376901679,7.21678736697064,COMPLETE,banco_rango,random_forest,,4.0,0.6464454897410734,4.0,10.0,628.0,,,,,,,,,
5,0.6195262810683312,,1.3105488130884098,2.27781884770905,7.6181041118835235,COMPLETE,banco_rango,random_forest,,4.0,0.3801927682679985,7.0,15.0,750.0,,,,,,,,,
6,0.8006367997933651,,1.1741327992909047,1.6488431663845062,6.818914106292463,COMPLETE,banco_rango,random_forest,,4.0,0.9776608214984636,1.0,23.0,625.0,,,,,,,,,
7,0.7725799500651791,,1.1951539102541142,1.7610481308499284,6.993838206031057,COMPLETE,banco_rango,random_forest,,6.0,0.6360991209307408,2.0,17.0,766.0,,,,,,,,,
8,0.7226924223115753,,1.2520063083339545,1.944633303256324,7.2838463335417725,COMPLETE,banco_rango,random_forest,,9.0,0.518206988040011,1.0,22.0,285.0,,,,,,,,,
9,0.6583997481304924,,1.2764212118454998,2.1583205290639964,7.420860169717209,COMPLETE,banco_rango,random_forest,,6.0,0.47015539609159257,7.0,14.0,664.0,,,,,,,,,
10,0.7983290280490528,,1.2033994418111011,1.6583589774757221,6.8549841248575065,COMPLETE,banco_rango,random_forest,,12.0,0.9895325530232119,4.0,23.0,869.0,,,,,,,,,
11,0.7988141571455069,,1.2030174857687281,1.6563631458643655,6.8476576860845295,COMPLETE,banco_rango,random_forest,,12.0,0.9984910160512244,4.0,24.0,836.0,,,,,,,,,
12,0.8000503181217603,,1.199456638822452,1.6512666481341618,6.815362483962203,COMPLETE,banco_rango,random_forest,,12.0,0.9961037759115763,3.0,20.0,896.0,,,,,,,,,
13,0.7911539530262272,,1.2060807252162222,1.6876018008770706,6.905134524656587,COMPLETE,banco_rango,random_forest,,11.0,0.8407741520827731,2.0,19.0,500.0,,,,,,,,,
14,0.7948294663696818,,1.1838263601437793,1.672685701506772,6.779949365328775,COMPLETE,banco_rango,random_forest,,9.0,0.851750608047046,1.0,20.0,605.0,,,,,,,,,
15,0.7952495266003231,,1.2088138136217252,1.6709725199567582,6.8855643583421475,COMPLETE,banco_rango,random_forest,,13.0,0.9226767557127991,3.0,20.0,421.0,,,,,,,,,
16,0.7436669545938872,,1.2608796241463958,1.8696449856425428,7.300065501138557,COMPLETE,banco_rango,random_forest,,14.0,0.7370461252253427,5.0,24.0,900.0,,,,,,,,,
17,0.7842924887731565,,1.2137638927037324,1.7151001483928348,6.988155278820746,COMPLETE,banco_rango,random_forest,,10.0,0.917318561457333,5.0,5.0,697.0,,,,,,,,,
18,0.42649757529890275,,1.6034654336596867,2.7965621773800606,9.086579718768519,COMPLETE,banco_rango,random_forest,,2.0,0.7591241334103676,1.0,18.0,556.0,,,,,,,,,
19,0.7978967688865857,,1.1810599464798524,1.6601352796123243,6.766009308953668,COMPLETE,banco_rango,random_forest,,8.0,0.921594250168666,3.0,2.0,794.0,,,,,,,,,
20,0.7623152899350344,,1.2453512212326467,1.80035219688271,7.197907820101837,COMPLETE,banco_rango,random_forest,,14.0,0.8838326812427167,6.0,21.0,387.0,,,,,,,,,
21,0.801080563639699,,1.193630130363326,1.6470070586905474,6.7881899547456825,COMPLETE,banco_rango,random_forest,,11.0,0.9911914578550154,3.0,24.0,836.0,,,,,,,,,
22,0.80761691335232,,1.164177090016304,1.6197213047938097,6.654867374246372,COMPLETE,banco_rango,random_forest,,8.0,0.9668909865819686,2.0,22.0,828.0,,,,,,,,,
23,0.8075141552540737,,1.1608942504039435,1.620153820106384,6.658207165092267,COMPLETE,banco_rango,random_forest,,7.0,0.947099351748071,2.0,22.0,716.0,,,,,,,,,
24,0.7903195367851683,,1.18819754907908,1.690969733005896,6.86503734361162,COMPLETE,banco_rango,random_forest,,8.0,0.780362591307737,2.0,17.0,722.0,,,,,,,,,
25,0.7899009749150253,,1.1925087612075917,1.6926566393147453,6.890197458641907,COMPLETE,banco_rango,random_forest,,8.0,0.9319089510988965,5.0,22.0,809.0,,,,,,,,,
26,0.7673087168054111,,1.2075918378339028,1.7813403595171322,7.045939510744945,COMPLETE,banco_rango,random_forest,,7.0,0.6868683977112578,3.0,24.0,818.0,,,,,,,,,
27,0.797159652061461,,1.1910840209604179,1.6631599711992204,6.808595935139684,COMPLETE,banco_rango,random_forest,,10.0,0.8765144910432806,2.0,12.0,688.0,,,,,,,,,
28,0.6695878899270791,,1.3091282274456835,2.122681469763642,7.528593968647071,COMPLETE,banco_rango,random_forest,,10.0,0.9408971121971977,12.0,22.0,754.0,,,,,,,,,
29,0.6886153997641088,,1.2635032898639693,2.0606556095456856,7.333712733759796,COMPLETE,banco_rango,random_forest,,7.0,0.8141169148122138,9.0,18.0,847.0,,,,,,,,,
30,0.6879994272848438,,1.2542649983642213,2.062692768796213,7.322962276467117,COMPLETE,banco_rango,random_forest,,5.0,0.7119193452019287,8.0,21.0,571.0,,,,,,,,,
31,0.7998554416732326,,1.1759978764151495,1.652071137063717,6.834061712195069,COMPLETE,banco_rango,random_forest,,4.0,0.9624557630468252,1.0,23.0,641.0,,,,,,,,,
32,0.7430077444417633,,1.3150447524445092,1.872047519374796,7.652418562758615,COMPLETE,banco_rango,random_forest,,3.0,0.9661949385924359,2.0,24.0,505.0,,,,,,,,,
33,0.7969316062205548,,1.171135351932849,1.6640946229493823,6.740224526106707,COMPLETE,banco_rango,random_forest,,7.0,0.8786453087346475,1.0,22.0,725.0,,,,,,,,,
34,0.8093373134278457,,1.1470718302363614,1.6124628017466962,6.638900649885264,COMPLETE,banco_rango,random_forest,,5.0,0.9536283967029681,3.0,9.0,795.0,,,,,,,,,
35,0.797135293653185,,1.1640328176331538,1.66325982981674,6.782652803000805,COMPLETE,banco_rango,random_forest,,5.0,0.8981618961794898,4.0,10.0,794.0,,,,,,,,,
36,0.7956078405544083,,1.1635692072744894,1.6695097762171554,6.780507374054061,COMPLETE,banco_rango,random_forest,,5.0,0.8293079243102917,3.0,8.0,848.0,,,,,,,,,
37,0.78363994741475,,1.199564329381004,1.717692382300293,6.943808383157059,COMPLETE,banco_rango,random_forest,,8.0,0.9513322040316121,6.0,7.0,770.0,,,,,,,,,
38,0.768245571884171,,1.2331768124545388,1.7777507516320485,7.131170869906677,COMPLETE,banco_rango,random_forest,,11.0,0.802228927476041,4.0,16.0,734.0,,,,,,,,,
39,0.8102347911196865,,1.1500133403775614,1.608663273830498,6.619818150896761,COMPLETE,banco_rango,random_forest,,6.0,0.9563506903251054,2.0,9.0,861.0,,,,,,,,,
40,0.6964087667955108,,1.322144597651814,2.034705052990217,7.7598223444548005,COMPLETE,banco_rango,random_forest,,3.0,0.6440887116668781,2.0,9.0,882.0,,,,,,,,,
41,0.8052444666365611,,1.1573295328898436,1.6296778142297201,6.662464081094377,COMPLETE,banco_rango,random_forest,,6.0,0.9570826866744582,3.0,5.0,786.0,,,,,,,,,
42,0.7959344356160223,,1.1640766671466283,1.6681754010704042,6.724866872516841,COMPLETE,banco_rango,random_forest,,6.0,0.8622770811822554,2.0,5.0,779.0,,,,,,,,,
43,0.8019187205685805,,1.1619390310927975,1.6435335228104833,6.703458856596776,COMPLETE,banco_rango,random_forest,,6.0,0.9009535317641848,3.0,3.0,863.0,,,,,,,,,
44,0.8033959049349321,,1.170663878934773,1.6373937571002106,6.73976873650153,COMPLETE,banco_rango,random_forest,,7.0,0.9569835210686662,4.0,12.0,698.0,,,,,,,,,
45,0.7187534228929344,,1.2357832740699655,1.9583958189081705,7.237412675842009,COMPLETE,banco_rango,random_forest,,5.0,0.41742302225452915,2.0,6.0,804.0,,,,,,,,,
46,0.8061060412729288,,1.1515003637200785,1.6260690710791292,6.628307263069525,COMPLETE,banco_rango,random_forest,,6.0,0.9695039111706228,1.0,10.0,758.0,,,,,,,,,
47,0.7582972631908775,,1.223129702988546,1.8155057739065925,7.104493263537733,COMPLETE,banco_rango,random_forest,,9.0,0.5914085743748447,1.0,10.0,665.0,,,,,,,,,
48,0.8027419782046429,,1.1645530288169579,1.6401145719366264,6.685204949873408,COMPLETE,banco_rango,random_forest,,7.0,0.998884331007902,1.0,13.0,756.0,,,,,,,,,
49,0.7973807044580008,,1.1790816074957107,1.6622534806526763,6.854575003659125,COMPLETE,banco_rango,random_forest,,4.0,0.9067337194145141,1.0,8.0,594.0,,,,,,,,,
50,0.8128268449734567,,1.1380352975514478,1.5976389168023282,6.552435433620209,COMPLETE,banco_rango,random_forest,,6.0,0.9718055614469802,2.0,11.0,216.0,,,,,,,,,
51,0.8128013178901178,,1.1378872749871618,1.597747857829002,6.553596659513248,COMPLETE,banco_rango,random_forest,,6.0,0.9732913654516301,2.0,11.0,203.0,,,,,,,,,
52,0.8118445175671019,,1.1400136847128872,1.6018258172443627,6.584506355560178,COMPLETE,banco_rango,random_forest,,5.0,0.9356327908637365,2.0,14.0,208.0,,,,,,,,,
53,0.7400966849683823,,1.3188922754960222,1.8826203980196135,7.679129134002792,COMPLETE,banco_rango,random_forest,,3.0,0.9302529874809045,2.0,14.0,208.0,,,,,,,,,
54,0.8010354155906823,,1.1749161532695065,1.6471939558032596,6.829247894133609,COMPLETE,banco_rango,random_forest,,4.0,0.9760552337110301,4.0,11.0,267.0,,,,,,,,,
55,0.6773736383434896,,1.265341559259005,2.097523212604065,7.3859571618822075,COMPLETE,banco_rango,random_forest,,5.0,0.3517341748302329,3.0,12.0,243.0,,,,,,,,,
56,0.802224824563862,,1.158437680269009,1.6422631183273426,6.69821248530777,COMPLETE,banco_rango,random_forest,,6.0,0.861972431806179,2.0,14.0,359.0,,,,,,,,,
57,0.7982953178179697,,1.2026314247131613,1.658497572851807,6.812680782554084,COMPLETE,banco_rango,random_forest,,16.0,0.9998859568208227,2.0,9.0,305.0,,,,,,,,,
58,0.8077298893720744,,1.1485711410542787,1.6192456482739146,6.659152224734793,COMPLETE,banco_rango,random_forest,,5.0,0.9019743323854497,3.0,11.0,251.0,,,,,,,,,
59,0.42878595702482025,,1.6249135099121863,2.7909771979833318,9.1947175393325,COMPLETE,banco_rango,random_forest,,2.0,0.895950708266619,5.0,11.0,236.0,,,,,,,,,
60,0.8058667426316817,,1.1539354859927298,1.627072186742811,6.69625215434671,COMPLETE,banco_rango,random_forest,,5.0,0.9298369304978567,4.0,13.0,272.0,,,,,,,,,
61,0.8100516166394414,,1.14083524388166,1.609439482986814,6.589318194320824,COMPLETE,banco_rango,random_forest,,6.0,0.9203272751462495,3.0,9.0,235.0,,,,,,,,,
62,0.7980085268939183,,1.1754166433065565,1.659676209597332,6.843278334500261,COMPLETE,banco_rango,random_forest,,4.0,0.9120094340118652,3.0,9.0,200.0,,,,,,,,,
63,0.801029549339189,,1.1521332221919958,1.6472182384734846,6.695191995113083,COMPLETE,banco_rango,random_forest,,6.0,0.8445232333544244,3.0,11.0,233.0,,,,,,,,,
64,0.7157598657629749,,1.227765655616965,1.9687907047190734,7.168965769470289,COMPLETE,banco_rango,random_forest,,5.0,0.9804703702493597,10.0,8.0,333.0,,,,,,,,,
65,0.796543108731415,,1.17554694550039,1.6656856821415773,6.859221512897673,COMPLETE,banco_rango,random_forest,,4.0,0.9313333234449259,4.0,7.0,258.0,,,,,,,,,
66,0.7372971975899267,,1.3148798139283422,1.892732342574909,7.685815093402089,COMPLETE,banco_rango,random_forest,,3.0,0.8798350756168453,3.0,15.0,297.0,,,,,,,,,
67,0.7373109216382207,,1.2224243477172139,1.8926829021252742,7.163841466454037,COMPLETE,banco_rango,random_forest,,6.0,0.5051429255440478,2.0,11.0,331.0,,,,,,,,,
68,0.8000105032559826,,1.1672952807740906,1.6514310437131148,6.709880964460016,COMPLETE,banco_rango,random_forest,,7.0,0.9450300754314439,1.0,12.0,414.0,,,,,,,,,
69,0.8067408622257491,,1.1505238012689087,1.623404962736043,6.681298156934782,COMPLETE,banco_rango,random_forest,,5.0,0.9809005500007459,5.0,13.0,230.0,,,,,,,,,
70,0.8046815233856244,,1.1612789031284392,1.632031416503972,6.693224051309055,COMPLETE,banco_rango,random_forest,,7.0,0.9141859865373979,3.0,9.0,288.0,,,,,,,,,
71,0.8065358127329911,,1.1615797374461534,1.6242659572487497,6.646566563526841,COMPLETE,banco_rango,random_forest,,8.0,0.9523616982016246,2.0,10.0,219.0,,,,,,,,,
72,0.807535717074282,,1.1614754551783937,1.6200630746186537,6.643866102078536,COMPLETE,banco_rango,random_forest,,8.0,0.9811008557320561,2.0,8.0,251.0,,,,,,,,,
73,0.8093599036669639,,1.1408230177786134,1.612367274404823,6.595097174868149,COMPLETE,banco_rango,random_forest,,6.0,0.9358683977351806,3.0,9.0,219.0,,,,,,,,,
74,0.7403813408239217,,1.2286246316477143,1.8815891573550885,7.179033630206698,COMPLETE,banco_rango,random_forest,,6.0,0.6114206514938826,3.0,7.0,216.0,,,,,,,,,
75,0.8005645431723977,,1.1614593121211987,1.649141940286526,6.7551308213458405,COMPLETE,banco_rango,random_forest,,5.0,0.8921607069315749,4.0,10.0,273.0,,,,,,,,,
76,0.7956552133454107,,1.180413529886532,1.6693162905150516,6.880525783727423,COMPLETE,banco_rango,random_forest,,4.0,0.8676247084172904,3.0,9.0,516.0,,,,,,,,,
77,0.8107583641194079,,1.1446842193704385,1.6064425442790595,6.581639539647909,COMPLETE,banco_rango,random_forest,,6.0,0.9404284119362728,2.0,11.0,316.0,,,,,,,,,
78,0.8054376939136405,,1.1535686079119434,1.6288691687789647,6.642129472953269,COMPLETE,banco_rango,random_forest,,6.0,0.9398515146933217,2.0,6.0,455.0,,,,,,,,,
79,0.8006498872605601,,1.163742150622983,1.6487890452252658,6.681318961936011,COMPLETE,banco_rango,random_forest,,7.0,0.9222071907837418,1.0,15.0,352.0,,,,,,,,,
0,0.6262878559374523,,1.3079079835766036,2.257488028250302,7.593341889086623,COMPLETE,banco_rango,extra_trees,,18.0,0.4514121162875837,9.0,15.0,500.0,,,,,,,,,
1,0.3143344259017473,,1.6721743702621628,3.0578277876665956,9.410020491808284,COMPLETE,banco_rango,extra_trees,,2.0,0.8102471755674295,11.0,15.0,324.0,,,,,,,,,
2,0.5619446517960413,,1.3524906676414332,2.44411335429706,7.797968141498557,COMPLETE,banco_rango,extra_trees,,18.0,0.4681862286846154,10.0,6.0,216.0,,,,,,,,,
3,0.6597686081962337,,1.2824051632432891,2.153991778622585,7.488596773472792,COMPLETE,banco_rango,extra_trees,,7.0,0.5392989411287272,7.0,11.0,346.0,,,,,,,,,
4,0.6537649033016061,,1.2989611928561853,2.172913283388042,7.630920869652017,COMPLETE,banco_rango,extra_trees,,4.0,0.6464454897410734,4.0,10.0,690.0,,,,,,,,,
5,0.6195862621116992,,1.3171347344684303,2.2776392934725442,7.70566945155643,COMPLETE,banco_rango,extra_trees,,5.0,0.3801927682679985,7.0,15.0,828.0,,,,,,,,,
6,0.7120769149727778,,1.2520910061111155,1.9815046415659756,7.418044433852315,COMPLETE,banco_rango,extra_trees,,4.0,0.9776608214984636,1.0,23.0,686.0,,,,,,,,,
7,0.7237532190897923,,1.2416085876046559,1.9409102940795355,7.289140086182212,COMPLETE,banco_rango,extra_trees,,7.0,0.6360991209307408,2.0,17.0,847.0,,,,,,,,,
8,0.7149768102405534,,1.244651449774276,1.9715007585023723,7.282654210329073,COMPLETE,banco_rango,extra_trees,,10.0,0.518206988040011,1.0,22.0,297.0,,,,,,,,,
9,0.659411414596464,,1.2775633387150425,2.155122171443808,7.465704755443864,COMPLETE,banco_rango,extra_trees,,7.0,0.47015539609159257,7.0,14.0,730.0,,,,,,,,,
10,0.6943990660898499,,1.2656159558390965,2.0414285725576953,7.360301054030624,COMPLETE,banco_rango,extra_trees,,13.0,0.7660575266039114,4.0,2.0,982.0,,,,,,,,,
11,0.7153242865924786,,1.2608729532850669,1.970298647880847,7.349754321476612,COMPLETE,banco_rango,extra_trees,,11.0,0.6294068444151358,1.0,22.0,488.0,,,,,,,,,
12,0.707145646029506,,1.2675597838339385,1.9984012518267193,7.399513202250985,COMPLETE,banco_rango,extra_trees,,12.0,0.6541389301796388,3.0,20.0,491.0,,,,,,,,,
13,0.7229480725433666,,1.2474235329398333,1.9437367165283304,7.3017484155974035,COMPLETE,banco_rango,extra_trees,,10.0,0.7698066864571066,3.0,19.0,949.0,,,,,,,,,
14,0.7254917002061163,,1.2357012958468239,1.9347933696501973,7.2456934485304005,COMPLETE,banco_rango,extra_trees,,9.0,0.8057556870059438,3.0,18.0,974.0,,,,,,,,,
15,0.7183033637750131,,1.2342708381289693,1.9599621340924127,7.2467863436736115,COMPLETE,banco_rango,extra_trees,,8.0,0.910505858691113,5.0,11.0,828.0,,,,,,,,,
16,0.7255222219432494,,1.256641731434213,1.9346858047855673,7.335529384978267,COMPLETE,banco_rango,extra_trees,,15.0,0.868696664901361,3.0,18.0,891.0,,,,,,,,,
17,0.7032532006479372,,1.263899773891234,2.011638191324547,7.3831411847678625,COMPLETE,banco_rango,extra_trees,,14.0,0.863475278242314,5.0,18.0,915.0,,,,,,,,,
18,0.7010264556754116,,1.2755913125714746,2.0191716060371,7.4395879478875955,COMPLETE,banco_rango,extra_trees,,15.0,0.9326409899779871,5.0,24.0,1000.0,,,,,,,,,
19,0.707090508303768,,1.274969001811533,1.9985893694228896,7.437150900483724,COMPLETE,banco_rango,extra_trees,,16.0,0.7341393592605195,3.0,20.0,771.0,,,,,,,,,
20,0.6933466092324629,,1.2790898387609533,2.044940781824796,7.4548726911297045,COMPLETE,banco_rango,extra_trees,,16.0,0.850353693867633,6.0,17.0,567.0,,,,,,,,,
21,0.7322864602298209,,1.2283318879269958,1.9106978665816559,7.215682980823589,COMPLETE,banco_rango,extra_trees,,8.0,0.7250169630282906,2.0,17.0,873.0,,,,,,,,,
22,0.7307086831377914,,1.2437168676833321,1.9163199703955682,7.284469321831927,COMPLETE,banco_rango,extra_trees,,9.0,0.7104601380215533,2.0,17.0,906.0,,,,,,,,,
23,0.729682758101218,,1.2621616774804205,1.9199668234356257,7.3604448679731425,COMPLETE,banco_rango,extra_trees,,12.0,0.7110646280988094,2.0,13.0,888.0,,,,,,,,,
24,0.7278813429311648,,1.2496307565468887,1.9263536048839096,7.270924434939147,COMPLETE,banco_rango,extra_trees,,12.0,0.7078701397702076,2.0,8.0,778.0,,,,,,,,,
25,0.7319355105124612,,1.2316092235496818,1.9119498377357897,7.230787538362282,COMPLETE,banco_rango,extra_trees,,8.0,0.7021023430826423,2.0,12.0,618.0,,,,,,,,,
26,0.7125664672457949,,1.24761577581607,1.979819360246262,7.331002236427578,COMPLETE,banco_rango,extra_trees,,6.0,0.5620152023677116,1.0,12.0,623.0,,,,,,,,,
27,0.6780538198292863,,1.2670685738778966,2.095310979845469,7.387265526337794,COMPLETE,banco_rango,extra_trees,,9.0,0.5861300207886129,4.0,8.0,613.0,,,,,,,,,
28,0.7292013187211316,,1.2381924849204098,1.921675808825064,7.254022022057874,COMPLETE,banco_rango,extra_trees,,9.0,0.6862791673891434,2.0,16.0,555.0,,,,,,,,,
29,0.5442330801800113,,1.3693400630891894,2.4930342822411604,7.889687146950432,COMPLETE,banco_rango,extra_trees,,5.0,0.5979971705242768,12.0,13.0,392.0,,,,,,,,,
30,0.670157594867173,,1.271523607767407,2.1208506896410033,7.421701221692059,COMPLETE,banco_rango,extra_trees,,8.0,0.7431805790417033,9.0,9.0,425.0,,,,,,,,,
31,0.7300110385889966,,1.2440709764715423,1.918800639738435,7.275580768975379,COMPLETE,banco_rango,extra_trees,,11.0,0.7023286540487254,2.0,13.0,897.0,,,,,,,,,
32,0.7321340846923147,,1.2457796218740875,1.9112415488299224,7.27788868179051,COMPLETE,banco_rango,extra_trees,,11.0,0.8054045890353372,2.0,14.0,793.0,,,,,,,,,
33,0.726356310017872,,1.2339651709823676,1.9317439889315065,7.236084980905064,COMPLETE,banco_rango,extra_trees,,8.0,0.813953094030157,1.0,15.0,775.0,,,,,,,,,
34,0.6656604875053447,,1.2863062679870387,2.1352596973403695,7.488836952490686,COMPLETE,banco_rango,extra_trees,,11.0,0.8203708999807766,9.0,16.0,683.0,,,,,,,,,
35,0.3774916297486429,,1.6673979797783838,2.9135967776413225,9.444237310676428,COMPLETE,banco_rango,extra_trees,,2.0,0.7665241276999382,4.0,6.0,846.0,,,,,,,,,
36,0.719433716091952,,1.2335558278446386,1.9560258523214726,7.265121746178141,COMPLETE,banco_rango,extra_trees,,6.0,0.6760135756775472,2.0,14.0,747.0,,,,,,,,,
37,0.7011440818080749,,1.2549803750619604,2.0187743623392396,7.342485846534891,COMPLETE,banco_rango,extra_trees,,9.0,0.7897943075195862,6.0,11.0,938.0,,,,,,,,,
38,0.7141448062067637,,1.2314488524822873,1.9743761408385914,7.254472360548466,COMPLETE,banco_rango,extra_trees,,6.0,0.9090265553362843,4.0,16.0,802.0,,,,,,,,,
39,0.6524010681625594,,1.2951154291551144,2.177188677357846,7.5292372918159405,COMPLETE,banco_rango,extra_trees,,10.0,0.6096782070072833,8.0,20.0,653.0,,,,,,,,,
40,0.6023306851496535,,1.395871244017523,2.3287233131997684,8.1528370966536,COMPLETE,banco_rango,extra_trees,,3.0,0.7409278220897713,1.0,15.0,695.0,,,,,,,,,
41,0.73303383927168,,1.2333564422911425,1.9080289436956483,7.237291164063866,COMPLETE,banco_rango,extra_trees,,8.0,0.7087325982469985,2.0,12.0,875.0,,,,,,,,,
42,0.7302398973731965,,1.2242800398875662,1.9179872222604804,7.199085600211595,COMPLETE,banco_rango,extra_trees,,7.0,0.6690443955657798,2.0,12.0,863.0,,,,,,,,,
43,0.718378939506533,,1.2414844799574625,1.9596991996278426,7.279827114453939,COMPLETE,banco_rango,extra_trees,,8.0,0.7328036536604239,3.0,10.0,818.0,,,,,,,,,
44,0.7273449348451964,,1.2348238492198813,1.928251311823823,7.255086032434475,COMPLETE,banco_rango,extra_trees,,7.0,0.6483508904518615,1.0,14.0,250.0,,,,,,,,,
45,0.7008769278749153,,1.2656990887603192,2.019676474366755,7.445279518263383,COMPLETE,banco_rango,extra_trees,,5.0,0.5122730856627445,2.0,12.0,948.0,,,,,,,,,
46,0.7240240985438455,,1.2491978458948911,1.9399584609636353,7.304689042880323,COMPLETE,banco_rango,extra_trees,,10.0,0.7603198693385045,3.0,15.0,869.0,,,,,,,,,
47,0.7045724418504926,,1.2680152573194101,2.0071616610078284,7.363296961862878,COMPLETE,banco_rango,extra_trees,,11.0,0.8433933188567846,1.0,6.0,734.0,,,,,,,,,
48,0.6987818843243438,,1.2537908685943673,2.0267369913002256,7.336480217713477,COMPLETE,banco_rango,extra_trees,,9.0,0.7925334608617504,4.0,17.0,941.0,,,,,,,,,
49,0.7001269235010429,,1.252030118244863,2.022206900818723,7.337804878322116,COMPLETE,banco_rango,extra_trees,,7.0,0.6239275907435406,3.0,10.0,814.0,,,,,,,,,
50,0.7370812776945153,,1.24713848413243,1.8935100172423094,7.282454383878409,COMPLETE,banco_rango,extra_trees,,13.0,0.9916213810745589,2.0,19.0,552.0,,,,,,,,,
51,0.7372701924371443,,1.2463376945666182,1.8928296240125302,7.278458031126854,COMPLETE,banco_rango,extra_trees,,13.0,0.9958765096778435,2.0,21.0,558.0,,,,,,,,,
52,0.715730432587024,,1.2692088892172466,1.9688926366002408,7.385257940389561,COMPLETE,banco_rango,extra_trees,,13.0,0.9887457146351861,1.0,22.0,559.0,,,,,,,,,
53,0.7313637094507073,,1.2584640650948946,1.913987915536022,7.345077996366513,COMPLETE,banco_rango,extra_trees,,13.0,0.9449165097465023,3.0,21.0,521.0,,,,,,,,,
54,0.7378903174343071,,1.2559989024619722,1.8905944676294033,7.319693124573165,COMPLETE,banco_rango,extra_trees,,14.0,0.9694630020687556,2.0,19.0,462.0,,,,,,,,,
55,0.7185172193132368,,1.2849356097558984,1.9592180209496939,7.454351296734976,COMPLETE,banco_rango,extra_trees,,14.0,0.9473942690522053,1.0,19.0,439.0,,,,,,,,,
56,0.5905941337216617,,1.3545560183006242,2.362837643000592,7.799106120809704,COMPLETE,banco_rango,extra_trees,,14.0,0.9066249994803388,10.0,21.0,468.0,,,,,,,,,
57,0.7304870758455915,,1.258855905019793,1.9171083046653608,7.34330542562473,COMPLETE,banco_rango,extra_trees,,18.0,0.9995149414818256,3.0,21.0,538.0,,,,,,,,,
58,0.7099815496283151,,1.2658404795254845,1.9887017885024982,7.386109673289511,COMPLETE,banco_rango,extra_trees,,13.0,0.9663189971385338,5.0,19.0,486.0,,,,,,,,,
59,0.7055505458560529,,1.2622028412902873,2.0038362425471545,7.378389372314864,COMPLETE,banco_rango,extra_trees,,17.0,0.3526450010722935,2.0,24.0,594.0,,,,,,,,,
60,0.7372822869515575,,1.2428485808700873,1.8927860562140184,7.264505036227238,COMPLETE,banco_rango,extra_trees,,15.0,0.9656744352688595,3.0,19.0,397.0,,,,,,,,,
61,0.7257414469622778,,1.262717009986008,1.933913035023431,7.362605800799436,COMPLETE,banco_rango,extra_trees,,15.0,0.8852893929699255,2.0,23.0,374.0,,,,,,,,,
62,0.7340322430562372,,1.2412750988188257,1.9044577650071401,7.260268062453706,COMPLETE,banco_rango,extra_trees,,12.0,0.9696155290746078,3.0,19.0,319.0,,,,,,,,,
63,0.7352366241051925,,1.248204863200265,1.9001408970648304,7.286688596093195,COMPLETE,banco_rango,extra_trees,,12.0,0.9697547408893432,3.0,18.0,318.0,,,,,,,,,
64,0.7246801766234017,,1.2498130096685436,1.9376511552324158,7.301695155382664,COMPLETE,banco_rango,extra_trees,,12.0,0.963243207053227,3.0,18.0,302.0,,,,,,,,,
65,0.7033654105300777,,1.2792885626052142,2.0112578215488788,7.45308998874174,COMPLETE,banco_rango,extra_trees,,16.0,0.9274699046472099,4.0,20.0,342.0,,,,,,,,,
66,0.7128224753068086,,1.2517892780661197,1.978937482234669,7.324507305928786,COMPLETE,banco_rango,extra_trees,,14.0,0.9718980443806851,4.0,19.0,258.0,,,,,,,,,
67,0.7238967296061016,,1.2527316751475726,1.9404060760349096,7.3252099618410575,COMPLETE,banco_rango,extra_trees,,15.0,0.8898195611307927,3.0,22.0,383.0,,,,,,,,,
68,0.7120361847051889,,1.2576988122297477,1.9816447907315355,7.353876132389992,COMPLETE,banco_rango,extra_trees,,12.0,0.9848801132381845,5.0,18.0,424.0,,,,,,,,,
69,0.7270029112813294,,1.2664626111059232,1.9294603498631075,7.385218045183735,COMPLETE,banco_rango,extra_trees,,13.0,0.9416314391033973,3.0,23.0,321.0,,,,,,,,,
70,0.7172681461473147,,1.2728496979309905,1.963560200961051,7.405366004715738,COMPLETE,banco_rango,extra_trees,,14.0,0.9234530191368961,1.0,21.0,209.0,,,,,,,,,
71,0.7356060795684212,,1.2480326276413798,1.8988146892654425,7.288686408006212,COMPLETE,banco_rango,extra_trees,,13.0,0.9552805790868414,2.0,19.0,354.0,,,,,,,,,
72,0.7248870009218547,,1.255640897424255,1.9369232224828876,7.330775929443903,COMPLETE,banco_rango,extra_trees,,13.0,0.9608250952261974,2.0,20.0,259.0,,,,,,,,,
73,0.7299279472882636,,1.2547212739498788,1.919095880282999,7.32120554679537,COMPLETE,banco_rango,extra_trees,,15.0,0.9912523047913306,3.0,19.0,355.0,,,,,,,,,
74,0.7351534768019743,,1.2490585737842084,1.9004392374011176,7.295637813894447,COMPLETE,banco_rango,extra_trees,,12.0,0.9592439201345826,2.0,18.0,465.0,,,,,,,,,
75,0.7131512841755776,,1.260687714010596,1.9778042484316132,7.359634204414912,COMPLETE,banco_rango,extra_trees,,12.0,0.9581815907359945,4.0,18.0,459.0,,,,,,,,,
76,0.7339504909156871,,1.2577621784930066,1.9047504349502704,7.329126737316657,COMPLETE,banco_rango,extra_trees,,12.0,0.9995707377572819,2.0,19.0,405.0,,,,,,,,,
77,0.7240405599257803,,1.2636613727188117,1.9399006028803496,7.35331079359378,COMPLETE,banco_rango,extra_trees,,13.0,0.8868832830859152,1.0,17.0,294.0,,,,,,,,,
78,0.7201542227712951,,1.263999678036173,1.9535126571490298,7.37896906014878,COMPLETE,banco_rango,extra_trees,,14.0,0.9213580394146601,3.0,20.0,367.0,,,,,,,,,
79,0.7436636344473965,,1.249318670492926,1.869657093865124,7.28447144019401,COMPLETE,banco_rango,extra_trees,,16.0,0.9834502381978351,2.0,16.0,516.0,,,,,,,,,
0,0.646707820704326,,1.4025337193156966,2.194946111777747,8.014243662092028,COMPLETE,banco_rango,hist_gradient_boosting,,,,32.0,,,1.2363188277052228e-05,0.021642251106469404,671.0,49.0,,,,,
1,0.45175518939208803,,1.659769675496977,2.734287110879227,9.359364270673202,COMPLETE,banco_rango,hist_gradient_boosting,,,,32.0,,,0.090470719575684,0.009204496040276266,134.0,57.0,,,,,
2,0.7138530134868184,,1.2729009305792705,1.9753835768640275,7.363836175243772,COMPLETE,banco_rango,hist_gradient_boosting,,,,14.0,,,1.8740223688836324e-05,0.005419290634672375,682.0,55.0,,,,,
3,0.6380412936018484,,1.3385606196542876,2.221704855527003,7.6946930028909275,COMPLETE,banco_rango,hist_gradient_boosting,,,,24.0,,,0.00010929592787219404,0.01024634005770867,282.0,37.0,,,,,
4,0.6515378764696154,,1.3212289980176286,2.179890305182164,7.623740983120721,COMPLETE,banco_rango,hist_gradient_boosting,,,,21.0,,,0.0015577217702693043,0.05476331374316277,183.0,24.0,,,,,
5,0.6490281767383576,,1.441402893194855,2.1877262426635564,8.1907090895202,COMPLETE,banco_rango,hist_gradient_boosting,,,,32.0,,,2.1142332035497158e-06,0.10788483727948411,220.0,37.0,,,,,
6,0.6727099290482919,,1.2679959369036857,2.1126291388757363,7.406050657837378,COMPLETE,banco_rango,hist_gradient_boosting,,,,48.0,,,5.746775499181867,0.053848112391315636,202.0,11.0,,,,,
7,0.6555417435924565,,1.311425537568124,2.1673305361273734,7.622833365787746,COMPLETE,banco_rango,hist_gradient_boosting,,,,36.0,,,0.0012052231254145623,0.11814432092118202,283.0,13.0,,,,,
8,0.6309236577710416,,1.2890325938970622,2.2434425591553784,7.4881743015567075,COMPLETE,banco_rango,hist_gradient_boosting,,,,46.0,,,6.478282331897332e-05,0.008059522363804595,397.0,9.0,,,,,
9,0.6423811992397284,,1.423600222875231,2.208345505639154,8.10114777409265,COMPLETE,banco_rango,hist_gradient_boosting,,,,30.0,,,1.967801053211497e-05,0.0667690954439529,287.0,37.0,,,,,
10,0.7528256438048332,,1.3437233904597872,1.8359403055730976,7.502844385571902,COMPLETE,banco_rango,hist_gradient_boosting,,,,6.0,,,0.036565023379591846,0.022639291620412304,660.0,63.0,,,,,
11,0.7648637039747304,,1.3046434896143813,1.790674655495089,7.317164120268046,COMPLETE,banco_rango,hist_gradient_boosting,,,,6.0,,,0.1475158931424759,0.022687615652227402,691.0,63.0,,,,,
12,0.7596430193864611,,1.3198160817566782,1.8104445186283775,7.389809542118265,COMPLETE,banco_rango,hist_gradient_boosting,,,,6.0,,,0.14174738765779735,0.02256508822740643,566.0,63.0,,,,,
13,0.7570047614748832,,1.322520929358837,1.8203534965497878,7.352254467092169,COMPLETE,banco_rango,hist_gradient_boosting,,,,5.0,,,1.331411893520304,0.026059578182190117,544.0,64.0,,,,,
14,0.7108195369187047,,1.3097596255146169,1.985826605258153,7.517061270855424,COMPLETE,banco_rango,hist_gradient_boosting,,,,14.0,,,0.1391770417912225,0.014092757085875646,515.0,47.0,,,,,
15,0.7103873743574217,,1.3320618860784368,1.9873098996521728,7.644411460157459,COMPLETE,banco_rango,hist_gradient_boosting,,,,12.0,,,0.012187307474447075,0.21860300184408024,563.0,47.0,,,,,
16,0.6622074371846494,,1.3748073053985133,2.1462578281848756,7.849244153235057,COMPLETE,banco_rango,hist_gradient_boosting,,,,19.0,,,0.8088364455093929,0.035990754182065994,453.0,55.0,,,,,
17,0.7813347327479485,,1.2495409835386218,1.7268187399378514,7.1017065440762375,COMPLETE,banco_rango,hist_gradient_boosting,,,,9.0,,,0.4728327623394461,0.016815661384254648,618.0,25.0,,,,,
18,0.7177764046664525,,1.2905339114251513,1.9617944906123943,7.462263233308984,COMPLETE,banco_rango,hist_gradient_boosting,,,,10.0,,,1.7783714732221927,0.01609833084908314,621.0,26.0,,,,,
19,0.6749270303801231,,1.3174066888097982,2.1054613806402895,7.6076036667847955,COMPLETE,banco_rango,hist_gradient_boosting,,,,17.0,,,0.012924633002357995,0.03952545646791604,443.0,27.0,,,,,
20,0.6691570363200166,,1.2642449635443258,2.124064995047205,7.3556646288252,COMPLETE,banco_rango,hist_gradient_boosting,,,,39.0,,,0.41101674014475686,0.014204680611021026,615.0,17.0,,,,,
21,0.772598878524486,,1.2767290957800679,1.7609748421897435,7.249151172228791,COMPLETE,banco_rango,hist_gradient_boosting,,,,9.0,,,0.19541924996392923,0.02852360093519039,604.0,43.0,,,,,
22,0.7741375535043122,,1.2786687936185275,1.7550070462655418,7.277747577417154,COMPLETE,banco_rango,hist_gradient_boosting,,,,9.0,,,7.9224809151499835,0.03521956938307156,697.0,31.0,,,,,
23,0.7250924317249621,,1.3261493091524736,1.9361999233252265,7.604269684709895,COMPLETE,banco_rango,hist_gradient_boosting,,,,10.0,,,6.754363510053987,0.03419275757544174,606.0,31.0,,,,,
24,0.7015564258389788,,1.281740275335375,2.0173811878359014,7.394001016439665,COMPLETE,banco_rango,hist_gradient_boosting,,,,17.0,,,8.124729188919865,0.07684888744928284,498.0,20.0,,,,,
25,0.6404753747421591,,1.3865175820881088,2.21422205150744,7.9157448300050115,COMPLETE,banco_rango,hist_gradient_boosting,,,,23.0,,,2.1750687145786562,0.03135994085368207,630.0,42.0,,,,,
26,0.6999825266541819,,1.344380023507289,2.022693715374691,7.697267387778483,COMPLETE,banco_rango,hist_gradient_boosting,,,,10.0,,,0.4708179495089523,0.016818494772375948,370.0,32.0,,,,,
27,0.6591547784485214,,1.3186264246378334,2.155933969207171,7.610648234443072,COMPLETE,banco_rango,hist_gradient_boosting,,,,26.0,,,0.010507228620455548,0.04518549455043819,699.0,41.0,,,,,
28,0.729379423502239,,1.2366215611157263,1.9210437600603048,7.200919081854934,COMPLETE,banco_rango,hist_gradient_boosting,,,,14.0,,,0.04362030179606811,0.010781650779457471,588.0,21.0,,,,,
29,0.7834319460945087,,1.2423723236798119,1.7185178499650953,7.010229246135253,COMPLETE,banco_rango,hist_gradient_boosting,,,,8.0,,,0.33303505591480587,0.029253940060081307,650.0,31.0,,,,,
30,0.6934387633035014,,1.2671787390806766,2.044633490622606,7.3498507305294405,COMPLETE,banco_rango,hist_gradient_boosting,,,,18.0,,,4.440199155642319,0.006197707410396889,651.0,32.0,,,,,
31,0.7677015073197222,,1.289097154855633,1.7798362440378561,7.32211722374371,COMPLETE,banco_rango,hist_gradient_boosting,,,,9.0,,,0.41020326996541456,0.027912728479986496,648.0,29.0,,,,,
32,0.7754532555651612,,1.2802732851816456,1.7498879152020577,7.2203637614777545,COMPLETE,banco_rango,hist_gradient_boosting,,,,8.0,,,2.4141311115493433,0.019036775872850225,507.0,43.0,,,,,
33,0.7194302596650696,,1.2963939329476653,1.9560379008816593,7.462394770428451,COMPLETE,banco_rango,hist_gradient_boosting,,,,13.0,,,2.371883402138444,0.019225819408928885,488.0,34.0,,,,,
34,0.7727723575158896,,1.2996010268117073,1.760303010795593,7.283750618024848,COMPLETE,banco_rango,hist_gradient_boosting,,,,8.0,,,1.2566464315614956,0.012274491599270958,542.0,51.0,,,,,
35,0.7214460371275493,,1.2651689488459479,1.9489985730478228,7.333081681066009,COMPLETE,banco_rango,hist_gradient_boosting,,,,12.0,,,0.04977099413239186,0.007752573000855053,671.0,25.0,,,,,
36,0.6519349489254316,,1.365849079736547,2.178647959085651,7.815741358238999,COMPLETE,banco_rango,hist_gradient_boosting,,,,21.0,,,0.7321425510111528,0.01866475492495449,582.0,40.0,,,,,
37,0.7338191503734109,,1.2418330600801697,1.905220535586917,7.215641078386471,COMPLETE,banco_rango,hist_gradient_boosting,,,,15.0,,,2.991474286580957,0.05158890181907972,105.0,23.0,,,,,
38,0.7768213554327471,,1.2706043433185013,1.7445489843120956,7.18459502565107,COMPLETE,banco_rango,hist_gradient_boosting,,,,7.0,,,0.002376489230056504,0.06951778603120337,455.0,17.0,,,,,
39,0.7767651234210459,,1.263049795166934,1.7447687484400414,7.161677050898044,COMPLETE,banco_rango,hist_gradient_boosting,,,,7.0,,,0.00032468613913304935,0.12492435363186749,351.0,15.0,,,,,
40,0.7537369187144672,,1.3224557432432444,1.8325528360049221,7.44078575033454,COMPLETE,banco_rango,hist_gradient_boosting,,,,5.0,,,0.0004993522921866441,0.13750134455122914,328.0,16.0,,,,,
41,0.7753161879630948,,1.2823947073925126,1.7504219161502654,7.3094734554010845,COMPLETE,banco_rango,hist_gradient_boosting,,,,7.0,,,0.0002894991238654003,0.08728774361895761,440.0,15.0,,,,,
42,0.768980414510539,,1.3040558500726063,1.7749300844325777,7.316267452899377,COMPLETE,banco_rango,hist_gradient_boosting,,,,8.0,,,0.0037187440242976936,0.16712709926936026,364.0,11.0,,,,,
43,0.7357136078740499,,1.270935545330062,1.8984285285518732,7.337967397316265,COMPLETE,banco_rango,hist_gradient_boosting,,,,12.0,,,0.0021875018527830145,0.09017951586221229,411.0,19.0,,,,,
44,0.6950410735613223,,1.4092471342768254,2.0392831251632875,8.118000758550911,COMPLETE,banco_rango,hist_gradient_boosting,,,,11.0,,,7.507554765470767e-05,0.10112721441886595,469.0,8.0,,,,,
45,0.661034660102291,,1.3404467146011614,2.1499803805733624,7.671726263123454,COMPLETE,banco_rango,hist_gradient_boosting,,,,16.0,,,0.0006062052834576462,0.13991657348851522,243.0,23.0,,,,,
46,0.7743071587233719,,1.280197663637017,1.754347985275678,7.249350687047307,COMPLETE,banco_rango,hist_gradient_boosting,,,,5.0,,,0.0001860044112357464,0.04358119606977562,326.0,12.0,,,,,
47,0.6386701615955761,,1.4097443633858215,2.219774018617789,8.036880093928993,COMPLETE,banco_rango,hist_gradient_boosting,,,,43.0,,,0.004859843394110133,0.06714882792794805,526.0,38.0,,,,,
48,0.7800155606117298,,1.2580591353145154,1.732019716437966,7.151106514188543,COMPLETE,banco_rango,hist_gradient_boosting,,,,7.0,,,3.532739513572627e-05,0.06110448056432819,421.0,14.0,,,,,
49,0.7485348586443468,,1.3619780029703192,1.851807103993409,7.687663144309272,COMPLETE,banco_rango,hist_gradient_boosting,,,,7.0,,,4.9433190499482065e-06,0.23971748759454098,386.0,14.0,,,,,
50,0.6581090887064962,,1.2700784798154838,2.1592385652902175,7.390928111962775,COMPLETE,banco_rango,hist_gradient_boosting,,,,29.0,,,2.7827157766896816e-05,0.06351939479407556,327.0,18.0,,,,,
51,0.7927681885006121,,1.2214853452603067,1.6810671520406142,6.962307542442063,COMPLETE,banco_rango,hist_gradient_boosting,,,,7.0,,,4.183929290548135e-05,0.02544047866305633,412.0,10.0,,,,,
52,0.7576419584518362,,1.3260522094560527,1.817965208704298,7.466098373005475,COMPLETE,banco_rango,hist_gradient_boosting,,,,5.0,,,9.26985801993879e-06,0.05338647938113557,416.0,10.0,,,,,
53,0.7991134633609882,,1.1868276056602693,1.655130593161819,6.796457777168316,COMPLETE,banco_rango,hist_gradient_boosting,,,,7.0,,,4.7982961699515456e-05,0.02484287282830866,352.0,13.0,,,,,
54,0.7188545236511624,,1.2422929479780604,1.95804379133691,7.2246112986645805,COMPLETE,banco_rango,hist_gradient_boosting,,,,11.0,,,2.4916791000699328e-05,0.025124781059600646,294.0,13.0,,,,,
55,0.670441356841075,,1.2769991592947898,2.1199382140777248,7.442469400700842,COMPLETE,banco_rango,hist_gradient_boosting,,,,35.0,,,1.0439404577842127e-06,0.02456936099782793,431.0,8.0,,,,,
56,0.7214873289570471,,1.2565006708193,1.9488541114530347,7.2838050724395265,COMPLETE,banco_rango,hist_gradient_boosting,,,,14.0,,,0.00011610870379030508,0.02065590027380958,473.0,22.0,,,,,
57,0.7687048564255305,,1.23043374685614,1.7759883292855934,7.158168162539694,COMPLETE,banco_rango,hist_gradient_boosting,,,,7.0,,,5.616729702928813e-05,0.014119427649212351,170.0,27.0,,,,,
58,0.731419607989767,,1.23219362518996,1.913788771380441,7.176554405840515,COMPLETE,banco_rango,hist_gradient_boosting,,,,11.0,,,1.0473852198916479e-05,0.04112431930771418,390.0,17.0,,,,,
59,0.7905622588477148,,1.19992728546075,1.6899907326214438,6.914835751838952,COMPLETE,banco_rango,hist_gradient_boosting,,,,9.0,,,5.571174703358652e-06,0.0314057671019922,252.0,10.0,,,,,
60,0.7877224522999354,,1.2086098931363092,1.7014096096887332,6.958169388500952,COMPLETE,banco_rango,hist_gradient_boosting,,,,9.0,,,4.207509245712936e-06,0.0313894482463117,251.0,10.0,,,,,
61,0.7934162710692009,,1.1789832860633531,1.6784364665580231,6.836414724899463,COMPLETE,banco_rango,hist_gradient_boosting,,,,9.0,,,3.965997567479285e-06,0.031364891232207835,225.0,10.0,,,,,
62,0.7910591449357126,,1.1975708859214995,1.687984810640617,6.916136605464129,COMPLETE,banco_rango,hist_gradient_boosting,,,,9.0,,,2.7952947095486308e-06,0.03192862883410824,257.0,10.0,,,,,
63,0.7213951534014307,,1.2537255751114544,1.9491765776613843,7.272262097917842,COMPLETE,banco_rango,hist_gradient_boosting,,,,13.0,,,3.752231449928051e-06,0.03031689075702918,242.0,10.0,,,,,
64,0.7240066130358189,,1.2388714798026392,1.940019916731652,7.192495361546585,COMPLETE,banco_rango,hist_gradient_boosting,,,,11.0,,,1.3928473979089071e-06,0.032000709545432014,192.0,12.0,,,,,
65,0.7846050481670002,,1.2316325468193297,1.7138571110233012,7.085074076705087,COMPLETE,banco_rango,hist_gradient_boosting,,,,9.0,,,2.91290559437731e-06,0.03821852638063414,264.0,8.0,,,,,
66,0.7292614327276914,,1.245902256166438,1.9214625026831524,7.242477801741308,COMPLETE,banco_rango,hist_gradient_boosting,,,,10.0,,,2.775337939112192e-06,0.0374545705588205,255.0,8.0,,,,,
67,0.6867314350177895,,1.3075278978654974,2.0668799830559266,7.56113915868656,COMPLETE,banco_rango,hist_gradient_boosting,,,,16.0,,,5.953900431369397e-06,0.04580228686478948,214.0,10.0,,,,,
68,0.7254799181779708,,1.2093631927758726,1.9348348903352874,7.059409339584903,COMPLETE,banco_rango,hist_gradient_boosting,,,,13.0,,,1.7374073728344295e-06,0.022945363860949374,166.0,12.0,,,,,
69,0.6995155470232568,,1.2513500691365944,2.0242672728867843,7.271407513584189,COMPLETE,banco_rango,hist_gradient_boosting,,,,19.0,,,1.335444299680877e-05,0.034911537672416094,272.0,9.0,,,,,
70,0.6699586061944705,,1.257557387627435,2.1214903309152557,7.329040576146693,COMPLETE,banco_rango,hist_gradient_boosting,,,,50.0,,,2.542341303575254e-06,0.026698352557433695,224.0,11.0,,,,,
71,0.791514343828173,,1.2154648073911176,1.686145084836546,6.985176532171152,COMPLETE,banco_rango,hist_gradient_boosting,,,,9.0,,,6.817475368254808e-06,0.02857535400653151,301.0,8.0,,,,,
72,0.7229623437957177,,1.229085457337176,1.9436866538655773,7.180686441914406,COMPLETE,banco_rango,hist_gradient_boosting,,,,10.0,,,7.090864966542281e-06,0.03249033264542081,310.0,13.0,,,,,
73,0.7895324413090619,,1.2160503076493627,1.6941405289779397,7.0125922068510125,COMPLETE,banco_rango,hist_gradient_boosting,,,,9.0,,,1.4757484575615651e-05,0.03895227181023771,269.0,9.0,,,,,
74,0.8038776785806327,,1.1661274727681166,1.635386329383528,6.697181994324097,COMPLETE,banco_rango,hist_gradient_boosting,,,,6.0,,,1.946352575785797e-05,0.02413911771303029,293.0,10.0,,,,,
75,0.8105817395595472,,1.140994387186662,1.6071920385219527,6.560790716002478,COMPLETE,banco_rango,hist_gradient_boosting,,,,6.0,,,1.5962205770879764e-05,0.022493092690803882,295.0,15.0,,,,,
76,0.806243185474958,,1.1579715709793144,1.6254938974262103,6.655006803479938,COMPLETE,banco_rango,hist_gradient_boosting,,,,6.0,,,1.6091929713419212e-05,0.021049961990251886,306.0,15.0,,,,,
77,0.8090354849514675,,1.139898615614612,1.6137386012731767,6.553711784406753,COMPLETE,banco_rango,hist_gradient_boosting,,,,5.0,,,4.5201959818308095e-05,0.01576641405600295,292.0,15.0,,,,,
78,0.8012892715561526,,1.168832162407742,1.6461428052273526,6.64739707749958,COMPLETE,banco_rango,hist_gradient_boosting,,,,5.0,,,4.92142476021927e-05,0.01625641412264668,295.0,20.0,,,,,
79,0.794873062795127,,1.1758862958498326,1.6725079786378112,6.779651555015037,COMPLETE,banco_rango,hist_gradient_boosting,,,,6.0,,,4.1755648818854636e-05,0.011600726477404535,349.0,20.0,,,,,
0,0.7749051063575163,,1.2759988933437336,1.7520224707613616,7.096126881880494,COMPLETE,banco_rango,xgboost,,10.0,,,,431.0,,0.08762050559064072,,,0.6202083881990965,3.96389588638785,3.3323645788192616e-08,0.6245760287469893,0.8193963178886665
1,0.77293458278088,,1.259633525967616,1.7596745295814789,7.199403069493875,COMPLETE,banco_rango,xgboost,,8.0,,,,601.0,,0.005419290634672375,,,0.9245991883601898,5.034443102887247,4.329370014459266e-07,4.4734294104626844e-07,0.9864594334728974
2,0.796030203397132,,1.221477464795806,1.6677839185460233,6.873394483181869,COMPLETE,banco_rango,xgboost,,6.0,,,,378.0,,0.027091411597666194,,,0.8253338026250707,3.6503833523887947,4.258943089524393e-06,1.9826980964985924e-05,0.6810531130891189
3,0.7831101065578556,,1.259736000646488,1.7197943116752292,6.99001681837566,COMPLETE,banco_rango,xgboost,,9.0,,,,492.0,,0.010919676461591487,,,0.8165865559879191,1.8825578416799567,0.0029369981104377003,3.425445902633376e-07,0.7814054972861253
4,0.7341727445782629,,1.3419414608469051,1.9039546691333598,7.469056000737096,COMPLETE,banco_rango,xgboost,,10.0,,,,198.0,,0.21854952340652511,,,0.6870761961280168,2.8557701661212933,0.014391207615728067,9.148975058772307e-05,0.9137788066524075
5,0.5416609631283238,,1.5607760412323501,2.500059094814941,8.910312647785371,COMPLETE,banco_rango,xgboost,,6.0,,,,241.0,,0.005719987374645638,,,0.6664509917200077,13.587923402725657,6.388511557344611e-06,0.0004793052550782129,0.959194180935452
6,0.631122812246552,,1.449876965259323,2.242837193999444,8.348104177733681,COMPLETE,banco_rango,xgboost,,3.0,,,,560.0,,0.22195513835256983,,,0.9727745237038852,18.001719658125328,0.002404915432737351,1.9809253750493907,0.8988097705125015
7,0.5313879914075255,,1.6747692382931563,2.5279213466873665,9.510224338526196,COMPLETE,banco_rango,xgboost,,3.0,,,,216.0,,0.0059677388712406935,,,0.724904780360267,6.155631603704022,0.28749982347407854,1.6247252885719427e-05,0.696398648843469
8,0.6369540731132926,,1.3024156980315438,2.2250390368295787,7.537598022351752,COMPLETE,banco_rango,xgboost,,6.0,,,,360.0,,0.008677528234927538,,,0.5835477896558969,19.75085179540983,0.08916674715636537,6.143857495033091e-07,0.9109886413393178
9,0.7754461530856679,,1.283480703565509,1.7499155897176393,7.127430951614633,COMPLETE,banco_rango,xgboost,,9.0,,,,154.0,,0.07941443105985017,,,0.8970716560086756,2.4068483829477167,1.683416412018213e-05,1.1036250149900698e-07,0.8780532256184443
10,0.684970236259362,,1.3091277912744488,2.072681849102252,7.536871784076113,COMPLETE,banco_rango,xgboost,,5.0,,,,800.0,,0.02115578422848772,,,0.8061906261935355,9.41851613921334,4.3444691085504035,0.010039786460205667,0.5580828440266691
11,0.7447721601737842,,1.2679587717961178,1.8656100509503417,7.275782324307022,COMPLETE,banco_rango,xgboost,,8.0,,,,693.0,,0.01724642619953264,,,0.8137611265101512,8.580097527845242,0.000179649519485956,1.4959570499682912e-08,0.7015021866592345
12,0.7837431882566792,,1.263727560687983,1.7172825165104348,7.0259673783476835,COMPLETE,banco_rango,xgboost,,7.0,,,,383.0,,0.016027066260818568,,,0.843851422064896,1.147395983310878,0.0001653282123997987,4.6763069620690654e-06,0.7229385523731935
13,0.783743890463852,,1.273024459424392,1.717279728415415,7.111854150380402,COMPLETE,banco_rango,xgboost,,5.0,,,,339.0,,0.03778677139522134,,,0.9063132423512528,1.058598328839432,4.6852145960758174e-05,8.419848409164066e-06,0.6645954690168595
14,0.8014445828635922,,1.2081349115252153,1.6454993710016632,6.8679646758656006,COMPLETE,banco_rango,xgboost,,4.0,,,,318.0,,0.04248049752277342,,,0.8974528348899881,6.765479716882602,2.60156983935536e-06,0.0009721668338681016,0.6039620030363124
15,0.7100246204563471,,1.2615365656953965,1.9885541113236203,7.3348892339812375,COMPLETE,banco_rango,xgboost,,2.0,,,,294.0,,0.04449918278849995,,,0.7535468407949238,12.427253883630943,5.482417813288493e-07,0.003297929208895383,0.5909393929360582
16,0.7848531660075007,,1.2925216379457347,1.7128697131002981,7.2058860595191625,COMPLETE,banco_rango,xgboost,,4.0,,,,449.0,,0.0674352757688471,,,0.9981120574642306,6.885186949056262,1.1032173338053777e-08,0.012771000724724785,0.6267173558829832
17,0.6984592103896667,,1.2745295165009376,2.027822251647739,7.359409000199419,COMPLETE,banco_rango,xgboost,,5.0,,,,287.0,,0.029433273740012054,,,0.8748754662523163,11.632701968838886,7.814462047696807e-07,0.09729283774175915,0.6323648512826983
18,0.7722984438218136,,1.2836722549824398,1.762137728550298,7.237136969987937,COMPLETE,banco_rango,xgboost,,4.0,,,,644.0,,0.11707258966261974,,,0.9530802072594899,7.614084373937628,2.043442636576258e-06,0.0004753187145797441,0.7493368563418531
19,0.6604271443252665,,1.33377933862144,2.1519061855617174,7.702877984231991,COMPLETE,banco_rango,xgboost,,2.0,,,,503.0,,0.05143603649633314,,,0.7555888160012066,15.176627886319084,9.91997817811412e-08,6.546215991504019e-05,0.5503174857867192
20,0.7818202940687062,,1.2569938171018658,1.7249004142937787,7.10770896670817,COMPLETE,banco_rango,xgboost,,7.0,,,,810.0,,0.026784006379387826,,,0.8542494889511791,5.637976028400617,7.809808776078162e-06,0.0017377542249006636,0.6406136294152973
21,0.7899991830335651,,1.2374308596878794,1.692260987659087,7.04477410619901,COMPLETE,banco_rango,xgboost,,4.0,,,,422.0,,0.05799685312357891,,,0.9983014229823602,7.194996135923499,1.3651831039275493e-08,0.03141951598789874,0.6232366536005489
22,0.7097690698971297,,1.2998023635115572,1.989430158461597,7.502610212204844,COMPLETE,banco_rango,xgboost,,4.0,,,,420.0,,0.053422953917777904,,,0.9318763855205564,9.935308088483623,1.1984260742466714e-07,0.053434229983893466,0.6009181815009305
23,0.7646565652961517,,1.3511811925474329,1.7914632116132099,7.5032886138328605,COMPLETE,banco_rango,xgboost,,3.0,,,,322.0,,0.12368519694982258,,,0.99329686598779,4.118491299711856,7.020342226507506e-08,8.03806103896627,0.6694817961838404
24,0.7627481079257324,,1.2532624922042301,1.7987122515096277,7.197819744359007,COMPLETE,banco_rango,xgboost,,5.0,,,,387.0,,0.032013798476062304,,,0.8817865568932868,7.812516893542346,2.302880111647927e-06,0.12470635417949215,0.5987548366028388
25,0.7905388227899799,,1.2412773843472273,1.6900852848550296,7.021541714565563,COMPLETE,banco_rango,xgboost,,4.0,,,,900.0,,0.020801503884867994,,,0.9430131595210453,4.586023873684953,2.7415521161467403e-05,5.3195620076571505e-05,0.6840144107929316
26,0.7825806367670696,,1.2695682479955865,1.7218922058479322,7.11188226546819,COMPLETE,banco_rango,xgboost,,7.0,,,,876.0,,0.01143921917051215,,,0.9475174625999675,4.125272850306697,4.148390989595909e-05,6.35205150047368e-05,0.7787604430090623
27,0.7817454545160911,,1.2426889141943505,1.7251962248196606,6.993798159547262,COMPLETE,banco_rango,xgboost,,6.0,,,,702.0,,0.02341137189838135,,,0.8527756030672369,3.3872201050822484,0.0008203652785978932,2.6934572591055333e-06,0.73955351120249
28,0.8099436833783246,,1.187552253609772,1.609896679249973,6.726560783248142,COMPLETE,banco_rango,xgboost,,3.0,,,,573.0,,0.01701294457053039,,,0.7772155758086405,5.4303830875615935,3.4162321162732506e-05,0.0013821146689036088,0.826331909600536
29,0.8103339258773865,,1.1616711294362125,1.6082430301042792,6.659085900604706,COMPLETE,banco_rango,xgboost,,2.0,,,,549.0,,0.014236103042747264,,,0.7842061718132051,6.230818597933439,0.00046158118566051,0.0017081014019713148,0.857083073092915
30,0.7610049100756471,,1.198605175259564,1.805308137545909,7.008133417739269,COMPLETE,banco_rango,xgboost,,2.0,,,,568.0,,0.013767375288582477,,,0.7854829791578085,11.04370668946805,0.00030127124321254807,0.0015687976504657052,0.8301044709509533
31,0.797410672898278,,1.2112641498101098,1.6621305481695114,6.8643950000790515,COMPLETE,banco_rango,xgboost,,3.0,,,,482.0,,0.035798026100952236,,,0.7182830071928328,6.268624756202017,8.101425327497451e-05,0.0002427806016252524,0.8380986448592739
32,0.7919758369000611,,1.2246186376743318,1.6842778691695635,6.955810006176747,COMPLETE,banco_rango,xgboost,,3.0,,,,636.0,,0.03993870838615707,,,0.7080543455381644,5.939157928653503,0.0014057001451955472,0.00022709709667159884,0.8283715602811131
33,0.7802050288506331,,1.1860256670088423,1.7312736786345857,6.938812732712458,COMPLETE,banco_rango,xgboost,,2.0,,,,547.0,,0.008199928815709585,,,0.6563058571675607,8.956421719918389,8.845977688436421e-05,0.00400260250500459,0.8610749457798803
34,0.8101435078418872,,1.1818406075498047,1.6090501371613044,6.726559993196961,COMPLETE,banco_rango,xgboost,,3.0,,,,488.0,,0.016275681000873343,,,0.767516343455381,5.2237660259562295,0.014485529032660815,0.0007396832673507608,0.8008840549785499
35,0.8060558069986504,,1.1598678236591287,1.6262796993787711,6.690843544371826,COMPLETE,banco_rango,xgboost,,2.0,,,,612.0,,0.011478586205114672,,,0.7744761278866844,5.224728653339838,0.008474318523985405,0.25912328189567335,0.7997596654540671
36,0.7983864428987715,,1.1669351372165877,1.6581228968729984,6.784118417376682,COMPLETE,banco_rango,xgboost,,2.0,,,,625.0,,0.008732856582079741,,,0.7784713159714302,5.097986814765504,0.07647557930647807,0.5565037783983507,0.7990976333575988
37,0.8114329125430613,,1.1655912722376682,1.6035769205364758,6.6086328476235385,COMPLETE,banco_rango,xgboost,,3.0,,,,590.0,,0.011636656434289083,,,0.7493832371827593,3.481004073669694,0.009345331824325887,0.5569993335766786,0.8012953592605648
38,0.7984797831228216,,1.201735608869445,1.657739025167316,6.822645138072001,COMPLETE,banco_rango,xgboost,,3.0,,,,674.0,,0.014680112707698315,,,0.7448570276839035,2.926171267387895,0.01058113883624543,2.6389363224014257,0.9447526214182296
39,0.8118211792897088,,1.1566383681152341,1.6019251571509117,6.5745610244095,COMPLETE,banco_rango,xgboost,,3.0,,,,737.0,,0.007025230070479253,,,0.6765480416692093,2.1057398682724813,0.06392465157077878,0.012984289689473107,0.856041179826868
40,0.8095835696226426,,1.161527614539784,1.6114211525948114,6.610650890020092,COMPLETE,banco_rango,xgboost,,3.0,,,,745.0,,0.006874462861724956,,,0.6275572218495713,1.8801217187260297,0.8818741764967507,0.014673348522748994,0.8526395262239302
41,0.807984899138501,,1.16170760700075,1.6181714811550598,6.647501454654457,COMPLETE,banco_rango,xgboost,,3.0,,,,527.0,,0.011253440766834223,,,0.6972026826336529,3.326474878689075,0.03674969122528493,0.005099427908503446,0.8087571105081371
42,0.7871288682499065,,1.1866029610502318,1.703786744236754,6.915546777551046,COMPLETE,banco_rango,xgboost,,2.0,,,,572.0,,0.0073564926524433295,,,0.7334843267797115,2.143488520039591,0.0007404736385548437,0.02775848561804482,0.7568364770296856
43,0.7959582716022874,,1.1656218875920688,1.6680779721698973,6.782841351917959,COMPLETE,banco_rango,xgboost,,3.0,,,,764.0,,0.005096827440942871,,,0.6798566799260779,4.458395353132213,0.0037166948780422825,0.0007602210965912275,0.8778663167316274
44,0.7990272694105721,,1.1643742955258685,1.6554856367277115,6.7330301125651175,COMPLETE,banco_rango,xgboost,,3.0,,,,470.0,,0.009799397986619671,,,0.5506525053067391,3.496408876907468,0.3939613949947301,0.0001985432180415282,0.8910713508103
45,0.7988230415415378,,1.1875935226911647,1.656326572842088,6.727020895014392,COMPLETE,banco_rango,xgboost,,2.0,,,,601.0,,0.018443045959588376,,,0.7936433687319946,2.3939727620896436,0.04633379637883174,0.006664776629837553,0.9316462836049044
46,0.8030291958548101,,1.1884059604641353,1.6389200921142117,6.7887902384592715,COMPLETE,banco_rango,xgboost,,4.0,,,,520.0,,0.012714062469043842,,,0.829928321941161,5.309058276285242,0.004545685657820906,0.3363613798033865,0.8539494080748711
47,0.7210381800388153,,1.235071131074187,1.9504249073061504,7.233137122360596,COMPLETE,banco_rango,xgboost,,2.0,,,,665.0,,0.006376173651419462,,,0.6485689985737193,8.170911017969953,0.028421955780725452,2.7311228080875543,0.7678743949567535
48,0.8083751278142561,,1.196579356018223,1.6165263551667408,6.72422093333833,COMPLETE,banco_rango,xgboost,,3.0,,,,570.0,,0.017703306421148587,,,0.7583680641399282,1.5822863508593916,0.26398764764254806,0.002130078044373555,0.7853973817954693
49,0.6672439808154031,,1.2828522948103764,2.1301972050413887,7.4200946049418866,COMPLETE,banco_rango,xgboost,,5.0,,,,714.0,,0.009604274879619693,,,0.8017955544362767,15.251446927184492,8.265437510209262,1.3401901878601603,0.9968742732517087
50,0.772734045888343,,1.2783556802079212,1.760451402140379,7.211045068091428,COMPLETE,banco_rango,xgboost,,10.0,,,,457.0,,0.014641401388457865,,,0.8268895580288529,2.7390905114349966,1.6522727705760374,2.061541151436292e-05,0.8157369212808557
51,0.8108588065583664,,1.1579782117940494,1.606016167645715,6.597233784839326,COMPLETE,banco_rango,xgboost,,3.0,,,,773.0,,0.006869266151285838,,,0.6349864519167312,1.8789605139260686,1.5250345783722596,0.013334967126475302,0.8465663904013895
52,0.7963410369609517,,1.1788123539232584,1.6665126497612481,6.719311956100847,COMPLETE,banco_rango,xgboost,,4.0,,,,781.0,,0.007654095269588598,,,0.6059945059940647,3.8110903672317358,0.19331021033510806,0.0005861457066064047,0.8791387344278534
53,0.8079006562870618,,1.149484702108674,1.6185264126955885,6.578517646393004,COMPLETE,banco_rango,xgboost,,3.0,,,,820.0,,0.0056501931247957575,,,0.635379456062705,1.368905164085457,0.01787862152570241,0.01372081391189026,0.9136418173157806
54,0.7981082129152861,,1.1859456865467157,1.659266620684461,6.832168475532615,COMPLETE,banco_rango,xgboost,,2.0,,,,741.0,,0.009599377600134969,,,0.6043409464272205,4.8181425184582976,1.925244035429098,0.12144275560059052,0.8373342700747097
55,0.8079069123700497,,1.1864144424201641,1.6185000572749972,6.769679095444197,COMPLETE,banco_rango,xgboost,,3.0,,,,592.0,,0.02122209693462645,,,0.6766156713606188,6.359028704963066,0.09344952325197405,0.025880535121292826,0.8693493901486619
56,0.8000574858101667,,1.177415138852857,1.651237051010598,6.668938421154326,COMPLETE,banco_rango,xgboost,,4.0,,,,842.0,,0.006403298919958335,,,0.7671365454409032,2.4513520457387514,0.0006489424675554005,0.049359223178832234,0.9002546410310366
57,0.8115096468766232,,1.1553137708316905,1.6032506124602293,6.526552032896685,COMPLETE,banco_rango,xgboost,,3.0,,,,532.0,,0.012565865809600533,,,0.7339463716726682,2.979315504434758,0.0018601161531018359,0.0011773187462705223,0.7967365575581066
58,0.7990899966768279,,1.1978898348926366,1.6552272628871714,6.742142462821697,COMPLETE,banco_rango,xgboost,,4.0,,,,506.0,,0.013389501509046376,,,0.738081614451383,1.0735492658706016,0.0016951063141300037,0.00013866260167495008,0.7871871310931581
59,0.7892608891336454,,1.1918844104535846,1.6952330946267622,6.85930127217352,COMPLETE,banco_rango,xgboost,,5.0,,,,442.0,,0.008851592790176074,,,0.6979783693367992,3.0027174616945542,0.008339776705805782,0.002760591233239573,0.7278928248487984
60,0.7967178428821222,,1.1697330672588493,1.6649702610789856,6.759853175922979,COMPLETE,banco_rango,xgboost,,2.0,,,,528.0,,0.010564523575453533,,,0.7148157630341925,2.1019758546772205,0.005253727718242506,0.006805414087550672,0.8474182198936637
61,0.803950347269557,,1.1916127586078014,1.6350833236111177,6.731008358438309,COMPLETE,banco_rango,xgboost,,3.0,,,,660.0,,0.016191740786326188,,,0.7657878510465643,3.948668934757068,0.0003454042783303965,0.0012460760111208148,0.8203962324394594
62,0.802938785210059,,1.191431849217144,1.639296185473315,6.775276211456709,COMPLETE,banco_rango,xgboost,,3.0,,,,540.0,,0.02526465690376805,,,0.7316216490452798,4.554291244094033,0.021158675888509337,0.0004854163297737331,0.8003820248599549
63,0.8045639470544774,,1.1668025147728895,1.6325225615313743,6.718544819824213,COMPLETE,banco_rango,xgboost,,4.0,,,,488.0,,0.012644013044940413,,,0.8163200450425158,7.065811076465573,0.11517461839123885,0.0008986696096874403,0.7598548887703955
64,0.8052297080219993,,1.1657357347675452,1.6297395617206891,6.698629433253559,COMPLETE,banco_rango,xgboost,,2.0,,,,400.0,,0.018084228570712565,,,0.6625382183885,3.4299254146113674,1.6427041163261046e-05,3.5785800063007825e-05,0.8189587274335536
65,0.8097428895517839,,1.1786388680716597,1.6107468798255862,6.643574424181818,COMPLETE,banco_rango,xgboost,,3.0,,,,589.0,,0.02119802810598041,,,0.7854185546227639,1.8735754679721754,0.0019133717694279195,0.00327349772047534,0.8446076199544633
66,0.8062092011397493,,1.1847580505794724,1.6256364444317155,6.746498546500019,COMPLETE,banco_rango,xgboost,,4.0,,,,726.0,,0.01201310679426656,,,0.7459342030636789,5.486180800861682,0.00019905168970201124,0.00893375308082387,0.7767488890493929
67,0.7793489826603277,,1.2705328798278315,1.734641840288246,7.154408521640647,COMPLETE,banco_rango,xgboost,,9.0,,,,693.0,,0.015241351604607782,,,0.8038955516706636,5.824812995613414,0.0004444583775573923,0.00012063662764890521,0.886569498347208
68,0.8000455725518365,,1.1630478305129037,1.6512862434512754,6.738918222580076,COMPLETE,banco_rango,xgboost,,3.0,,,,564.0,,0.007849109731265765,,,0.687941339570957,4.0519653735820205,0.47472867219394965,0.057276099371284354,0.8671358115198927
69,0.7902841309865751,,1.1986021443641628,1.6911124921493375,6.829038449750318,COMPLETE,banco_rango,xgboost,,2.0,,,,851.0,,0.03101799561635316,,,0.70656377172879,2.8654318279805073,0.0010677913533290305,0.00030131682418751786,0.8035100984071276
70,0.6764606650583094,,1.268253187205568,2.100488918505467,7.34722368479274,COMPLETE,banco_rango,xgboost,,3.0,,,,785.0,,0.010350235411939277,,,0.6441201848259672,19.753932073005004,0.0025483766036797136,0.0014874811432221248,0.8261247246396621
71,0.8122957200105358,,1.166955126523627,1.5999040514624576,6.552928396346496,COMPLETE,banco_rango,xgboost,,3.0,,,,588.0,,0.019503174802142382,,,0.7811360620985912,1.4977480545874324,0.0020014736555413167,0.0025639445567137145,0.8383268848015817
72,0.8005819146940336,,1.221121766585607,1.6490701157242926,6.827173382607361,COMPLETE,banco_rango,xgboost,,4.0,,,,618.0,,0.01990725115896977,,,0.7878160397152667,1.6537445286616665,0.00012206410094364707,0.016494155800157367,0.7927719891257268
73,0.7728441941008795,,1.2772677659442013,1.7600247344568045,7.146523038780655,COMPLETE,banco_rango,xgboost,,8.0,,,,501.0,,0.01650265909695877,,,0.7523340298961393,2.4150035777362002,0.01232616647986701,0.000456882122534247,0.8595806290431468
74,0.7950424387026568,,1.2177276098140066,1.671817330539013,6.952471493030593,COMPLETE,banco_rango,xgboost,,3.0,,,,638.0,,0.02394894919287284,,,0.7712483956534529,1.011658735410243,0.006492067438794304,7.84959517994247,0.8364765782869391
75,0.8129397367716642,,1.1519264809406091,1.597157043389287,6.617299098785032,COMPLETE,banco_rango,xgboost,,2.0,,,,541.0,,0.013585865472595805,,,0.7314999146002745,6.588520066194738,0.0028321998772728725,0.0045111605127073195,0.8102931419857298
76,0.8038798007964683,,1.1602418139399389,1.6353774812011046,6.723137263764207,COMPLETE,banco_rango,xgboost,,2.0,,,,548.0,,0.00879988633803524,,,0.727653857419136,6.629496688897372,0.0029663704319339524,0.004134544907847294,0.7442503004538793
77,0.805880307589089,,1.1617736049479301,1.6270153403508605,6.683594356056954,COMPLETE,banco_rango,xgboost,,2.0,,,,471.0,,0.014063449830696434,,,0.842759155032649,3.3139996368332807,0.03856844642044921,0.002536418924182216,0.8130007613134134
78,0.6682132348892679,,1.3807497410677136,2.1270925158493323,8.052814101853317,COMPLETE,banco_rango,xgboost,,2.0,,,,363.0,,0.006680347856161482,,,0.7235608022809976,7.55663506449473,0.0011514123773487157,0.021489752632305306,0.7707177915229634
79,0.8060525497645532,,1.1720416593466485,1.6262933557594172,6.728986835531613,COMPLETE,banco_rango,xgboost,,3.0,,,,518.0,,0.012391481830649571,,,0.6724265172578416,4.618702507081791,0.014289821241740101,0.06525354022732953,0.8460293917743834
0,0.8470654463669494,0.041858227295469716,1.1836559275485103,1.4246564644527588,6.503409924601389,COMPLETE,banco,ridge,,,,,,,,,,,,,,,
1,0.8048731064448186,451.85609510240965,1.2472653088345023,1.6092218041901267,6.674786144699409,COMPLETE,banco,ridge,,,,,,,,,,,,,,,
2,0.6085876995866559,13.3032451015229,2.075770802853777,2.279158759485407,10.64434240969519,COMPLETE,banco,ridge,,,,,,,,,,,,,,,
3,0.6860687405401206,1.55099139875943,1.8454471536900405,2.0411486041713434,9.683447483945278,COMPLETE,banco,ridge,,,,,,,,,,,,,,,
4,0.8588397850293221,0.0012363188277052211,1.1130947079355498,1.3687164871410116,6.1666484602052245,COMPLETE,banco,ridge,,,,,,,,,,,,,,,
5,0.8588399277448584,0.0012358382772306934,1.113093793210157,1.3687157952422466,6.166644112185641,COMPLETE,banco,ridge,,,,,,,,,,,,,,,
6,0.8591313422479114,0.00025502648504032837,1.1112217626389975,1.3673022591913744,6.15774643936714,COMPLETE,banco,ridge,,,,,,,,,,,,,,,
7,0.6495002463021172,115.67327199145953,1.9363746874210268,2.1567569276226877,9.84866220111306,COMPLETE,banco,ridge,,,,,,,,,,,,,,,
8,0.6836757967941718,1.6136341713591311,1.852960938094707,2.0489131723512517,9.718686643054278,COMPLETE,banco,ridge,,,,,,,,,,,,,,,
9,0.6158274222751796,9.047071957568372,2.055202546329946,2.2579822517877863,10.58198901464491,COMPLETE,banco,ridge,,,,,,,,,,,,,,,
10,0.8591657661455047,0.00013922315388625753,1.11100006408548,1.367135186012957,6.156692817817754,COMPLETE,banco,ridge,,,,,,,,,,,,,,,
11,0.8591765271660414,0.00010302510016845843,1.1109307359388232,1.3670829542137362,6.156363340463602,COMPLETE,banco,ridge,,,,,,,,,,,,,,,
12,0.8535051130273525,0.01937259366410113,1.1459877405353718,1.3943396478411487,6.323231469553874,COMPLETE,banco,ridge,,,,,,,,,,,,,,,
13,0.8591748128773318,0.00010879156803766611,1.1109417810681697,1.3670912751551747,6.156415831557402,COMPLETE,banco,ridge,,,,,,,,,,,,,,,
14,0.8542712257569631,0.016744173937888723,1.1414130793110124,1.3906889347079903,6.3014272766079005,COMPLETE,banco,ridge,,,,,,,,,,,,,,,
15,0.8587179429621465,0.001646661799353062,1.1138749114078166,1.3693070617428933,6.170357181083908,COMPLETE,banco,ridge,,,,,,,,,,,,,,,
16,0.859173340425428,0.00011374457672278171,1.1109512678112654,1.3670984222107903,6.156460916587708,COMPLETE,banco,ridge,,,,,,,,,,,,,,,
17,0.8578040435961664,0.0047296267895131534,1.119680949060997,1.3737286835678104,6.197964636613854,COMPLETE,banco,ridge,,,,,,,,,,,,,,,
18,0.8169217451351976,0.16081555691101193,1.343004907180749,1.5587473391670357,7.268779569041603,COMPLETE,banco,ridge,,,,,,,,,,,,,,,
19,0.8589822823887028,0.000756607782803965,1.1121803736329274,1.368025471858991,6.162302481351904,COMPLETE,banco,ridge,,,,,,,,,,,,,,,
20,0.8099417845447027,0.19267834813641999,1.376555789086719,1.5881834524063894,7.430513620214422,COMPLETE,banco,ridge,,,,,,,,,,,,,,,
21,0.8591756134869352,0.00010609850017121621,1.1109366227926616,1.3670873891033202,6.156391317259007,COMPLETE,banco,ridge,,,,,,,,,,,,,,,
22,0.8591117853350109,0.00032082200749873065,1.111347661003642,1.367397167752269,6.1583447804266696,COMPLETE,banco,ridge,,,,,,,,,,,,,,,
23,0.857478332340516,0.005830663596179063,1.1217309957274442,1.3753011015714922,6.207715987499778,COMPLETE,banco,ridge,,,,,,,,,,,,,,,
24,0.8590746388961517,0.00044580477530958157,1.111586686878453,1.3675774191231211,6.159480787168383,COMPLETE,banco,ridge,,,,,,,,,,,,,,,
25,0.8578286694771966,0.004646431245232459,1.1195255475667558,1.3736097253893456,6.197225519922044,COMPLETE,banco,ridge,,,,,,,,,,,,,,,
26,0.859175152398314,0.00010764949619296744,1.110939593564492,1.367089627167121,6.156405435616912,COMPLETE,banco,ridge,,,,,,,,,,,,,,,
27,0.8585303548671367,0.00227873184139932,1.1150732574826552,1.3702158130075428,6.176054070305789,COMPLETE,banco,ridge,,,,,,,,,,,,,,,
28,0.8590823926172536,0.0004197154831108147,1.1115368055054173,1.3675397965132878,6.1592437163156974,COMPLETE,banco,ridge,,,,,,,,,,,,,,,
29,0.8443275680647007,0.05166059792654139,1.199014538545669,1.4373522004241264,6.577088640066692,COMPLETE,banco,ridge,,,,,,,,,,,,,,,
30,0.8550231818831147,0.014172765568593104,1.1368770169518647,1.3870963375900869,6.279815573332198,COMPLETE,banco,ridge,,,,,,,,,,,,,,,
31,0.8591751791354376,0.00010755955859804772,1.110939421299073,1.367089497388723,6.156404616939036,COMPLETE,banco,ridge,,,,,,,,,,,,,,,
32,0.8591367012936807,0.00023699766433476715,1.1111872568704935,1.3672762509039573,6.157582449421098,COMPLETE,banco,ridge,,,,,,,,,,,,,,,
33,0.8590233901394422,0.0006182590863826311,1.1119162298325695,1.3678260623450942,6.161047030925365,COMPLETE,banco,ridge,,,,,,,,,,,,,,,
34,0.8591723601806291,0.00011704191956021186,1.1109575832313214,1.3671031801479239,6.156490930166509,COMPLETE,banco,ridge,,,,,,,,,,,,,,,
35,0.8584260486917026,0.002630349720433677,1.115738096096984,1.3707208529272445,6.179214954957397,COMPLETE,banco,ridge,,,,,,,,,,,,,,,
36,0.8589680748021007,0.0008044276232039394,1.1122716273111726,1.3680943846564908,6.162736208494234,COMPLETE,banco,ridge,,,,,,,,,,,,,,,
37,0.7766746072724826,937.8118632537166,1.1991704400609675,1.7215767796246497,6.825571796606422,COMPLETE,banco,ridge,,,,,,,,,,,,,,,
38,0.8591395547792388,0.00022739812918406004,1.1111688826991537,1.3672624022903361,6.157495125701604,COMPLETE,banco,ridge,,,,,,,,,,,,,,,
39,0.8588495697982488,0.0012033721327181506,1.1130319884586863,1.3686690488219144,6.1663503327619456,COMPLETE,banco,ridge,,,,,,,,,,,,,,,
40,0.6459141186672746,111.20400203756152,1.948424856291095,2.167762245770635,9.90824689083448,COMPLETE,banco,ridge,,,,,,,,,,,,,,,
41,0.8591767567599551,0.00010225280193184222,1.1109292566471525,1.3670818397899562,6.156356310252305,COMPLETE,banco,ridge,,,,,,,,,,,,,,,
42,0.8591392303874795,0.00022848942553508014,1.1111709715646234,1.3672639766443004,6.157505053080776,COMPLETE,banco,ridge,,,,,,,,,,,,,,,
43,0.8590804022560657,0.0004264124823894808,1.1115496105065543,1.3675494542436923,6.159304574451468,COMPLETE,banco,ridge,,,,,,,,,,,,,,,
44,0.8591517763826735,0.00018628382570975885,1.1110901760549081,1.367203086485531,6.157121072028431,COMPLETE,banco,ridge,,,,,,,,,,,,,,,
45,0.6472214269243322,3.256235426070567,1.9628440082757035,2.163756785175155,10.218728834555378,COMPLETE,banco,ridge,,,,,,,,,,,,,,,
46,0.859176359884528,0.00010358779490707698,1.110931813743449,1.367083766179359,6.156368462641543,COMPLETE,banco,ridge,,,,,,,,,,,,,,,
47,0.8589365701270127,0.0009104733154925258,1.1124739064019835,1.3682471832594207,6.163697650419526,COMPLETE,banco,ridge,,,,,,,,,,,,,,,
48,0.8590835237176597,0.00041590966979818974,1.1115295283868745,1.3675343081007612,6.159209130496017,COMPLETE,banco,ridge,,,,,,,,,,,,,,,
49,0.8591769708953989,0.00010153250275130425,1.1109278769508346,1.3670808003990822,6.1563497533605345,COMPLETE,banco,ridge,,,,,,,,,,,,,,,
50,0.8586748111767456,0.0017919594853257048,1.1141507506055603,1.3695160626331213,6.171668454362926,COMPLETE,banco,ridge,,,,,,,,,,,,,,,
51,0.8591747759664764,0.00010891572788911805,1.110942018880848,1.36709145431526,6.156416961743726,COMPLETE,banco,ridge,,,,,,,,,,,,,,,
52,0.8591117594600732,0.00032090906137060806,1.1113478275490785,1.3673972933174727,6.158345571950441,COMPLETE,banco,ridge,,,,,,,,,,,,,,,
53,0.8591461401238589,0.00020524439655456101,1.1111264752061973,1.3672304415815348,6.157293583568687,COMPLETE,banco,ridge,,,,,,,,,,,,,,,
54,0.8591518235629998,0.00018612511079312184,1.1110898721863527,1.3672028574975768,6.1571196278970115,COMPLETE,banco,ridge,,,,,,,,,,,,,,,
55,0.859006101995311,0.0006764404713351573,1.1120273378703243,1.3679099289141978,6.161575113183989,COMPLETE,banco,ridge,,,,,,,,,,,,,,,
56,0.859174639544432,0.00010937462116466807,1.1109428978322453,1.3670921164884153,6.15642113889231,COMPLETE,banco,ridge,,,,,,,,,,,,,,,
57,0.8588049905439821,0.001353484818149961,1.1133176606025297,1.3688851637452144,6.167708245468345,COMPLETE,banco,ridge,,,,,,,,,,,,,,,
58,0.8582011246756959,0.0033889749177932835,1.117168153987432,1.3718092794286103,6.186014618548681,COMPLETE,banco,ridge,,,,,,,,,,,,,,,
59,0.8569259570282654,0.0077008005593237165,1.1251852463535594,1.3779636711658994,6.224150708769086,COMPLETE,banco,ridge,,,,,,,,,,,,,,,
60,0.8416613113217871,0.06136433864856928,1.2136702472128154,1.4496089612551675,6.647448034597951,COMPLETE,banco,ridge,,,,,,,,,,,,,,,
61,0.8591597564049875,0.00015943929807296815,1.1110387769161256,1.3671643551994763,6.156876798854834,COMPLETE,banco,ridge,,,,,,,,,,,,,,,
62,0.8591768129904742,0.00010206365621283388,1.1109288943486777,1.3670815668530196,6.156354588458917,COMPLETE,banco,ridge,,,,,,,,,,,,,,,
63,0.8591056711767626,0.00034139272342749715,1.1113870132455745,1.3674268380550276,6.158531806213982,COMPLETE,banco,ridge,,,,,,,,,,,,,,,
64,0.8591771319090811,0.00010099089247063978,1.1109268395203558,1.3670800188551195,6.156344823059192,COMPLETE,banco,ridge,,,,,,,,,,,,,,,
65,0.8590462481170416,0.0005413376967591138,1.1117692795195468,1.3677151680450224,6.16034860319306,COMPLETE,banco,ridge,,,,,,,,,,,,,,,
66,0.8591182518645971,0.0002990661695267533,1.1113060367274785,1.3673657867892601,6.158146957286252,COMPLETE,banco,ridge,,,,,,,,,,,,,,,
67,0.6153830317899027,71.20487091203817,2.046841003627613,2.259287831463474,10.39724658590968,COMPLETE,banco,ridge,,,,,,,,,,,,,,,
68,0.8591569760184803,0.0001687923525931138,1.1110566860486575,1.3671778500162595,6.1569619114464675,COMPLETE,banco,ridge,,,,,,,,,,,,,,,
69,0.7719039121623809,0.4094496184913213,1.5416393613498087,1.7398678432477865,8.227195103040588,COMPLETE,banco,ridge,,,,,,,,,,,,,,,
70,0.8591773264136744,0.00010033662735438156,1.1109255863004341,1.3670790747490997,6.15633886723725,COMPLETE,banco,ridge,,,,,,,,,,,,,,,
71,0.8591758664221146,0.00010524768533907308,1.1109349931343597,1.3670861613875176,6.15638357243858,COMPLETE,banco,ridge,,,,,,,,,,,,,,,
72,0.8591573861772246,0.0001674125981635902,1.1110540441672987,1.3671758592880618,6.156949355979234,COMPLETE,banco,ridge,,,,,,,,,,,,,,,
73,0.8591223671806005,0.00028522091783932514,1.1112795447443256,1.3673458154889542,6.158021052131925,COMPLETE,banco,ridge,,,,,,,,,,,,,,,
74,0.8591769201286752,0.00010170326953518024,1.1109282040463846,1.3670810468154795,6.156351307854805,COMPLETE,banco,ridge,,,,,,,,,,,,,,,
75,0.8589396480516652,0.0009001124788082918,1.112454148619704,1.3682322559862343,6.163603739976249,COMPLETE,banco,ridge,,,,,,,,,,,,,,,
76,0.8590511474129778,0.0005248513361612383,1.111737775919004,1.3676913981931962,6.16019887361619,COMPLETE,banco,ridge,,,,,,,,,,,,,,,
77,0.8591616019833392,0.00015323092527394977,1.1110268886761676,1.3671553974714186,6.156820300443977,COMPLETE,banco,ridge,,,,,,,,,,,,,,,
78,0.8591256483632879,0.00027418208210854575,1.1112584212015195,1.3673298919620898,6.157920661116009,COMPLETE,banco,ridge,,,,,,,,,,,,,,,
79,0.8590495492451714,0.0005302292190094301,1.111748052769924,1.3676991520490303,6.160247717145663,COMPLETE,banco,ridge,,,,,,,,,,,,,,,
0,0.5795693462392691,0.0074593432857265485,2.143043083866904,2.3621339939282304,11.059510729103488,COMPLETE,banco,elasticnet,0.9056428757689245,,,,,,,,,,,,,,
1,0.7887695357558574,0.4570563099801455,1.3356881333431718,1.6743090315013829,7.175717663052751,COMPLETE,banco,elasticnet,0.588792635777333,,,,,,,,,,,,,,
2,0.8085165525329423,0.0006026889128682511,1.3849664384391118,1.5941271634394383,7.467495690887373,COMPLETE,banco,elasticnet,0.19039506830258235,,,,,,,,,,,,,,
3,0.8493336173492152,0.00019517224641449495,1.1733811434998616,1.4140524670648904,6.448240500947601,COMPLETE,banco,elasticnet,0.8295585311974416,,,,,,,,,,,,,,
4,0.7124469089636742,0.10129197956845731,1.7134189250060792,1.9535132593768751,8.725711911158388,COMPLETE,banco,elasticnet,0.6872653200164409,,,,,,,,,,,,,,
5,0.8537442298788545,0.00012674255898937226,1.146730258779495,1.3932012249342283,6.322393477590035,COMPLETE,banco,elasticnet,0.9229188669457948,,,,,,,,,,,,,,
6,0.7446951395726611,1.452824663751602,1.31049901527804,1.8407164120921076,7.36633642326725,COMPLETE,banco,elasticnet,0.24110519961044852,,,,,,,,,,,,,,
7,0.7947396987615786,0.0008111941985431928,1.4484336021032433,1.6504783204129818,7.772213781129751,COMPLETE,banco,elasticnet,0.21506405886809044,,,,,,,,,,,,,,
8,0.6998002672107055,0.0033205591037519565,1.8068522005344385,1.9960089936207208,9.474362445667575,COMPLETE,banco,elasticnet,0.522280788469014,,,,,,,,,,,,,,
9,0.6048690796398347,0.01444525102276306,2.080198023002474,2.2899597617506906,10.726414254818476,COMPLETE,banco,elasticnet,0.3121062261782377,,,,,,,,,,,,,,
10,-1.454609166147677,5.3171966339820935,4.418865835014587,5.7075341534925785,20.587044644586854,COMPLETE,banco,elasticnet,0.7425875019070267,,,,,,,,,,,,,,
11,0.8544225589900928,0.00010907785690006128,1.142348083977057,1.3899666610181765,6.302203807774501,COMPLETE,banco,elasticnet,0.90870963917974,,,,,,,,,,,,,,
12,0.8536434831394758,0.00011819129956743128,1.1470596084784317,1.393680988288036,6.324558537000262,COMPLETE,banco,elasticnet,0.866898315754266,,,,,,,,,,,,,,
13,0.7949902676838407,0.0012444106742791423,1.4602941393298,1.6494706124924445,7.797022923170076,COMPLETE,banco,elasticnet,0.9379545190369877,,,,,,,,,,,,,,
14,0.5963903159886323,0.05467530386354753,2.090885115823941,2.3143984623431675,10.635324881459946,COMPLETE,banco,elasticnet,0.3916438190782011,,,,,,,,,,,,,,
15,0.8529255703000995,0.00011023138050261352,1.1508460468623516,1.3970949719107533,6.343685024795959,COMPLETE,banco,elasticnet,0.7243894051648361,,,,,,,,,,,,,,
16,0.7223918860756944,0.002687023979812983,1.733081486826707,1.9194350494746681,9.115979822829145,COMPLETE,banco,elasticnet,0.6185693650741831,,,,,,,,,,,,,,
17,0.831278170526527,0.0005102893914332473,1.2770218159513342,1.496383742220243,6.936708924710608,COMPLETE,banco,elasticnet,0.8119932222496938,,,,,,,,,,,,,,
18,0.8226130072994147,0.0003972005324312402,1.3153372377823749,1.5343280639026764,7.134241225507624,COMPLETE,banco,elasticnet,0.10526276765509501,,,,,,,,,,,,,,
19,0.7016693265889679,0.1926554204946597,1.7374496411358635,1.98978566313704,8.899383393742909,COMPLETE,banco,elasticnet,0.4061877553490475,,,,,,,,,,,,,,
20,0.6009561742185214,0.021914084364963626,2.0740590094821885,2.301270344395549,10.590825405283773,COMPLETE,banco,elasticnet,0.9493571464960872,,,,,,,,,,,,,,
21,0.8533625872869306,0.0001187666831392573,1.1486605264553058,1.3950177635832335,6.332354405524519,COMPLETE,banco,elasticnet,0.8370656473712078,,,,,,,,,,,,,,
22,0.8479685340651918,0.0002291027226303687,1.1818615164706374,1.4204438955052237,6.487517987529657,COMPLETE,banco,elasticnet,0.8571650755630527,,,,,,,,,,,,,,
23,0.746543289584497,0.002106372683589137,1.6504790296559813,1.834041844563565,8.709289679841715,COMPLETE,banco,elasticnet,0.7670942840206572,,,,,,,,,,,,,,
24,0.8402147145770102,0.0003003123767700408,1.2247964515676515,1.4562157854682287,6.694225178962587,COMPLETE,banco,elasticnet,0.6505210494307716,,,,,,,,,,,,,,
25,0.8546675900272678,0.00010177781463634308,1.1407316082116694,1.3887963958787193,6.2947978811457155,COMPLETE,banco,elasticnet,0.8971337897141568,,,,,,,,,,,,,,
26,0.625483672043399,0.005659688521455647,2.0242804955041325,2.2294242534650603,10.495652390226695,COMPLETE,banco,elasticnet,0.8010079076955726,,,,,,,,,,,,,,
27,0.781555273851751,0.0014789817600078295,1.518700163615937,1.7026607518411645,8.074404805622095,COMPLETE,banco,elasticnet,0.9482207432420322,,,,,,,,,,,,,,
28,0.8367064472785635,0.0003172383537592237,1.243314126948989,1.4721154208833536,6.784199685567128,COMPLETE,banco,elasticnet,0.5259175431872869,,,,,,,,,,,,,,
29,0.5786060206754586,0.007699505883514393,2.145430338232527,2.3648386041611325,11.070448044433057,COMPLETE,banco,elasticnet,0.8858771736495644,,,,,,,,,,,,,,
30,0.812157660783732,0.0009157973720277725,1.3781019653557804,1.5788980453397734,7.411268335821585,COMPLETE,banco,elasticnet,0.8900948827390351,,,,,,,,,,,,,,
31,0.8535085521358075,0.0001225980320692657,1.1479521228388423,1.3943232810125354,6.328614927672637,COMPLETE,banco,elasticnet,0.8759352446594365,,,,,,,,,,,,,,
32,0.8483326621927503,0.0001997746308284473,1.1790150039320375,1.4187418345446936,6.475695333376244,COMPLETE,banco,elasticnet,0.7737991426202235,,,,,,,,,,,,,,
33,0.8527743310100395,0.00010902633092433566,1.151665793955108,1.3978131163232712,6.34773097453801,COMPLETE,banco,elasticnet,0.6953719444579624,,,,,,,,,,,,,,
34,0.8295324376042438,0.0005990819999780506,1.2881840276006034,1.5041052205143006,6.985111743742747,COMPLETE,banco,elasticnet,0.9051567479257362,,,,,,,,,,,,,,
35,0.848194762951232,0.0002181894476997993,1.180311698710616,1.4193866634680259,6.480696280279032,COMPLETE,banco,elasticnet,0.8347922575016717,,,,,,,,,,,,,,
36,0.8249032818473073,0.0005104123901692682,1.307991251930634,1.5243908953120493,7.090243447696108,COMPLETE,banco,elasticnet,0.5895516544312275,,,,,,,,,,,,,,
37,0.8045254617019114,0.5340746393333291,1.2362700535108309,1.6106546885396191,6.819955511851138,COMPLETE,banco,elasticnet,0.792038753091539,,,,,,,,,,,,,,
38,0.8547955120642207,0.00010035003339608937,1.1399499349864781,1.3881850498794752,6.2910952726405425,COMPLETE,banco,elasticnet,0.9053533490900944,,,,,,,,,,,,,,
39,0.8191280751802356,0.0008244107452527659,1.343651663150076,1.5493264075722422,7.246341321651062,COMPLETE,banco,elasticnet,0.9248346707599513,,,,,,,,,,,,,,
40,0.8458765634446027,0.00022478735118418032,1.1929953490328404,1.430183242785917,6.5427822781821465,COMPLETE,banco,elasticnet,0.7042682766092403,,,,,,,,,,,,,,
41,0.8544066437131832,0.00010254199380027041,1.1422554472333022,1.3900426381049078,6.30216686375861,COMPLETE,banco,elasticnet,0.8673557410971218,,,,,,,,,,,,,,
42,0.8546048340873595,0.00010173277956708196,1.1410945838555504,1.3890962113727123,6.296557765519317,COMPLETE,banco,elasticnet,0.8886351381323006,,,,,,,,,,,,,,
43,0.8411607788542828,0.0003532035692019908,1.2214775502285304,1.4518983696329424,6.673964477219249,COMPLETE,banco,elasticnet,0.8458541830337019,,,,,,,,,,,,,,
44,0.8481361710026603,0.00019847297147592119,1.1800466523024289,1.4196605558871374,6.480889310584518,COMPLETE,banco,elasticnet,0.7536443187477894,,,,,,,,,,,,,,
45,-1.4958089478228858,9.441477057900787,4.459633438647273,5.755234340268151,20.737672742990345,COMPLETE,banco,elasticnet,0.9047111050595192,,,,,,,,,,,,,,
46,0.8494787229955105,0.00015585926886900437,1.1714572242517236,1.413371371452083,6.441468317976062,COMPLETE,banco,elasticnet,0.6510132046256832,,,,,,,,,,,,,,
47,0.7856665290027904,0.001297900732741682,1.4983007366942802,1.686562119265791,7.985983666952527,COMPLETE,banco,elasticnet,0.8284619802867094,,,,,,,,,,,,,,
48,0.8543790974494696,0.00010403483494085913,1.142457046338411,1.3901741299225652,6.30304889713817,COMPLETE,banco,elasticnet,0.873246513315145,,,,,,,,,,,,,,
49,0.8415213931277716,0.00037730808830938143,1.220355637003263,1.4502493034283666,6.666475528944127,COMPLETE,banco,elasticnet,0.9131306725099139,,,,,,,,,,,,,,
50,0.00988631088223313,2.3051836331648867,2.6646521657140556,3.6249320966411123,13.677290328951837,COMPLETE,banco,elasticnet,0.7969240465530191,,,,,,,,,,,,,,
51,0.8544958313702665,0.00010210560689590248,1.1417315974092432,1.3896168163461673,6.299639607898677,COMPLETE,banco,elasticnet,0.8764744978113573,,,,,,,,,,,,,,
52,0.8511745034301734,0.00016716866181090557,1.1622511400297972,1.405387263196084,6.395504649075076,COMPLETE,banco,elasticnet,0.8616873872869135,,,,,,,,,,,,,,
53,0.8534913411638502,0.0001023768505321476,1.1474347539261212,1.3944051866610272,6.327537357892307,COMPLETE,banco,elasticnet,0.7399025658155688,,,,,,,,,,,,,,
54,0.8470402435891594,0.00026933710770431587,1.1880210265023683,1.4247738474127252,6.514911505206027,COMPLETE,banco,elasticnet,0.9199715712516612,,,,,,,,,,,,,,
55,0.8335818787791656,0.0005507586360305319,1.2665735524215447,1.4861329061646904,6.881340959740709,COMPLETE,banco,elasticnet,0.9479704790183766,,,,,,,,,,,,,,
56,0.8514230877189042,0.00015089101023587975,1.1603803159797976,1.4042130584842443,6.387511417612727,COMPLETE,banco,elasticnet,0.8083028341354714,,,,,,,,,,,,,,
57,0.8282126412278124,0.0004014941960338885,1.2887477917165784,1.5099165464420523,7.0023716206717195,COMPLETE,banco,elasticnet,0.4078855683775027,,,,,,,,,,,,,,
58,0.7912021093259266,0.0008313667004542953,1.4628353957008848,1.6646402700527665,7.844056716513126,COMPLETE,banco,elasticnet,0.12049087573930778,,,,,,,,,,,,,,
59,0.6001630369678292,0.0913092092974871,2.0782191983587026,2.303556205077448,10.532094965221038,COMPLETE,banco,elasticnet,0.2740503053977148,,,,,,,,,,,,,,
60,0.8459362109696299,0.00017858749163358076,1.1914752632284875,1.4299064674039363,6.5380160673246746,COMPLETE,banco,elasticnet,0.4732514357702768,,,,,,,,,,,,,,
61,0.8523261602416327,0.0001447208491689364,1.1552226584086749,1.3999390463831132,6.362644185452748,COMPLETE,banco,elasticnet,0.8650574096664176,,,,,,,,,,,,,,
62,0.8542920915171444,0.00010689764367041221,1.1430387110267788,1.390589370223452,6.305692938776963,COMPLETE,banco,elasticnet,0.879710039339808,,,,,,,,,,,,,,
63,0.845425435998335,0.0002684607895567316,1.1966285171556488,1.4322748243397359,6.557509303294061,COMPLETE,banco,elasticnet,0.8296156630050946,,,,,,,,,,,,,,
64,0.8518364401017222,0.00016530988573582454,1.1585261396498434,1.4022583837272582,6.3773941560869085,COMPLETE,banco,elasticnet,0.9100296199609813,,,,,,,,,,,,,,
65,0.8436117584550853,0.0002825302366408753,1.206541087807515,1.4406530112471063,6.605527674846336,COMPLETE,banco,elasticnet,0.7733495246535067,,,,,,,,,,,,,,
66,0.8540685204775302,0.0001083206425826825,1.1443559796281246,1.3916558063146507,6.31202931439528,COMPLETE,banco,elasticnet,0.859920476067541,,,,,,,,,,,,,,
67,0.8364101173092487,0.00046182420204429997,1.2493472580426124,1.4734505445955617,6.803357228580211,COMPLETE,banco,elasticnet,0.8890097797922512,,,,,,,,,,,,,,
68,0.6711204041544161,0.004080183433830355,1.8971871929294288,2.089179752470057,9.88707806838253,COMPLETE,banco,elasticnet,0.8175569302419659,,,,,,,,,,,,,,
69,0.8526895176879676,0.00015148231873892836,1.1533865639347867,1.3982156823493626,6.353215284849371,COMPLETE,banco,elasticnet,0.928997836373492,,,,,,,,,,,,,,
70,0.7564113889386536,0.0019015515545561235,1.615795101884023,1.7979840413234918,8.542533482247922,COMPLETE,banco,elasticnet,0.8490954138015786,,,,,,,,,,,,,,
71,0.8536818077317375,0.00012087084653439009,1.1469211729421889,1.3934985032377414,6.323695480699287,COMPLETE,banco,elasticnet,0.886194413083148,,,,,,,,,,,,,,
72,0.8545144531954544,0.00010252261315967924,1.1416369158189514,1.38952789095771,6.2991494496246245,COMPLETE,banco,elasticnet,0.8815901604438765,,,,,,,,,,,,,,
73,0.8490365249714444,0.00023833395879930422,1.176241058317964,1.4154459342406709,6.4591696992466545,COMPLETE,banco,elasticnet,0.9498739636074338,,,,,,,,,,,,,,
74,0.8537758798466151,0.00010326276444029876,1.1458604698258101,1.393050471361844,6.319754952236948,COMPLETE,banco,elasticnet,0.7863852805898314,,,,,,,,,,,,,,
75,0.5740023177042588,0.014927181992816223,2.1479610012289143,2.377721371094322,11.066603967932586,COMPLETE,banco,elasticnet,0.9022899905893973,,,,,,,,,,,,,,
76,0.8476462967178796,0.00020114554821031158,1.182785723742067,1.4219484451961186,6.4942126633402095,COMPLETE,banco,elasticnet,0.7287141206112864,,,,,,,,,,,,,,
77,0.8430203410983512,0.0003215193790648679,1.2107996354704245,1.4433745175887998,6.623553818212891,COMPLETE,banco,elasticnet,0.8523897817182626,,,,,,,,,,,,,,
78,0.8295665845963626,0.0006117843388229988,1.2883685586198181,1.5039545665109577,6.984936882663273,COMPLETE,banco,elasticnet,0.9243317795882418,,,,,,,,,,,,,,
79,0.8518263016966765,0.00014581547785557581,1.1580161217669271,1.4023063591548526,6.376272993157156,COMPLETE,banco,elasticnet,0.8214792378320461,,,,,,,,,,,,,,
0,0.5308184435910048,,1.4020452230839227,2.495328971618577,7.883363722966257,COMPLETE,banco,random_forest,,16.0,0.4514121162875837,9.0,15.0,462.0,,,,,,,,,
1,0.36184314790164773,,1.6075313901756727,2.9101881066724835,8.91808891680758,COMPLETE,banco,random_forest,,2.0,0.8102471755674295,11.0,15.0,309.0,,,,,,,,,
2,0.5074871217287589,,1.4629664864920238,2.5566197445101664,8.176193130714235,COMPLETE,banco,random_forest,,16.0,0.4681862286846154,10.0,6.0,214.0,,,,,,,,,
3,0.5627523436942488,,1.3898660814255306,2.408912849801626,7.828746663550946,COMPLETE,banco,random_forest,,6.0,0.5392989411287272,7.0,11.0,328.0,,,,,,,,,
4,0.6658370475281294,,1.38910086852296,2.105893930340059,7.876189951652057,COMPLETE,banco,random_forest,,4.0,0.6464454897410734,4.0,10.0,628.0,,,,,,,,,
5,0.5091601496821402,,1.465913662931234,2.552273731359063,8.196641409862501,COMPLETE,banco,random_forest,,4.0,0.3801927682679985,7.0,15.0,750.0,,,,,,,,,
6,0.8280446612175499,,1.2263293126568924,1.5106545920860042,6.6359880850316415,COMPLETE,banco,random_forest,,4.0,0.9776608214984636,1.0,23.0,625.0,,,,,,,,,
7,0.8052039664340978,,1.2236555997584648,1.607856915454111,6.769549446940297,COMPLETE,banco,random_forest,,6.0,0.6360991209307408,2.0,17.0,766.0,,,,,,,,,
8,0.7991869849507265,,1.263879252564506,1.6325003066446497,6.997138959158393,COMPLETE,banco,random_forest,,9.0,0.518206988040011,1.0,22.0,285.0,,,,,,,,,
9,0.5435537115387822,,1.427596071867538,2.4612299040161005,8.014609118633874,COMPLETE,banco,random_forest,,6.0,0.47015539609159257,7.0,14.0,664.0,,,,,,,,,
10,0.7175332904244718,,1.3766462129873924,1.9361588185642973,7.8354960032089815,COMPLETE,banco,random_forest,,12.0,0.9895325530232119,4.0,23.0,869.0,,,,,,,,,
11,0.8356093460689993,,1.1992293834390713,1.4770524068480113,6.521812594359483,COMPLETE,banco,random_forest,,8.0,0.7812993607015319,1.0,20.0,819.0,,,,,,,,,
12,0.7792299942767108,,1.2632271627740435,1.7116989236868883,7.05752550785288,COMPLETE,banco,random_forest,,10.0,0.8973731211607343,3.0,19.0,896.0,,,,,,,,,
13,0.8334659304979054,,1.204860311575492,1.4866505317431347,6.548240605668747,COMPLETE,banco,random_forest,,9.0,0.7842329633375631,1.0,20.0,533.0,,,,,,,,,
14,0.6441029088473218,,1.3897402197446778,2.173299411166882,7.871571431540168,COMPLETE,banco,random_forest,,10.0,0.7579679144163672,5.0,19.0,476.0,,,,,,,,,
15,0.8348920869276164,,1.1838257106414793,1.4802711915563818,6.45314702147396,COMPLETE,banco,random_forest,,13.0,0.7620622662878551,1.0,3.0,508.0,,,,,,,,,
16,0.7489905814157711,,1.3142263916668164,1.825165924598603,7.385986620095468,COMPLETE,banco,random_forest,,13.0,0.7113493733127276,3.0,7.0,439.0,,,,,,,,,
17,0.7729799499307487,,1.2835365676334904,1.735759099595041,7.17668895263078,COMPLETE,banco,random_forest,,14.0,0.8637594284482012,3.0,2.0,774.0,,,,,,,,,
18,0.6421508675926444,,1.3934383009191613,2.1792513688046,7.884045719960435,COMPLETE,banco,random_forest,,11.0,0.6931677125044188,5.0,4.0,389.0,,,,,,,,,
19,0.5218109279624474,,1.4152669682650432,2.5191682068656185,7.952302412129046,COMPLETE,banco,random_forest,,8.0,0.6001906571272699,12.0,10.0,574.0,,,,,,,,,
20,0.8339312999094077,,1.1817553108515375,1.4845719009587677,6.438832235691326,COMPLETE,banco,random_forest,,14.0,0.8757303717348041,2.0,8.0,708.0,,,,,,,,,
21,0.8363961772934857,,1.167990790136902,1.4735133219688639,6.366014967219183,COMPLETE,banco,random_forest,,14.0,0.9087724188771082,2.0,7.0,707.0,,,,,,,,,
22,0.8355913196561674,,1.1686609105765617,1.477133388418252,6.35741709038226,COMPLETE,banco,random_forest,,14.0,0.9291435385974979,2.0,2.0,828.0,,,,,,,,,
23,0.8345630220087686,,1.173276238637154,1.48174556927765,6.389205236638587,COMPLETE,banco,random_forest,,15.0,0.9252310318396706,2.0,5.0,845.0,,,,,,,,,
24,0.6637057149918842,,1.3969867784195114,2.112599081408729,7.933175303611756,COMPLETE,banco,random_forest,,12.0,0.8437955446928014,5.0,8.0,816.0,,,,,,,,,
25,0.7126097639621669,,1.3887958068284738,1.9529599972733547,7.897045113629657,COMPLETE,banco,random_forest,,8.0,0.9403691262648299,4.0,12.0,702.0,,,,,,,,,
26,0.8314692615903938,,1.1801288232582345,1.4955361145833097,6.453637557397925,COMPLETE,banco,random_forest,,11.0,0.819460393404386,2.0,3.0,811.0,,,,,,,,,
27,0.6566240459110515,,1.3534521189584314,2.1347267032537913,7.706906015789089,COMPLETE,banco,random_forest,,15.0,0.932599123066608,6.0,2.0,713.0,,,,,,,,,
28,0.7510821136883442,,1.3136629629636083,1.8175459339759892,7.38201125607601,COMPLETE,banco,random_forest,,7.0,0.7244617155050802,3.0,6.0,812.0,,,,,,,,,
29,0.8325771817075724,,1.1848031781877355,1.4906121858076145,6.464124656562328,COMPLETE,banco,random_forest,,16.0,0.8830030284591502,2.0,9.0,596.0,,,,,,,,,
30,0.6023011132815432,,1.3875029440017537,2.297388965342969,7.844981020865989,COMPLETE,banco,random_forest,,13.0,0.967258798919488,9.0,17.0,866.0,,,,,,,,,
31,0.8340857554857546,,1.187741137031761,1.4838813621948321,6.476665678303435,COMPLETE,banco,random_forest,,14.0,0.7525581342239948,1.0,4.0,504.0,,,,,,,,,
32,0.8387635731145453,,1.1764936412774856,1.4628133857822259,6.3994471344408455,COMPLETE,banco,random_forest,,13.0,0.8054045890353372,1.0,4.0,900.0,,,,,,,,,
33,0.8303499338254617,,1.1792710481941364,1.5004943339808177,6.449986892610976,COMPLETE,banco,random_forest,,15.0,0.8350419568491393,2.0,5.0,899.0,,,,,,,,,
34,0.5873816438832591,,1.3739092507233868,2.34008490623178,7.766416448777017,COMPLETE,banco,random_forest,,16.0,0.7941479016322519,9.0,7.0,833.0,,,,,,,,,
35,0.8405694542827836,,1.1786186311579805,1.454598413160139,6.385861156196139,COMPLETE,banco,random_forest,,12.0,0.9050366352407805,1.0,13.0,784.0,,,,,,,,,
36,0.8380757045781282,,1.1866349946730612,1.465930399769647,6.43702614140071,COMPLETE,banco,random_forest,,12.0,0.8094414036614768,1.0,13.0,746.0,,,,,,,,,
37,0.7796103187275074,,1.2672159788041402,1.7102239009240254,7.073832278267288,COMPLETE,banco,random_forest,,12.0,0.8985760334118345,3.0,12.0,735.0,,,,,,,,,
38,0.8387181675020243,,1.1837975096886324,1.4630193419163797,6.430031562753376,COMPLETE,banco,random_forest,,11.0,0.8350430130197078,1.0,13.0,671.0,,,,,,,,,
39,0.6063460344964131,,1.3566588575951217,2.285675949123382,7.681998498672997,COMPLETE,banco,random_forest,,11.0,0.8456677804395387,8.0,16.0,658.0,,,,,,,,,
40,0.8259754295344669,,1.2136530625774107,1.5197166736432428,6.662148189013458,COMPLETE,banco,random_forest,,10.0,0.6501018302528077,1.0,14.0,789.0,,,,,,,,,
41,0.8384381211386941,,1.1859402963329986,1.464288968940491,6.434094547698026,COMPLETE,banco,random_forest,,12.0,0.8134497260642596,1.0,13.0,675.0,,,,,,,,,
42,0.8377902026384653,,1.1884298766643124,1.4672221813691637,6.448909448526543,COMPLETE,banco,random_forest,,12.0,0.8090851723907626,1.0,13.0,681.0,,,,,,,,,
43,0.8339713392010686,,1.1987056252170325,1.4843929244551768,6.5201678028014936,COMPLETE,banco,random_forest,,11.0,0.7306713645300621,1.0,11.0,629.0,,,,,,,,,
44,0.8368144901609162,,1.1890736922067027,1.4716283290529242,6.443374844845132,COMPLETE,banco,random_forest,,13.0,0.8617633774772956,1.0,15.0,743.0,,,,,,,,,
45,0.7728460465476785,,1.2670250226429058,1.7362709260900173,7.1030406690024614,COMPLETE,banco,random_forest,,12.0,0.8226774752948172,3.0,13.0,642.0,,,,,,,,,
46,0.6954030949486286,,1.3799207072190125,2.010574111726557,7.840286583586543,COMPLETE,banco,random_forest,,10.0,0.7975260922379839,4.0,17.0,594.0,,,,,,,,,
47,0.7741505292188269,,1.3509201672287465,1.7312782847630388,7.262848939791041,COMPLETE,banco,random_forest,,3.0,0.9552663057374589,1.0,11.0,775.0,,,,,,,,,
48,0.8391719415496053,,1.1751073895539952,1.4609597552263396,6.372568605871338,COMPLETE,banco,random_forest,,9.0,0.998884331007902,2.0,14.0,749.0,,,,,,,,,
49,0.8401220479601593,,1.173704121383043,1.4566379865199433,6.362381427159416,COMPLETE,banco,random_forest,,9.0,0.9933224209591532,2.0,16.0,677.0,,,,,,,,,
50,0.7152780356170907,,1.3811928621015965,1.94387273706019,7.857805084649845,COMPLETE,banco,random_forest,,9.0,0.9994731830745378,4.0,16.0,216.0,,,,,,,,,
51,0.8379969671417047,,1.175977552504429,1.4662867686927599,6.3879096859100315,COMPLETE,banco,random_forest,,9.0,0.9806971329429355,2.0,14.0,680.0,,,,,,,,,
52,0.7251648537407434,,1.3152558386019224,1.9098245783386547,7.400405687165927,COMPLETE,banco,random_forest,,11.0,0.38177910197907494,2.0,16.0,608.0,,,,,,,,,
53,0.7878813898329687,,1.265557079776139,1.677825264160701,7.047486742279697,COMPLETE,banco,random_forest,,7.0,0.9525886810319837,3.0,19.0,566.0,,,,,,,,,
54,0.8351442246309921,,1.1937590179933786,1.479140492330404,6.477136787910844,COMPLETE,banco,random_forest,,10.0,0.8997456979855881,1.0,18.0,864.0,,,,,,,,,
55,0.8378331645849858,,1.1814597336384705,1.467027868521788,6.420950245453594,COMPLETE,banco,random_forest,,8.0,0.9729015079278373,2.0,21.0,791.0,,,,,,,,,
56,0.7795593885593413,,1.2772560846490713,1.7104214985584139,7.1240766406950025,COMPLETE,banco,random_forest,,13.0,0.9226592914512476,3.0,12.0,669.0,,,,,,,,,
57,0.8412021548096437,,1.1863744056192547,1.4517092551486597,6.3971815585819645,COMPLETE,banco,random_forest,,11.0,0.9997749209071385,1.0,24.0,730.0,,,,,,,,,
58,0.5776423230124965,,1.4042106221948987,2.3675411676343776,7.932993007348688,COMPLETE,banco,random_forest,,9.0,0.9906918384033401,11.0,24.0,763.0,,,,,,,,,
59,0.8383941416434947,,1.1878763251574331,1.4644882557653445,6.447908711934219,COMPLETE,banco,random_forest,,5.0,0.9560620890507766,2.0,21.0,729.0,,,,,,,,,
60,0.8420752478105802,,1.1747996999345367,1.4477129030990903,6.344075296663176,COMPLETE,banco,random_forest,,10.0,0.9991803471112016,1.0,15.0,849.0,,,,,,,,,
61,0.8422100821942431,,1.1740996092423497,1.4470947506014358,6.340059880852915,COMPLETE,banco,random_forest,,10.0,0.9967132145710919,1.0,15.0,852.0,,,,,,,,,
62,0.8384162002825265,,1.1751411520199186,1.4643883035712495,6.377116583797349,COMPLETE,banco,random_forest,,9.0,0.9941233617597196,2.0,15.0,851.0,,,,,,,,,
63,0.8420680516966266,,1.1763624292850743,1.447745886492142,6.355133171587919,COMPLETE,banco,random_forest,,10.0,0.9998353915054329,1.0,18.0,873.0,,,,,,,,,
64,0.8387323170820943,,1.1749766587678716,1.4629551636916562,6.379076029727085,COMPLETE,banco,random_forest,,10.0,0.999636218649986,2.0,18.0,875.0,,,,,,,,,
65,0.8421766672395292,,1.1755059038039368,1.4472479671266238,6.352318459608214,COMPLETE,banco,random_forest,,10.0,0.971826444323715,1.0,15.0,810.0,,,,,,,,,
66,0.8413519279228611,,1.1797243950682266,1.4510244904840817,6.371956533252715,COMPLETE,banco,random_forest,,10.0,0.9709334858381842,1.0,16.0,793.0,,,,,,,,,
67,0.8409144964965198,,1.1818078363544964,1.4530235276748444,6.385276178747912,COMPLETE,banco,random_forest,,10.0,0.9691214843492659,1.0,18.0,796.0,,,,,,,,,
68,0.8402710390930287,,1.1799148607227041,1.4559591038892972,6.383114985088902,COMPLETE,banco,random_forest,,10.0,0.9476442531635132,1.0,18.0,804.0,,,,,,,,,
69,0.6627185521435686,,1.342756901557616,2.115697485433763,7.660847225326813,COMPLETE,banco,random_forest,,10.0,0.9686346138458662,6.0,17.0,836.0,,,,,,,,,
70,0.8156156515280635,,1.2322670689989004,1.5642975663627876,6.804462353937126,COMPLETE,banco,random_forest,,8.0,0.5788182635170056,1.0,20.0,877.0,,,,,,,,,
71,0.8424190077106887,,1.1743750270222066,1.4461364030494814,6.363949835204099,COMPLETE,banco,random_forest,,11.0,0.9137935381742257,1.0,15.0,790.0,,,,,,,,,
72,0.8426945998414435,,1.1720754728381684,1.4448712815016829,6.351586530554918,COMPLETE,banco,random_forest,,11.0,0.9179180034741948,1.0,15.0,846.0,,,,,,,,,
73,0.837515826267871,,1.1701557351727039,1.468462553439866,6.3925632563830215,COMPLETE,banco,random_forest,,11.0,0.9198280146607755,2.0,15.0,826.0,,,,,,,,,
74,0.8406961010213387,,1.176782218913886,1.4540205541828886,6.364474857412931,COMPLETE,banco,random_forest,,11.0,0.9445392039279368,1.0,15.0,852.0,,,,,,,,,
75,0.8394885315358855,,1.1825307302239179,1.4595210974516089,6.413518446202583,COMPLETE,banco,random_forest,,11.0,0.8814950103696697,1.0,16.0,882.0,,,,,,,,,
76,0.780979248738825,,1.2629696676007438,1.7049041789528019,7.0552023950935965,COMPLETE,banco,random_forest,,10.0,0.9299210602667842,3.0,14.0,849.0,,,,,,,,,
77,0.8400024007529932,,1.188029213972264,1.457182933681544,6.41634665444993,COMPLETE,banco,random_forest,,11.0,0.9708315466135327,1.0,24.0,765.0,,,,,,,,,
78,0.8339472210533133,,1.1855374303425965,1.4845007356838233,6.4766173120482105,COMPLETE,banco,random_forest,,10.0,0.9119280095686143,2.0,22.0,811.0,,,,,,,,,
79,0.8400760101829479,,1.1808778208786062,1.4568476950736717,6.38428684250352,COMPLETE,banco,random_forest,,9.0,0.9404785497918129,1.0,14.0,889.0,,,,,,,,,
0,0.3995974476822166,,1.5766499597800259,2.822790245552532,8.727429781944386,COMPLETE,banco,extra_trees,,18.0,0.4514121162875837,9.0,15.0,500.0,,,,,,,,,
1,0.26354376012874103,,1.7193910802684278,3.1263011922908333,9.447839581958807,COMPLETE,banco,extra_trees,,2.0,0.8102471755674295,11.0,15.0,324.0,,,,,,,,,
2,0.412595261601428,,1.572669277396533,2.792068480190711,8.7130989125819,COMPLETE,banco,extra_trees,,18.0,0.4681862286846154,10.0,6.0,216.0,,,,,,,,,
3,0.43795138701559966,,1.562228919628415,2.7311420149469408,8.646238508622083,COMPLETE,banco,extra_trees,,7.0,0.5392989411287272,7.0,11.0,346.0,,,,,,,,,
4,0.48617579418902246,,1.489216338077181,2.6113472257628256,8.318811815541736,COMPLETE,banco,extra_trees,,4.0,0.6464454897410734,4.0,10.0,690.0,,,,,,,,,
5,0.40307053704798856,,1.5338699430071736,2.814614046372937,8.546996449195932,COMPLETE,banco,extra_trees,,5.0,0.3801927682679985,7.0,15.0,828.0,,,,,,,,,
6,0.8429448407955649,,1.1781051140764593,1.443721575653376,6.448291090249607,COMPLETE,banco,extra_trees,,4.0,0.9776608214984636,1.0,23.0,686.0,,,,,,,,,
7,0.7981687804369193,,1.233583737644024,1.6366337973746043,6.882136483156335,COMPLETE,banco,extra_trees,,7.0,0.6360991209307408,2.0,17.0,847.0,,,,,,,,,
8,0.8403666793767544,,1.1875130039119919,1.4555231491584306,6.47926409908587,COMPLETE,banco,extra_trees,,10.0,0.518206988040011,1.0,22.0,297.0,,,,,,,,,
9,0.4341890950477426,,1.5293005224925889,2.7402677517766665,8.502368194246479,COMPLETE,banco,extra_trees,,7.0,0.47015539609159257,7.0,14.0,730.0,,,,,,,,,
10,0.5285691315414365,,1.459122303597598,2.5013032713842103,8.131398175992752,COMPLETE,banco,extra_trees,,13.0,0.9895325530232119,4.0,23.0,964.0,,,,,,,,,
11,0.8449231130981825,,1.172100490647626,1.434600177423824,6.386995427052653,COMPLETE,banco,extra_trees,,12.0,0.8299636040712635,1.0,24.0,559.0,,,,,,,,,
12,0.7355947558295228,,1.3032273045004366,1.873235482180259,7.304605128621236,COMPLETE,banco,extra_trees,,13.0,0.9190393590779812,3.0,20.0,550.0,,,,,,,,,
13,0.8437712380008529,,1.1758255600947347,1.439918258782627,6.39367470262247,COMPLETE,banco,extra_trees,,12.0,0.8106635468244433,1.0,24.0,468.0,,,,,,,,,
14,0.48222173226329357,,1.5073925188043238,2.6213755974501907,8.360685674548835,COMPLETE,banco,extra_trees,,13.0,0.8057556870059438,5.0,20.0,460.0,,,,,,,,,
15,0.8410233913465636,,1.1889616634618039,1.452526141484072,6.417854219877817,COMPLETE,banco,extra_trees,,11.0,0.7837096468111125,1.0,3.0,430.0,,,,,,,,,
16,0.7223549350243688,,1.3230621062534005,1.9195627885058866,7.42869001389832,COMPLETE,banco,extra_trees,,15.0,0.7258064148191249,3.0,24.0,586.0,,,,,,,,,
17,0.7472959178441745,,1.2827959003773515,1.8313167678301852,7.188699819890665,COMPLETE,banco,extra_trees,,10.0,0.8906321296096098,3.0,18.0,623.0,,,,,,,,,
18,0.4787324194537722,,1.5197705036828821,2.6301935042973037,8.415812467736922,COMPLETE,banco,extra_trees,,15.0,0.8735766714579587,5.0,20.0,454.0,,,,,,,,,
19,0.4067148604578694,,1.615649683598584,2.8060091206090982,8.896048554239847,COMPLETE,banco,extra_trees,,15.0,0.7113465198877741,12.0,10.0,378.0,,,,,,,,,
20,0.8019841952963377,,1.2252003746061355,1.6210905370396094,6.830549022078601,COMPLETE,banco,extra_trees,,11.0,0.7444212746205372,2.0,18.0,536.0,,,,,,,,,
21,0.8448166945936594,,1.188377316222256,1.4350923262737851,6.420044784533749,COMPLETE,banco,extra_trees,,8.0,0.9699344171740901,1.0,22.0,650.0,,,,,,,,,
22,0.7974151193261015,,1.2281365710013816,1.6396866400318013,6.857387385519632,COMPLETE,banco,extra_trees,,9.0,0.8401027456643684,2.0,24.0,618.0,,,,,,,,,
23,0.8462158261694973,,1.178240495946628,1.428608287075211,6.384909428902875,COMPLETE,banco,extra_trees,,8.0,0.933189517305627,1.0,21.0,772.0,,,,,,,,,
24,0.4956346774404806,,1.5087564729776826,2.5871997030880345,8.374948665500382,COMPLETE,banco,extra_trees,,8.0,0.9340776604005645,5.0,21.0,793.0,,,,,,,,,
25,0.8194908496665844,,1.1992120124041024,1.5477718871458206,6.672501675713772,COMPLETE,banco,extra_trees,,6.0,0.9572708244800952,2.0,18.0,923.0,,,,,,,,,
26,0.5069040169956587,,1.4985900082325982,2.5581327365085498,8.319134178015412,COMPLETE,banco,extra_trees,,9.0,0.9004737334623089,4.0,22.0,778.0,,,,,,,,,
27,0.8476809399519506,,1.1753850725606354,1.4217867697907913,6.3662533737027545,COMPLETE,banco,extra_trees,,9.0,0.8655260954234626,1.0,21.0,675.0,,,,,,,,,
28,0.7379605159360455,,1.296019722871373,1.8648362854208806,7.261675069006729,COMPLETE,banco,extra_trees,,11.0,0.8584837486401125,3.0,17.0,721.0,,,,,,,,,
29,0.4782548940833975,,1.5307701639456996,2.6313979688168794,8.483871840783292,COMPLETE,banco,extra_trees,,17.0,0.7594052501339836,6.0,12.0,871.0,,,,,,,,,
30,0.4356436867324134,,1.5742225173143227,2.7367431327378506,8.702096448607637,COMPLETE,banco,extra_trees,,9.0,0.6865521380694737,9.0,19.0,748.0,,,,,,,,,
31,0.8490572519771372,,1.1668597785530948,1.4153487618517464,6.333419392668393,COMPLETE,banco,extra_trees,,8.0,0.9440961865889509,1.0,22.0,650.0,,,,,,,,,
32,0.8163880150528046,,1.2065261802612748,1.5610178023634498,6.698125329735542,COMPLETE,banco,extra_trees,,8.0,0.9290879641058968,2.0,21.0,552.0,,,,,,,,,
33,0.8468988723241674,,1.1688082105790294,1.425432110628018,6.376769253725727,COMPLETE,banco,extra_trees,,6.0,0.8335718560949577,1.0,16.0,697.0,,,,,,,,,
34,0.3931289718845111,,1.573583514506267,2.837955266442622,8.73779265975372,COMPLETE,banco,extra_trees,,3.0,0.8796377063288254,9.0,16.0,654.0,,,,,,,,,
35,0.8182468030662468,,1.2087531105502771,1.5530962547934004,6.70906138110032,COMPLETE,banco,extra_trees,,6.0,0.9353843779480946,2.0,8.0,795.0,,,,,,,,,
36,0.48497547567110566,,1.670471150850253,2.6143955640613226,9.292194474176286,COMPLETE,banco,extra_trees,,2.0,0.9933852362359558,3.0,14.0,680.0,,,,,,,,,
37,0.8424395137957081,,1.1745118454926458,1.4460423067996606,6.431127055364897,COMPLETE,banco,extra_trees,,5.0,0.607798934443195,1.0,19.0,893.0,,,,,,,,,
38,0.8032172697532299,,1.2325841213281477,1.6160352664101332,6.8733340605699755,COMPLETE,banco,extra_trees,,6.0,0.8504184223666353,2.0,16.0,738.0,,,,,,,,,
39,0.4605444879620616,,1.526431919859809,2.6756860883037765,8.473258916313737,COMPLETE,banco,extra_trees,,7.0,0.7695997442273114,8.0,21.0,827.0,,,,,,,,,
40,0.5107153664212782,,1.4628743922596907,2.548227107993,8.196578030981785,COMPLETE,banco,extra_trees,,4.0,0.8913991886171331,4.0,13.0,710.0,,,,,,,,,
41,0.8458811150313073,,1.1746269409337198,1.430162124482174,6.389608762637662,COMPLETE,banco,extra_trees,,9.0,0.8249677929555203,1.0,23.0,604.0,,,,,,,,,
42,0.8442774654035863,,1.1783570430645234,1.4375834853593443,6.394956606271118,COMPLETE,banco,extra_trees,,9.0,0.8044100943402683,1.0,22.0,665.0,,,,,,,,,
43,0.8477544943157572,,1.1734560414933068,1.4214434403036498,6.341046597289115,COMPLETE,banco,extra_trees,,10.0,0.9563538909688359,1.0,23.0,608.0,,,,,,,,,
44,0.8216623897951172,,1.1935869589645525,1.5384338052691489,6.644290504969384,COMPLETE,banco,extra_trees,,7.0,0.9572484094878355,2.0,19.0,502.0,,,,,,,,,
45,0.8546725730380041,,1.1463586426355008,1.3887725868512857,6.222609199936977,COMPLETE,banco,extra_trees,,8.0,0.9976759921366265,1.0,21.0,774.0,,,,,,,,,
46,0.8211814573463954,,1.2085838229966162,1.54050679645584,6.687886022811755,COMPLETE,banco,extra_trees,,10.0,0.9695047464861688,2.0,23.0,706.0,,,,,,,,,
47,0.7595560453672733,,1.2595508623489744,1.7863406217144693,7.093851336531282,COMPLETE,banco,extra_trees,,5.0,0.9983369214807037,3.0,20.0,639.0,,,,,,,,,
48,0.8441150648846808,,1.1841576189243095,1.4383329063319643,6.4059808956930056,COMPLETE,banco,extra_trees,,10.0,0.9018069002645316,1.0,16.0,580.0,,,,,,,,,
49,0.5301688204263253,,1.4794488148900022,2.4970558753693854,8.235439225020963,COMPLETE,banco,extra_trees,,6.0,0.9576897087526481,4.0,4.0,998.0,,,,,,,,,
50,0.8506216450434919,,1.1694211082530155,1.4079952164928413,6.347105058930169,COMPLETE,banco,extra_trees,,7.0,0.8652490208232898,1.0,22.0,218.0,,,,,,,,,
51,0.855048052112538,,1.1419848520477722,1.3869773568999386,6.176784244952695,COMPLETE,banco,extra_trees,,7.0,0.8609900023646422,1.0,22.0,204.0,,,,,,,,,
52,0.8463362135273619,,1.1683390118765375,1.4280489965930936,6.391562683322228,COMPLETE,banco,extra_trees,,8.0,0.38177910197907494,1.0,23.0,209.0,,,,,,,,,
53,0.815321283945762,,1.2018017419476437,1.5655457603005456,6.6940125310044545,COMPLETE,banco,extra_trees,,7.0,0.9150352032407352,2.0,22.0,292.0,,,,,,,,,
54,0.8439510963592821,,1.1858163482293964,1.439089167160884,6.416036244921551,COMPLETE,banco,extra_trees,,10.0,0.7947027158984836,1.0,21.0,266.0,,,,,,,,,
55,0.8136991036120642,,1.2129739965417972,1.5724064455217877,6.733322862569232,COMPLETE,banco,extra_trees,,7.0,0.8698264031866586,2.0,24.0,248.0,,,,,,,,,
56,0.7114392721610729,,1.3377656397440751,1.956932993849203,7.504552334214456,COMPLETE,banco,extra_trees,,12.0,0.551109433734573,3.0,20.0,363.0,,,,,,,,,
57,0.850674634374887,,1.1566059448548853,1.4077454636325397,6.2592913308379865,COMPLETE,banco,extra_trees,,8.0,0.9445345966491567,1.0,22.0,311.0,,,,,,,,,
58,0.4460261119924893,,1.5667216767574,2.7114524349998783,8.668516350304818,COMPLETE,banco,extra_trees,,8.0,0.9800953586242639,11.0,23.0,236.0,,,,,,,,,
59,0.8193942603680341,,1.1965255106437136,1.5481859332124157,6.685788639615812,COMPLETE,banco,extra_trees,,5.0,0.9136901977379291,2.0,24.0,311.0,,,,,,,,,
60,0.7452321152777228,,1.2995610925046523,1.8387796290085572,7.263388946836784,COMPLETE,banco,extra_trees,,8.0,0.9298369304978567,3.0,22.0,397.0,,,,,,,,,
61,0.8493483581821031,,1.1715269740104077,1.413983291643642,6.32547775459966,COMPLETE,banco,extra_trees,,9.0,0.9624557109847462,1.0,20.0,229.0,,,,,,,,,
62,0.8509995114542926,,1.1649638162444003,1.4062132615949376,6.2570795601092275,COMPLETE,banco,extra_trees,,7.0,0.9490508136557687,1.0,19.0,200.0,,,,,,,,,
63,0.8563488754165267,,1.1417751504606783,1.3807398465154392,6.18547626566789,COMPLETE,banco,extra_trees,,7.0,0.9997394251522563,1.0,19.0,203.0,,,,,,,,,
64,0.84110720700844,,1.157687252201955,1.4521431905212459,6.381231806496905,COMPLETE,banco,extra_trees,,7.0,0.9992313475788341,2.0,18.0,200.0,,,,,,,,,
65,0.8496224368507308,,1.1681664791454578,1.4126964849524997,6.341356704701373,COMPLETE,banco,extra_trees,,7.0,0.9751298108347013,1.0,19.0,332.0,,,,,,,,,
66,0.825252668463617,,1.199297040320266,1.5228692570562752,6.662121328011963,COMPLETE,banco,extra_trees,,5.0,0.9781452823592847,2.0,19.0,274.0,,,,,,,,,
67,0.8406010640873235,,1.1781200512791346,1.454454206632462,6.474676029255703,COMPLETE,banco,extra_trees,,4.0,0.8996651314801812,1.0,18.0,328.0,,,,,,,,,
68,0.4907440180273669,,1.5166335076440598,2.5997130407430604,8.421314295626923,COMPLETE,banco,extra_trees,,7.0,0.9468150617048113,6.0,19.0,259.0,,,,,,,,,
69,0.8510235272821626,,1.1595831945596857,1.406099930635785,6.3077359907093555,COMPLETE,banco,extra_trees,,6.0,0.9804025508031882,1.0,17.0,335.0,,,,,,,,,
70,0.8215032309741362,,1.1999861984425606,1.5391201459235924,6.676182845814043,COMPLETE,banco,extra_trees,,6.0,0.920734078415344,2.0,17.0,284.0,,,,,,,,,
71,0.8469389293049365,,1.1756407762781207,1.4252456252546741,6.381849447507043,COMPLETE,banco,extra_trees,,7.0,0.9769531890196328,1.0,17.0,342.0,,,,,,,,,
72,0.8516817051587531,,1.1652933703553778,1.4029904184808923,6.312989360488398,COMPLETE,banco,extra_trees,,6.0,0.9852981629046856,1.0,20.0,236.0,,,,,,,,,
73,0.8509870032589069,,1.1569494059821146,1.4062722842910238,6.293513507169078,COMPLETE,banco,extra_trees,,6.0,0.9924202286604655,1.0,20.0,224.0,,,,,,,,,
74,0.817035085409718,,1.2036768123328925,1.558264769014151,6.74955566124551,COMPLETE,banco,extra_trees,,4.0,0.9514042782043108,2.0,20.0,305.0,,,,,,,,,
75,0.8514650409155412,,1.1558114907761226,1.4040147928691828,6.286098487737951,COMPLETE,banco,extra_trees,,6.0,0.9942267384373921,1.0,21.0,249.0,,,,,,,,,
76,0.7177290238798253,,1.336621581278116,1.9354878780305012,7.576158230301138,COMPLETE,banco,extra_trees,,3.0,0.999732461177559,3.0,21.0,241.0,,,,,,,,,
77,0.849695662312271,,1.1735790449518297,1.412352490988067,6.346323649764152,COMPLETE,banco,extra_trees,,6.0,0.9761247788315041,1.0,15.0,226.0,,,,,,,,,
78,0.8330510325899994,,1.187075542086399,1.4885012776619109,6.569748216230637,COMPLETE,banco,extra_trees,,5.0,0.9847981191461708,2.0,20.0,201.0,,,,,,,,,
79,0.852679949270792,,1.1548573690629818,1.3982610915201725,6.267578941966638,COMPLETE,banco,extra_trees,,6.0,0.9893645626117703,1.0,18.0,251.0,,,,,,,,,
0,0.5508796175432132,,1.4911644684038639,2.4413987939335344,8.316750763764894,COMPLETE,banco,hist_gradient_boosting,,,,32.0,,,1.2363188277052228e-05,0.021642251106469404,671.0,49.0,,,,,
1,0.23239913012392732,,1.8098919259835016,3.191722111009081,9.895495236265937,COMPLETE,banco,hist_gradient_boosting,,,,32.0,,,0.090470719575684,0.009204496040276266,134.0,57.0,,,,,
2,0.5827364675371376,,1.5073730125560703,2.3532201491462836,8.485691797362604,COMPLETE,banco,hist_gradient_boosting,,,,14.0,,,1.8740223688836324e-05,0.005419290634672375,682.0,55.0,,,,,
3,0.5228094283218283,,1.4169550509935824,2.516536711325235,7.98144556787511,COMPLETE,banco,hist_gradient_boosting,,,,24.0,,,0.00010929592787219404,0.01024634005770867,282.0,37.0,,,,,
4,0.5289536442586575,,1.546337698429864,2.5002829954791093,8.616643661491622,COMPLETE,banco,hist_gradient_boosting,,,,21.0,,,0.0015577217702693043,0.05476331374316277,183.0,24.0,,,,,
5,0.5581640580441826,,1.4923769134151277,2.421518904385984,8.336806978812294,COMPLETE,banco,hist_gradient_boosting,,,,32.0,,,2.1142332035497158e-06,0.10788483727948411,220.0,37.0,,,,,
6,0.4811855878825242,,1.6017920030821742,2.6239971502359416,8.837453070243505,COMPLETE,banco,hist_gradient_boosting,,,,48.0,,,5.746775499181867,0.053848112391315636,202.0,11.0,,,,,
7,0.5785481613849388,,1.545292531619727,2.3650009500821647,8.590739499353754,COMPLETE,banco,hist_gradient_boosting,,,,36.0,,,0.0012052231254145623,0.11814432092118202,283.0,13.0,,,,,
8,0.4013010637361518,,1.6087552254233501,2.818782628574589,8.9053429324407,COMPLETE,banco,hist_gradient_boosting,,,,46.0,,,6.478282331897332e-05,0.008059522363804595,397.0,9.0,,,,,
9,0.5274490370228428,,1.5359514363373692,2.504272989825469,8.5569966890931,COMPLETE,banco,hist_gradient_boosting,,,,30.0,,,1.967801053211497e-05,0.0667690954439529,287.0,37.0,,,,,
10,0.5447557551066153,,1.7277289421517104,2.4579869639238403,9.481263758860454,COMPLETE,banco,hist_gradient_boosting,,,,6.0,,,0.036565023379591846,0.022639291620412304,660.0,63.0,,,,,
11,0.6925423080709813,,1.353491414855985,2.0199937441140094,7.670642516296895,COMPLETE,banco,hist_gradient_boosting,,,,10.0,,,0.0017608364013964172,0.1742068650747413,554.0,23.0,,,,,
12,0.6493008030561215,,1.5005669311503875,2.1573704650413097,8.348503258717374,COMPLETE,banco,hist_gradient_boosting,,,,10.0,,,0.026062302274034454,0.24260453840099258,550.0,24.0,,,,,
13,0.6360015885132952,,1.5759145187990846,2.1978957402648556,8.72597495236677,COMPLETE,banco,hist_gradient_boosting,,,,5.0,,,0.03854402004517669,0.22227115070086215,541.0,24.0,,,,,
14,0.5487282367191497,,1.7911683488887966,2.4472392142035018,9.932776032837435,COMPLETE,banco,hist_gradient_boosting,,,,16.0,,,0.5699410662571287,0.2224375588973081,536.0,24.0,,,,,
15,0.5480958102776956,,1.7508571522717424,2.448953432823749,9.678550791034858,COMPLETE,banco,hist_gradient_boosting,,,,12.0,,,0.004025250365807169,0.15941426007054163,542.0,18.0,,,,,
16,0.6466677963281078,,1.5804507026010004,2.16545395789376,8.65786575423129,COMPLETE,banco,hist_gradient_boosting,,,,9.0,,,0.007473465025216011,0.09451183693435293,453.0,29.0,,,,,
17,0.5323674773023077,,1.6549397669514463,2.491206319792008,9.164173809803328,COMPLETE,banco,hist_gradient_boosting,,,,20.0,,,0.0003565965981348021,0.24896479821424905,459.0,29.0,,,,,
18,0.4472882955574692,,1.9379693033921526,2.7083617637748416,10.676366816015962,COMPLETE,banco,hist_gradient_boosting,,,,18.0,,,0.4658278988491401,0.14791417510829583,603.0,47.0,,,,,
19,0.6326295816097942,,1.4773338175364013,2.208052699998818,8.258166866246402,COMPLETE,banco,hist_gradient_boosting,,,,10.0,,,0.012596140406243203,0.03356220331613892,428.0,17.0,,,,,
20,0.5490228135001952,,1.5859441634946814,2.4464403413371456,8.793557021684165,COMPLETE,banco,hist_gradient_boosting,,,,26.0,,,0.2960810535966738,0.0846129175052651,367.0,31.0,,,,,
21,0.659305784697372,,1.5137836092281711,2.126374340909402,8.324409287488832,COMPLETE,banco,hist_gradient_boosting,,,,9.0,,,0.00702440963812228,0.165755262011813,491.0,29.0,,,,,
22,0.6795045515233573,,1.518689006989721,2.0623780426160856,8.414858618715067,COMPLETE,banco,hist_gradient_boosting,,,,9.0,,,0.000546654448004083,0.16637494056033317,596.0,19.0,,,,,
23,0.4643370546672344,,1.9799660503033978,2.6662639800428494,10.88234092739388,COMPLETE,banco,hist_gradient_boosting,,,,15.0,,,0.0004907778742191169,0.14793065947318362,605.0,17.0,,,,,
24,0.6454903168979547,,1.6142717592898723,2.169059144054257,8.743748857633523,COMPLETE,banco,hist_gradient_boosting,,,,7.0,,,0.00021909248392300296,0.16660297149747438,503.0,32.0,,,,,
25,0.5864330151320778,,1.5806887373044776,2.3427733438119915,8.723168349516548,COMPLETE,banco,hist_gradient_boosting,,,,42.0,,,0.0018887501344400529,0.07499276586586978,610.0,44.0,,,,,
26,0.5297238654946655,,1.7718513667642188,2.4982380174205523,9.754937448109867,COMPLETE,banco,hist_gradient_boosting,,,,12.0,,,0.005942068167615847,0.04558260356366122,498.0,19.0,,,,,
27,0.49016080188609834,,1.864468758063611,2.601201251791641,10.271828735313662,COMPLETE,banco,hist_gradient_boosting,,,,19.0,,,0.001292030275791949,0.12294495890083067,579.0,21.0,,,,,
28,0.6391690079406548,,1.5593947108914052,2.1883120877914317,8.836905576197548,COMPLETE,banco,hist_gradient_boosting,,,,5.0,,,9.223336534824929e-05,0.18539484647331345,351.0,14.0,,,,,
29,0.5279284232767875,,1.6306127509778199,2.5030024192777054,9.018471887602631,COMPLETE,banco,hist_gradient_boosting,,,,24.0,,,1.0320291176219556e-06,0.028986502797404307,654.0,42.0,,,,,
30,0.5114244792472792,,1.50745901050495,2.5463798849411834,8.37994027723819,COMPLETE,banco,hist_gradient_boosting,,,,37.0,,,0.10744265536218266,0.01502951427982395,493.0,27.0,,,,,
31,0.6612540649629541,,1.525722584171912,2.1202857244188205,8.410748501548154,COMPLETE,banco,hist_gradient_boosting,,,,9.0,,,0.020633199282807494,0.17791468268174276,576.0,33.0,,,,,
32,0.6139691264347218,,1.669699321677012,2.263436749776167,9.046773529757111,COMPLETE,banco,hist_gradient_boosting,,,,8.0,,,0.0006102480291470881,0.12879488850407014,628.0,33.0,,,,,
33,0.4956582697301488,,1.958211934697188,2.5871391927041003,10.655164956118124,COMPLETE,banco,hist_gradient_boosting,,,,13.0,,,0.013126759471510843,0.1821688641626758,566.0,40.0,,,,,
34,0.4698784696105853,,2.011392177183594,2.652436921889048,11.083020026974237,COMPLETE,banco,hist_gradient_boosting,,,,15.0,,,0.003323822709459223,0.10500050949340062,677.0,34.0,,,,,
35,0.5884510899366284,,1.682786041556124,2.3370503608407804,9.210347937886347,COMPLETE,banco,hist_gradient_boosting,,,,10.0,,,0.07973850337469252,0.19358356960089235,506.0,28.0,,,,,
36,0.4628288652201348,,1.9180395245579795,2.670014850538379,10.599182192078864,COMPLETE,banco,hist_gradient_boosting,,,,17.0,,,3.545982127639785e-05,0.06733109818505806,630.0,21.0,,,,,
37,0.5479696508036115,,1.698209571004977,2.4492952498769465,9.423623413445721,COMPLETE,banco,hist_gradient_boosting,,,,11.0,,,0.00022000729769500548,0.13284105300335847,105.0,26.0,,,,,
38,0.4952756098864597,,1.7624226029243533,2.5881204783146057,9.749988703000568,COMPLETE,banco,hist_gradient_boosting,,,,22.0,,,7.645791873538095e-06,0.09184819983584365,464.0,14.0,,,,,
39,0.5343130640450056,,1.523161201761874,2.4860185819737217,8.531327939022363,COMPLETE,banco,hist_gradient_boosting,,,,8.0,,,8.646565714783037,0.005005129576287262,585.0,35.0,,,,,
40,0.47351693039677,,1.9297428479001983,2.6433188200363236,10.704432598418107,COMPLETE,banco,hist_gradient_boosting,,,,14.0,,,0.0008077447335611733,0.19670666154491384,686.0,39.0,,,,,
41,0.626543684574262,,1.6022925649744866,2.226266991654259,8.759796795045819,COMPLETE,banco,hist_gradient_boosting,,,,9.0,,,0.023806489916871475,0.22821866373656993,558.0,23.0,,,,,
42,0.6748224179764198,,1.439894157904259,2.0773881110942773,7.968895129221333,COMPLETE,banco,hist_gradient_boosting,,,,7.0,,,1.6765645232999127,0.24563475420969963,521.0,21.0,,,,,
43,0.6570123860461718,,1.4181600629868996,2.1335192299755867,8.02394766321864,COMPLETE,banco,hist_gradient_boosting,,,,5.0,,,2.1607842920789255,0.15703649632374636,519.0,21.0,,,,,
44,0.6192019880915818,,1.502386619398476,2.248043337726124,8.380998972153069,COMPLETE,banco,hist_gradient_boosting,,,,7.0,,,3.879462803322821,0.10644040503160077,470.0,9.0,,,,,
45,0.5514422763549947,,1.6976297324078788,2.439869020287825,9.398513794567688,COMPLETE,banco,hist_gradient_boosting,,,,13.0,,,0.8984003066477315,0.050860427994340464,409.0,52.0,,,,,
46,0.5961845221817003,,1.678722301096476,2.3149884236247424,9.120857218442662,COMPLETE,banco,hist_gradient_boosting,,,,7.0,,,0.06599511083366313,0.19785353667000904,643.0,31.0,,,,,
47,0.5658639100195217,,1.5373527757096181,2.4003263261053753,8.58083477604076,COMPLETE,banco,hist_gradient_boosting,,,,11.0,,,0.0015322329393937422,0.13599101320208326,523.0,12.0,,,,,
48,0.496592618858702,,1.8580231226402903,2.584741600240033,10.1825451310457,COMPLETE,banco,hist_gradient_boosting,,,,16.0,,,0.19510190426685423,0.1647175864123907,587.0,26.0,,,,,
49,0.6518849498598379,,1.4743184814816137,2.149407415926949,8.450736363281724,COMPLETE,banco,hist_gradient_boosting,,,,5.0,,,0.012665168036668525,0.24975180175291195,431.0,16.0,,,,,
50,0.509841770540101,,1.6604732751906832,2.550500966376671,9.133353081073608,COMPLETE,banco,hist_gradient_boosting,,,,29.0,,,1.260993433430061,0.11247795479171466,479.0,20.0,,,,,
51,0.6796684136602451,,1.3571910308948634,2.061850751383406,7.746954518107774,COMPLETE,banco,hist_gradient_boosting,,,,5.0,,,2.0914427581420445,0.15934258692619985,538.0,22.0,,,,,
52,0.6424000413145639,,1.369017797616808,2.17849252005463,7.792099830898014,COMPLETE,banco,hist_gradient_boosting,,,,9.0,,,2.0686552539910745,0.006781618459498274,552.0,23.0,,,,,
53,0.6436905730886366,,1.550010743141752,2.1745580188858757,8.525373352943992,COMPLETE,banco,hist_gradient_boosting,,,,7.0,,,0.0024850494821937836,0.20496256054109632,529.0,30.0,,,,,
54,0.5376243519151446,,1.7951148822629988,2.4771643408929296,9.944412794659218,COMPLETE,banco,hist_gradient_boosting,,,,12.0,,,0.005782325232092195,0.17223615625468705,580.0,27.0,,,,,
55,0.6288551000892615,,1.5231783381790258,2.219366833864002,8.514829582702019,COMPLETE,banco,hist_gradient_boosting,,,,10.0,,,0.23545430064662343,0.14205651184220136,617.0,25.0,,,,,
56,0.5933467668913792,,1.7497822197944815,2.323108307649036,9.527022016771083,COMPLETE,banco,hist_gradient_boosting,,,,8.0,,,0.0002085878143387841,0.22351844252955191,440.0,61.0,,,,,
57,0.6109687321925209,,1.4974913787625799,2.272215914954508,8.404276314457965,COMPLETE,banco,hist_gradient_boosting,,,,6.0,,,3.9925025619810266,0.07775596619610615,564.0,15.0,,,,,
58,0.5659420449260112,,1.6008670114069439,2.4001103135268265,8.857275025117753,COMPLETE,banco,hist_gradient_boosting,,,,36.0,,,0.5638873126997235,0.11622606747767666,383.0,11.0,,,,,
59,0.5392893436672328,,1.646141482394084,2.472700245621278,9.164847203290163,COMPLETE,banco,hist_gradient_boosting,,,,14.0,,,0.04305878361064639,0.011845775809777142,594.0,23.0,,,,,
60,0.5483762463821815,,1.6941622152878022,2.448193447016296,9.352382685383521,COMPLETE,banco,hist_gradient_boosting,,,,11.0,,,0.018784968161720546,0.15325635348311134,251.0,19.0,,,,,
61,0.6256525133297667,,1.4803019463044835,2.2289216568290433,8.355187015253156,COMPLETE,banco,hist_gradient_boosting,,,,5.0,,,1.1286336503162016,0.17060850615537929,521.0,21.0,,,,,
62,0.5756009998718539,,1.5812591274770733,2.373255626417606,8.82495826136197,COMPLETE,banco,hist_gradient_boosting,,,,6.0,,,2.495748698858841,0.21222344742321383,516.0,18.0,,,,,
63,0.6411017417669116,,1.4709281300938128,2.1824435459159313,8.292352282348524,COMPLETE,banco,hist_gradient_boosting,,,,5.0,,,9.90687770790974,0.09488273474020328,488.0,22.0,,,,,
64,0.6872647808477647,,1.4208518521144962,2.037256628409331,8.031164025735404,COMPLETE,banco,hist_gradient_boosting,,,,9.0,,,1.7828306797822462,0.15079323940021414,545.0,17.0,,,,,
65,0.653563610256812,,1.4577503923996835,2.1442187787978795,8.173850334435318,COMPLETE,banco,hist_gradient_boosting,,,,8.0,,,0.0008211005897500964,0.12955056714338622,542.0,16.0,,,,,
66,0.5470952247306076,,1.7155866910295288,2.451663113970487,9.505663721245451,COMPLETE,banco,hist_gradient_boosting,,,,13.0,,,0.36077020191959613,0.18086257298332112,567.0,29.0,,,,,
67,0.6308369154117872,,1.5246587674123528,2.2134334875258306,8.483431891725694,COMPLETE,banco,hist_gradient_boosting,,,,9.0,,,0.12673356386022164,0.020785488889471786,541.0,18.0,,,,,
68,0.42274383619092293,,2.0372215135942646,2.767844150575293,10.905358312311114,COMPLETE,banco,hist_gradient_boosting,,,,49.0,,,0.004626458215460763,0.24929647668455876,615.0,36.0,,,,,
69,0.5257768813902454,,1.7273744016941832,2.50869985230194,9.574742428866713,COMPLETE,banco,hist_gradient_boosting,,,,11.0,,,4.470714919751644,0.14654898954871212,646.0,25.0,,,,,
70,0.54191687356391,,1.7293121799584985,2.4656389981597426,9.621414879585847,COMPLETE,banco,hist_gradient_boosting,,,,16.0,,,0.0002912035627165447,0.21297762307325782,331.0,32.0,,,,,
71,0.6572290346503122,,1.4963225797479032,2.132845303340284,8.249011257246144,COMPLETE,banco,hist_gradient_boosting,,,,7.0,,,2.0121866010434344,0.15522463229633307,516.0,19.0,,,,,
72,0.6271785342574366,,1.551372795370036,2.2243739375085494,8.506727550282953,COMPLETE,banco,hist_gradient_boosting,,,,7.0,,,0.8747819854668342,0.12361752509206336,700.0,19.0,,,,,
73,0.6620126066726089,,1.485380567464613,2.1179104537989875,8.31562079334348,COMPLETE,banco,hist_gradient_boosting,,,,10.0,,,0.008545769347826287,0.17898596389166577,503.0,16.0,,,,,
74,0.6689878691460132,,1.4147826156087264,2.095942181805194,7.928045726059607,COMPLETE,banco,hist_gradient_boosting,,,,10.0,,,0.002302016678652872,0.18099612510885424,486.0,12.0,,,,,
75,0.647932963157231,,1.4263125512205017,2.161573590712085,8.035321128393534,COMPLETE,banco,hist_gradient_boosting,,,,12.0,,,0.002297350261049577,0.1863179498957728,450.0,11.0,,,,,
76,0.650490645050914,,1.336794065907847,2.1537076238477804,7.627978549818996,COMPLETE,banco,hist_gradient_boosting,,,,10.0,,,0.00013081292848550946,0.21853383833320716,166.0,8.0,,,,,
77,0.5178757528638762,,1.790364726313009,2.529512500549756,9.724364978576414,COMPLETE,banco,hist_gradient_boosting,,,,40.0,,,0.0010449682757962121,0.13919084521305272,576.0,13.0,,,,,
78,0.6518646381845428,,1.542593731110258,2.1494701213869316,8.587966098831416,COMPLETE,banco,hist_gradient_boosting,,,,9.0,,,0.003661299998410094,0.18359420258987771,599.0,16.0,,,,,
79,0.4952888397295214,,1.8434743434953997,2.5880865581664967,10.181181422019966,COMPLETE,banco,hist_gradient_boosting,,,,15.0,,,0.008472264991759446,0.10018197405572496,505.0,13.0,,,,,
0,0.6456987049878562,,1.5606282810722052,2.16842154153222,8.705991845026201,COMPLETE,banco,xgboost,,10.0,,,,431.0,,0.08762050559064072,,,0.6202083881990965,3.96389588638785,3.3323645788192616e-08,0.6245760287469893,0.8193963178886665
1,0.6261512991128944,,1.5659836182052695,2.227436238801795,8.772533277025056,COMPLETE,banco,xgboost,,8.0,,,,601.0,,0.005419290634672375,,,0.9245991883601898,5.034443102887247,4.329370014459266e-07,4.4734294104626844e-07,0.9864594334728974
2,0.6223307262220827,,1.5662321701694295,2.2387890274278215,8.774385111771482,COMPLETE,banco,xgboost,,6.0,,,,378.0,,0.027091411597666194,,,0.8253338026250707,3.6503833523887947,4.258943089524393e-06,1.9826980964985924e-05,0.6810531130891189
3,0.806920781008841,,1.2152980483094298,1.6007558949820635,6.6092689971680345,COMPLETE,banco,xgboost,,9.0,,,,492.0,,0.010919676461591487,,,0.8165865559879191,1.8825578416799567,0.0029369981104377003,3.425445902633376e-07,0.7814054972861253
4,0.7578302301521493,,1.364060933252147,1.7927399958095336,7.4009043437061495,COMPLETE,banco,xgboost,,10.0,,,,198.0,,0.21854952340652511,,,0.6870761961280168,2.8557701661212933,0.014391207615728067,9.148975058772307e-05,0.9137788066524075
5,0.48350311272590485,,1.327614177546382,2.618129941506936,7.620186204791509,COMPLETE,banco,xgboost,,6.0,,,,241.0,,0.005719987374645638,,,0.6664509917200077,13.587923402725657,6.388511557344611e-06,0.0004793052550782129,0.959194180935452
6,0.549383043558871,,1.5621587156082621,2.4454630663982324,8.682479874721295,COMPLETE,banco,xgboost,,3.0,,,,560.0,,0.22195513835256983,,,0.9727745237038852,18.001719658125328,0.002404915432737351,1.9809253750493907,0.8988097705125015
7,0.4450590320177311,,1.6105747736559153,2.7138181132456447,8.970832947011719,COMPLETE,banco,xgboost,,3.0,,,,216.0,,0.0059677388712406935,,,0.724904780360267,6.155631603704022,0.28749982347407854,1.6247252885719427e-05,0.696398648843469
8,0.5468741219586493,,1.3349492503386076,2.4522614774655973,7.61129846114696,COMPLETE,banco,xgboost,,6.0,,,,360.0,,0.008677528234927538,,,0.5835477896558969,19.75085179540983,0.08916674715636537,6.143857495033091e-07,0.9109886413393178
9,0.7839926684244775,,1.310203994954999,1.693135006555094,7.178678988068008,COMPLETE,banco,xgboost,,9.0,,,,154.0,,0.07941443105985017,,,0.8970716560086756,2.4068483829477167,1.683416412018213e-05,1.1036250149900698e-07,0.8780532256184443
10,0.5596655390374363,,1.6011292431687414,2.4174009066827766,8.991352116187981,COMPLETE,banco,xgboost,,8.0,,,,842.0,,0.01666223441452634,,,0.8045258908066315,9.109445012282968,4.3444691085504035,1.2784194237583953e-08,0.5580828440266691
11,0.8166243480850673,,1.165569375502262,1.5600128601765102,6.306999399109131,COMPLETE,banco,xgboost,,8.0,,,,738.0,,0.0641266484362419,,,0.8724120340085176,1.700174644128054,0.00013730750409712947,1.3830977828403221e-08,0.8013361288506806
12,0.8145121840823585,,1.1976940665185458,1.5689714352939768,6.488915900166316,COMPLETE,banco,xgboost,,8.0,,,,723.0,,0.04582685433760387,,,0.8616757017023947,1.142695885108246,0.0001653282123997987,0.007483948702276168,0.7585243287729058
13,0.6132712465100232,,1.5611508526903193,2.265481785425095,8.832720104005677,COMPLETE,banco,xgboost,,7.0,,,,754.0,,0.05170822542517191,,,0.8526095478857014,8.23676295467294,8.773472263092467e-05,0.016756638283609265,0.7042596797198424
14,0.5376663062732865,,1.7480781363056483,2.47705195370517,9.773703312363944,COMPLETE,banco,xgboost,,5.0,,,,710.0,,0.03516781498692268,,,0.9893238931248386,11.432143796819684,0.00026906735625575645,0.008587026492761683,0.7576321777690994
15,0.8133295508894469,,1.2200864312694748,1.5739652120488117,6.670216618331658,COMPLETE,banco,xgboost,,8.0,,,,900.0,,0.11100498439487774,,,0.7535468407949238,1.2561931888925701,3.30735195092643e-07,0.016846643362048847,0.6245003266234201
16,0.6039782950948719,,1.5926563742497761,2.2925395552900683,8.825681056952567,COMPLETE,banco,xgboost,,4.0,,,,660.0,,0.05092426011725823,,,0.8924774135489815,6.638601070961663,0.0008219962609564758,0.0012574242824552632,0.8239309470546955
17,0.5336861514978168,,1.6774458610874474,2.487691371085251,9.324059819249966,COMPLETE,banco,xgboost,,7.0,,,,787.0,,0.022124815668891486,,,0.9396951116399332,14.436695092760667,5.4972035730472314e-05,0.3416092846276225,0.7437155226434784
18,0.6565457432857256,,1.535223473585129,2.1349700883466105,8.530852827287884,COMPLETE,banco,xgboost,,9.0,,,,607.0,,0.13202992936876992,,,0.861425836123269,7.086454969900423,0.0259294208202731,0.1473357711352491,0.8319155110982274
19,0.5424488593324344,,1.72684881787374,2.4642068717314576,9.645462810642199,COMPLETE,banco,xgboost,,7.0,,,,698.0,,0.052531846174940534,,,0.7713098365427533,10.527683293024964,6.650686475389145e-07,1.4068825781447074e-05,0.6270074155387303
20,0.6723784289691425,,1.4583837524855388,2.0851801760324915,8.239321365346413,COMPLETE,banco,xgboost,,5.0,,,,810.0,,0.06520129468652852,,,0.8799037092767243,4.359699188860153,2.1310274386675965e-08,0.0017377542249006636,0.8530060170944956
21,0.8058700220359039,,1.2543415121727104,1.605105732355526,6.825855472892199,COMPLETE,banco,xgboost,,8.0,,,,899.0,,0.12273029404171998,,,0.7687920809893565,1.0325067904610437,7.439498398214839e-07,0.03141951598789874,0.6073533436111352
22,0.8141441197476078,,1.2439742282338708,1.5705273224915484,6.697652927156171,COMPLETE,banco,xgboost,,8.0,,,,876.0,,0.11419464536518958,,,0.7351911942975571,1.1243747693749189,6.534163629356327e-08,5.765835785477878,0.6377606461606057
23,0.59228381332552,,1.521738779520259,2.326142520213296,8.502750881689906,COMPLETE,banco,xgboost,,9.0,,,,740.0,,0.040068787346519856,,,0.6995874533049105,5.471963938527071,0.000186582832688445,8.03806103896627,0.7748526333566393
24,0.6821488773535386,,1.463236869298215,2.053852343942302,8.176960018673347,COMPLETE,banco,xgboost,,7.0,,,,844.0,,0.16467519004252293,,,0.8377707811855056,3.127264277019827,6.875869289502019e-08,4.690383600013062,0.5572741146270125
25,0.8321675968419068,,1.132117635654137,1.492434396337622,6.225470192543184,COMPLETE,banco,xgboost,,10.0,,,,790.0,,0.07839135552597802,,,0.6480652689971659,1.4437455747748729,1.462981974995292e-05,1.049704583891358e-08,0.7298741389692467
26,0.8028317748521843,,1.2615966484685885,1.6176173883614848,6.920780541484596,COMPLETE,banco,xgboost,,10.0,,,,648.0,,0.033142114367484085,,,0.5626608858910925,2.8670765480257367,2.6218035891075887e-05,1.5605510159610528e-08,0.7273866398732759
27,0.5887674215513674,,1.6418846120028854,2.3361520167911234,9.197438157478256,COMPLETE,banco,xgboost,,2.0,,,,769.0,,0.07504792599282385,,,0.6298233448614535,4.59147575623286,3.4883831316707584e-06,2.6934572591055333e-06,0.7810821597336619
28,0.6522431711468138,,1.483429015550283,2.148301227510828,8.304158120500208,COMPLETE,banco,xgboost,,10.0,,,,676.0,,0.018274081038798927,,,0.9416902000897713,7.792942722269246,0.0008483316565130188,8.018391532539838e-08,0.6702250200093045
29,0.6437502477040707,,1.5878496273893066,2.174375914038991,8.767005296427199,COMPLETE,banco,xgboost,,10.0,,,,503.0,,0.0934788807315691,,,0.6178205212997507,3.9552013338012832,2.046391339596867e-05,5.090850119300536e-08,0.8029216423279587
30,0.5243958586541515,,1.8018190972739183,2.5123500885525236,10.002512452665503,COMPLETE,banco,xgboost,,9.0,,,,619.0,,0.06350733037445223,,,0.7883490113133477,12.381751914154101,0.00571847389936904,2.412430431608682e-06,0.7241550200165027
31,0.8199346169804141,,1.1805157236157355,1.5458681796799818,6.573267006127965,COMPLETE,banco,xgboost,,8.0,,,,842.0,,0.16005124374385699,,,0.7386759743443859,1.134392362797538,8.479402871942205e-08,0.5977544861320063,0.5886609253090723
32,0.6939226049757279,,1.615966134560507,2.0154543756935426,8.746370172458002,COMPLETE,banco,xgboost,,8.0,,,,799.0,,0.15928881005780363,,,0.6319565070633636,2.263739469574764,0.0006390561941516244,0.06312396413453937,0.5966774769454435
33,0.5456662185023262,,1.6900019171117107,2.4555278145486037,9.240750900102753,COMPLETE,banco,xgboost,,9.0,,,,725.0,,0.043359288619627845,,,0.6673784563232763,5.236700363730567,4.139570116520711e-06,0.6548135741943978,0.6649759360990772
34,0.6773252116191097,,1.4575306653848328,2.069378154316685,8.22841647759298,COMPLETE,banco,xgboost,,7.0,,,,830.0,,0.09018417035668277,,,0.9082132230955345,3.4871592900597674,2.039705262794495e-07,0.00464029059937587,0.8008840549785499
35,0.8122907372278464,,1.1871045822482253,1.5783386630267418,6.440219793233439,COMPLETE,banco,xgboost,,10.0,,,,455.0,,0.1606360484951562,,,0.8010638181532967,1.9290808553022671,1.312356072549972e-08,0.00023124692333282497,0.8556173094103279
36,0.8394024501161274,,1.1358045373774466,1.4599124115715836,6.185640050398081,COMPLETE,banco,xgboost,,8.0,,,,571.0,,0.06993135290835992,,,0.7017738436618495,1.0484062463637862,1.5546441261238122e-06,3.467084088655206e-08,0.7430695270513733
37,0.7014233719652955,,1.3939339251656993,1.9906057198727007,7.9211646611782625,COMPLETE,banco,xgboost,,6.0,,,,560.0,,0.0644021233861887,,,0.6976227829371934,3.550663238035675,1.6217449156014064e-06,2.920230466645832e-08,0.9773103894483848
38,0.5160422420760181,,1.7825718500508407,2.534317784038496,9.833737605931102,COMPLETE,banco,xgboost,,9.0,,,,568.0,,0.19625606741961818,,,0.7209571421469917,15.5808894171636,1.1743575175955018e-07,3.338397862349074e-07,0.7068147235476102
39,0.8187245596977003,,1.2009237917136437,1.5510536764611482,6.6147464141132675,COMPLETE,banco,xgboost,,6.0,,,,346.0,,0.02948208993334051,,,0.6765480416692093,2.3548494694789746,7.73618530083141e-06,2.2268538318022367e-07,0.6522981105744025
40,0.6315764900455363,,1.4904774797514293,2.2112151996806975,8.36170251721911,COMPLETE,banco,xgboost,,5.0,,,,350.0,,0.02769201624566425,,,0.6627068672763262,5.824677305228794,7.703681668328635e-06,1.641340433849963e-07,0.5858565348066639
41,0.8095233048405488,,1.2112864395107434,1.589930961957945,6.742598555552153,COMPLETE,banco,xgboost,,6.0,,,,273.0,,0.02538192006147794,,,0.6541314286415012,2.292198003154607,1.5130901585212298e-06,1.1960425423687562e-06,0.6635143978076876
42,0.7906826659221028,,1.2991676659490194,1.666709613966053,7.050283905048022,COMPLETE,banco,xgboost,,7.0,,,,306.0,,0.10314829031531267,,,0.603493900973769,2.0188064342021157,5.133865300566237e-05,1.0429102838931016e-08,0.6479497693108335
43,0.6253689417012651,,1.6296261542550676,2.2297657112360385,9.067466481777268,COMPLETE,banco,xgboost,,6.0,,,,404.0,,0.08266445366873414,,,0.7144751671545347,3.004925537129651,9.269105813684524e-06,4.949173442401623e-08,0.6931070826098459
44,0.575259953320919,,1.6224074934145998,2.3742090076750846,8.81011969263563,COMPLETE,banco,xgboost,,8.0,,,,483.0,,0.2484097525619855,,,0.7451748131815722,4.151976175466684,1.5315804973051624e-06,2.3721673741371855e-07,0.7288771420907677
45,0.8389772152154569,,1.1156104406595961,1.4618439332730093,6.158966701945048,COMPLETE,banco,xgboost,,5.0,,,,409.0,,0.015869541149261857,,,0.6854298029328951,1.8555367073653821,3.501400656792018e-08,2.8251008465986165e-08,0.5733023578229737
46,0.7975966176343589,,1.2498658719964881,1.6389519676414304,7.009375994136609,COMPLETE,banco,xgboost,,4.0,,,,327.0,,0.0113865203554188,,,0.6807773539311038,2.8164713920372972,3.0472775899270285e-08,6.270890636957128e-06,0.5751394562784736
47,0.8424517265549643,,1.1053148910463764,1.445986263215312,6.075608994751896,COMPLETE,banco,xgboost,,5.0,,,,422.0,,0.013391294297700402,,,0.652681805324208,1.7418628908657041,1.9875856191751764e-07,7.310415814071295e-07,0.6063443784025696
48,0.672886338995009,,1.4230930456433082,2.083563227085302,8.085380722306818,COMPLETE,banco,xgboost,,4.0,,,,414.0,,0.010594072248507454,,,0.6533805278782504,4.86321051437045,1.8065702605437495e-07,6.325787328336322e-05,0.5518554008300904
49,0.842360860751844,,1.1044218988588934,1.4464031886465896,6.059040854817031,COMPLETE,banco,xgboost,,5.0,,,,440.0,,0.013640009305352016,,,0.592752794676131,1.6281029303444443,5.8940789581087327e-08,2.7907213793957103e-08,0.6116614064802881
50,0.5480959894741999,,1.4420922687647268,2.4489529472739937,8.14821115048476,COMPLETE,banco,xgboost,,5.0,,,,390.0,,0.015030121501906715,,,0.5886845328147475,16.708135146283603,1.1131926763190767e-08,5.81417462294174e-07,0.6161968425484503
51,0.8383546252465701,,1.1487083609759654,1.4646672955678213,6.267884594172626,COMPLETE,banco,xgboost,,5.0,,,,464.0,,0.006890927634535157,,,0.5535473709919068,1.7215709681766804,7.050656618736391e-08,2.808858812776843e-08,0.5875934650974799
52,0.8355232481088601,,1.1539808420968103,1.4774391519256838,6.292298922479612,COMPLETE,banco,xgboost,,5.0,,,,464.0,,0.006624114379671046,,,0.5511890575363269,1.7503983619167174,3.984213488108141e-07,2.8431968939834055e-08,0.5742196373103774
53,0.677875865868236,,1.4434052789720437,2.067611672269016,8.204226372606726,COMPLETE,banco,xgboost,,5.0,,,,446.0,,0.007339686730843745,,,0.5579845352168233,3.822592451985812,3.609900394819561e-07,2.732499006189035e-08,0.5733572071263883
54,0.8016262405736729,,1.2555631565862608,1.6225551044977564,6.973588449518371,COMPLETE,banco,xgboost,,4.0,,,,526.0,,0.007108268572327418,,,0.58049431499542,2.010282338952542,4.6430131249071605e-08,1.0040653091085018e-07,0.6052542944769645
55,0.781244693228354,,1.2568477067068977,1.703870727509387,7.075817033068123,COMPLETE,banco,xgboost,,5.0,,,,521.0,,0.005396170921324239,,,0.5998842295702066,2.8900056323884167,2.9216980458133916e-08,3.7182899283490354e-08,0.5737143718560561
56,0.8431241511238123,,1.1079482480992349,1.4428971897417568,6.097366300409824,COMPLETE,banco,xgboost,,4.0,,,,474.0,,0.013138920005448917,,,0.5611768809661509,1.9918207625961646,5.649269694525335e-07,7.981249965402932e-07,0.6314209904000236
57,0.5896241600332477,,1.4400719024298065,2.3337172451286503,8.19879046604213,COMPLETE,banco,xgboost,,3.0,,,,422.0,,0.013601879527894618,,,0.6205616087791371,9.277939935279836,1.3324437756984326e-07,9.469697219190112e-07,0.630977033560201
58,0.6418734187554818,,1.2834541028844526,2.1800960175024975,7.376145181938037,COMPLETE,banco,xgboost,,4.0,,,,371.0,,0.008987112587490667,,,0.5833960859131474,6.520154999573847,1.066923648103265e-06,9.491230101064545e-08,0.6169117024501656
59,0.6408611082989184,,1.5430584298832668,2.1831750637598013,8.752477266604384,COMPLETE,banco,xgboost,,3.0,,,,474.0,,0.019937739359234315,,,0.5739545704899152,3.329810715748672,0.8980992068116189,4.499032678034225e-05,0.6412525266333926
60,0.8390746378512028,,1.1159751088044143,1.4614016410933215,6.141573400249683,COMPLETE,banco,xgboost,,4.0,,,,532.0,,0.013425887987484474,,,0.6042023115817916,1.554986544976816,2.3869733248799145e-07,2.666292872651207e-06,0.6843372480403265
61,0.8379294475207402,,1.1333040140081048,1.4665922963474574,6.216314693344635,COMPLETE,banco,xgboost,,4.0,,,,525.0,,0.01245186020112868,,,0.6121033594445603,1.0285648427435485,2.2969015644668314e-07,2.2252389661655433e-06,0.6004621800984447
62,0.8424751766059343,,1.1335512486814043,1.4458786463157716,6.185686846250904,COMPLETE,banco,xgboost,,5.0,,,,430.0,,0.009480830965874194,,,0.6418468155505939,1.7525791060213913,5.622092070431537e-07,7.493236709860188e-06,0.679148956023899
63,0.5427258720170272,,1.4145567276703168,2.4634608131494327,7.999718880601763,COMPLETE,banco,xgboost,,4.0,,,,579.0,,0.00945325909641889,,,0.6340867814511576,19.411286318258025,7.204974186621636e-07,5.016091024428475e-06,0.6845762771890871
64,0.8255584698934453,,1.1967645143112995,1.5215361908853235,6.587064496431454,COMPLETE,banco,xgboost,,3.0,,,,537.0,,0.0168652432555704,,,0.6360593821786334,2.7745415216403027,2.8326430924056494e-06,8.943922234906947e-07,0.678989418422203
65,0.6571787167272729,,1.4756845228588835,2.133001845781704,8.298022091408901,COMPLETE,banco,xgboost,,5.0,,,,493.0,,0.01407558354792232,,,0.7009669801150701,4.458658727623654,2.058341392623974e-08,1.0778440313546052e-05,0.6565411783976605
66,0.8382627118040848,,1.1427085347667736,1.4650836498305984,6.256169801567761,COMPLETE,banco,xgboost,,4.0,,,,399.0,,0.00809077491974773,,,0.6010210657961936,1.6302189562021958,5.949832356360765e-07,2.1848999676648293e-05,0.7570430488218222
67,0.8078571505242222,,1.2345525757402367,1.5968696126079287,6.86440144992195,COMPLETE,banco,xgboost,,5.0,,,,588.0,,0.01014640990271941,,,0.6493320822448228,2.4104811069577394,4.8337440778721e-08,4.421367936336599e-07,0.6298996580056836
68,0.6163544548953679,,1.6189035141529908,2.2564328976801242,9.131241812118088,COMPLETE,banco,xgboost,,2.0,,,,443.0,,0.02274314803630499,,,0.5917372365958372,3.6973452393665553,1.301028870636981e-07,1.52245507645631e-06,0.7080187544512833
69,0.8385969220776099,,1.1343105727725693,1.4635691591931856,6.203193496042731,COMPLETE,banco,xgboost,,6.0,,,,505.0,,0.012058442734663158,,,0.567839682616704,1.45935918893445,2.6200687289119855e-07,5.028701544615466e-06,0.6191431899302421
70,0.8207282752827604,,1.1937361505407502,1.5424576240333019,6.592754232688777,COMPLETE,banco,xgboost,,3.0,,,,546.0,,0.016214883229775996,,,0.6870270408232593,2.4657401011931293,2.1954352410313923e-06,1.7229351961858466e-07,0.745829731133665
71,0.8440319357547742,,1.1142577725591607,1.4387163668205833,6.109064865007625,COMPLETE,banco,xgboost,,6.0,,,,441.0,,0.011844807057639909,,,0.5657359789316534,1.4337800713016198,3.175135157244994e-07,4.416374250402696e-06,0.6165102344833604
72,0.841094477610438,,1.120868876999755,1.4522013572199168,6.1432797208146,COMPLETE,banco,xgboost,,6.0,,,,424.0,,0.013042198471757808,,,0.6119017273734055,1.1173607224907642,4.4871443382972043e-07,2.7669630857234564e-05,0.6386796491938989
73,0.8387377897945383,,1.127999981930902,1.4629303403646552,6.203414417812182,COMPLETE,banco,xgboost,,6.0,,,,422.0,,0.013309639422056074,,,0.6147987639052714,1.030716363583941,4.802066199710366e-07,0.000309413276334504,0.6754743542441877
74,0.6241790870226543,,1.5505983866673287,2.2333038507439356,8.66665335615165,COMPLETE,banco,xgboost,,6.0,,,,626.0,,0.01827549506615891,,,0.5754796468924321,3.0940253704704994,1.029787852040277e-06,0.0001355909261300571,0.6411854869692579
75,0.8404636517286727,,1.140437769881227,1.4550809891369525,6.2318451623682325,COMPLETE,banco,xgboost,,6.0,,,,381.0,,0.009872545195816039,,,0.6241819294957133,1.5149296952218994,1.1663936994650779e-07,2.5510339583853887e-05,0.7132204991441473
76,0.813212641454671,,1.2179867407309157,1.5744580125487546,6.728189291989195,COMPLETE,banco,xgboost,,7.0,,,,378.0,,0.008070137076154765,,,0.6397424742890174,2.4904134635461936,9.729885775665244e-08,4.279116419458171e-05,0.7173199823018652
77,0.8412791347864077,,1.1286024462530764,1.451357342024872,6.175053796760024,COMPLETE,banco,xgboost,,6.0,,,,319.0,,0.010332406227702706,,,0.6276121203673058,1.0022779168595104,8.988631997570326e-07,2.147942644905011e-05,0.6604430067427398
78,0.5460290331412541,,1.2675775517808834,2.454547170575797,7.318774869670948,COMPLETE,banco,xgboost,,6.0,,,,303.0,,0.0059649001615047015,,,0.6234238195751016,12.855544977219202,4.1110436809139484e-07,2.505066284574413e-05,0.9337262266849765
79,0.6832278714670735,,1.4255618429086285,2.0503633229071303,8.13398050351103,COMPLETE,banco,xgboost,,6.0,,,,245.0,,0.010578985280579722,,,0.5916968568656358,3.3240654804338776,1.7574104963931308e-08,8.45285370760908e-06,0.6514106406504756
0,0.9010918759743477,0.041858227295469716,0.42713198764142174,0.5334555124802727,2.0008661833489163,COMPLETE,rango,ridge,,,,,,,,,,,,,,,
1,-0.18943936504628023,451.85609510240965,1.6272755784527102,1.849921835907002,7.40152231532491,COMPLETE,rango,ridge,,,,,,,,,,,,,,,
2,0.8352771872359455,13.3032451015229,0.5544764625051078,0.6884289097191858,2.486745183469234,COMPLETE,rango,ridge,,,,,,,,,,,,,,,
3,0.8897828271255855,1.55099139875943,0.43335553289645556,0.5631276582134352,2.0107342597456963,COMPLETE,rango,ridge,,,,,,,,,,,,,,,
4,0.855000532061529,0.0012363188277052211,0.529110473685708,0.6459002151821214,2.506138217373039,COMPLETE,rango,ridge,,,,,,,,,,,,,,,
5,0.854998928460219,0.0012358382772306934,0.5291132132570318,0.6459037867937357,2.5061515223146493,COMPLETE,rango,ridge,,,,,,,,,,,,,,,
6,0.8515783414657074,0.00025502648504032837,0.5353211253998755,0.6534778402908664,2.536036859940696,COMPLETE,rango,ridge,,,,,,,,,,,,,,,
7,0.8398488676806712,115.67327199145953,0.5742470037312051,0.678808437207822,2.6277955100094865,COMPLETE,rango,ridge,,,,,,,,,,,,,,,
8,0.8922759990413731,1.6136341713591311,0.42914179928628127,0.5567221009936213,1.9916086679633676,COMPLETE,rango,ridge,,,,,,,,,,,,,,,
9,0.8781217176952572,9.047071957568372,0.4766743353924213,0.5921686168094454,2.142488610211388,COMPLETE,rango,ridge,,,,,,,,,,,,,,,
10,0.901081794862948,0.04181541491912686,0.42718121578190144,0.5334826977467799,2.001109396168868,COMPLETE,rango,ridge,,,,,,,,,,,,,,,
11,0.9015222298544443,0.04384978187324618,0.42486925224075356,0.5322937023701774,1.9896926077836459,COMPLETE,rango,ridge,,,,,,,,,,,,,,,
12,0.8965800977935108,0.029837668744492403,0.4424887443374681,0.545486850930091,2.076750156179902,COMPLETE,rango,ridge,,,,,,,,,,,,,,,
13,0.9026506825310727,0.06379392055618104,0.41144024662646245,0.5292351494568177,1.920057337584581,COMPLETE,rango,ridge,,,,,,,,,,,,,,,
14,0.8717284363934381,0.21008469056904142,0.4767325305348581,0.607501590475213,2.1906270251270112,COMPLETE,rango,ridge,,,,,,,,,,,,,,,
15,0.8805692768259893,0.012704388363708415,0.4814839375810745,0.5861924977652038,2.2727184274669567,COMPLETE,rango,ridge,,,,,,,,,,,,,,,
16,0.8684945688486302,0.006139092984144988,0.5041288980304627,0.6151118159452266,2.3849277501093598,COMPLETE,rango,ridge,,,,,,,,,,,,,,,
17,0.8470721222039406,0.49615244270868225,0.5123586058423525,0.6633237630129081,2.3557598520187777,COMPLETE,rango,ridge,,,,,,,,,,,,,,,
18,0.8590004929294283,0.290074872452448,0.49770931909176774,0.6369289984045595,2.2853722929964406,COMPLETE,rango,ridge,,,,,,,,,,,,,,,
19,0.8510965388700349,0.00012366224519985973,0.5362138157400489,0.6545376324543603,2.5403163683018364,COMPLETE,rango,ridge,,,,,,,,,,,,,,,
20,0.8575016071673298,0.002011210892130489,0.5247802362976022,0.6403054642099426,2.485110945161693,COMPLETE,rango,ridge,,,,,,,,,,,,,,,
21,0.9020680195667186,0.07100665143404737,0.4113342643936037,0.5308165970257455,1.9156508459910893,COMPLETE,rango,ridge,,,,,,,,,,,,,,,
22,0.8881747482289332,0.1372578996602582,0.44154726676107636,0.5672208250477192,2.033903933935617,COMPLETE,rango,ridge,,,,,,,,,,,,,,,
23,0.8680981752136568,0.0059657679605404365,0.5049280756373791,0.6160381767156388,2.388801102223912,COMPLETE,rango,ridge,,,,,,,,,,,,,,,
24,0.8759226500396154,1.2412246846430954,0.4570333001038013,0.5974870262872926,2.1170462963138483,COMPLETE,rango,ridge,,,,,,,,,,,,,,,
25,0.897044589351597,0.10006451740503303,0.42230793271341555,0.544260495227041,1.953522046341046,COMPLETE,rango,ridge,,,,,,,,,,,,,,,
26,0.9036892395278843,6.759444558919111,0.4259921071910189,0.5264045457364467,1.922444636086049,COMPLETE,rango,ridge,,,,,,,,,,,,,,,
27,0.9077580677383702,6.375578705586918,0.41888670029872166,0.5151650844593556,1.8928231575535568,COMPLETE,rango,ridge,,,,,,,,,,,,,,,
28,0.8673100017872647,10.033595827430693,0.4976909462625954,0.6178759895829171,2.2347942506273673,COMPLETE,rango,ridge,,,,,,,,,,,,,,,
29,0.7627987957461038,34.48768022567448,0.6638406716483253,0.8261153078920925,2.9693857961182473,COMPLETE,rango,ridge,,,,,,,,,,,,,,,
30,0.9254758928898662,3.7241067469789724,0.3696370896670481,0.4630529076241401,1.7015942557186212,COMPLETE,rango,ridge,,,,,,,,,,,,,,,
31,0.7714834365030772,45.21247249964715,0.6526848049212861,0.8108510195157156,2.916527243818394,COMPLETE,rango,ridge,,,,,,,,,,,,,,,
32,0.9247064287859076,3.344306551182493,0.36724509272103095,0.4654372877444829,1.6972981712804758,COMPLETE,rango,ridge,,,,,,,,,,,,,,,
33,0.9254703293103483,3.704830996886928,0.3694194010937092,0.4630701918539835,1.7009464321021537,COMPLETE,rango,ridge,,,,,,,,,,,,,,,
34,0.12775267902251997,365.919609550643,1.3589536149823636,1.5841709570985156,6.241944189990592,COMPLETE,rango,ridge,,,,,,,,,,,,,,,
35,0.9218886995026812,2.921264383126211,0.36884269319510743,0.47406638242533883,1.7115943966972917,COMPLETE,rango,ridge,,,,,,,,,,,,,,,
36,0.9153662164446047,2.4414551529325235,0.38083277938409904,0.4934624414683991,1.7709134220129499,COMPLETE,rango,ridge,,,,,,,,,,,,,,,
37,0.8481072432410858,0.6202666706757616,0.5087988319748631,0.661075035638661,2.3434772789236282,COMPLETE,rango,ridge,,,,,,,,,,,,,,,
38,0.9246209685803628,3.323612026953534,0.36731988621732925,0.4657013546842639,1.6979670690487823,COMPLETE,rango,ridge,,,,,,,,,,,,,,,
39,0.7975156659942206,61.2290498351088,0.6133120988072275,0.7632695534728721,2.7393559739370796,COMPLETE,rango,ridge,,,,,,,,,,,,,,,
40,0.7811144637857874,22.32643446501228,0.6394649342101051,0.7935800788678412,2.865308711152405,COMPLETE,rango,ridge,,,,,,,,,,,,,,,
41,0.9187072904492561,2.650272448003613,0.37323613120015586,0.4836242001872808,1.734838315440561,COMPLETE,rango,ridge,,,,,,,,,,,,,,,
42,0.9243481596109165,4.290043210423001,0.37952830212190886,0.46654331802870985,1.737015474677969,COMPLETE,rango,ridge,,,,,,,,,,,,,,,
43,0.9236371564371115,4.452020479481322,0.3823301175556478,0.46873056177547895,1.7472352058523501,COMPLETE,rango,ridge,,,,,,,,,,,,,,,
44,0.8647867643457734,1.0174844937543979,0.4777068690841003,0.6237230985205183,2.209274510524486,COMPLETE,rango,ridge,,,,,,,,,,,,,,,
45,0.7925936227107238,19.619011952521117,0.6231788565383714,0.7724907323252763,2.793168815872016,COMPLETE,rango,ridge,,,,,,,,,,,,,,,
46,0.7931357953245678,157.6692047775816,0.6243046833828033,0.7714804032539325,2.9094427883386937,COMPLETE,rango,ridge,,,,,,,,,,,,,,,
47,0.8485216491408277,0.6375341900006707,0.507720190983146,0.6601726209630605,2.3391203331495274,COMPLETE,rango,ridge,,,,,,,,,,,,,,,
48,0.8347388865554478,13.364861700791327,0.5554236118171918,0.6895528569136731,2.4909704499797187,COMPLETE,rango,ridge,,,,,,,,,,,,,,,
49,0.9235658269600683,4.466644972252888,0.3825790145806108,0.4689494280479987,1.748143866144752,COMPLETE,rango,ridge,,,,,,,,,,,,,,,
50,0.8401461331656928,99.86982851457037,0.5656596041647531,0.6781781574210838,2.5655409833468283,COMPLETE,rango,ridge,,,,,,,,,,,,,,,
51,0.9251334609741619,3.473868293543823,0.3673460140596524,0.4641155326627154,1.695608113085141,COMPLETE,rango,ridge,,,,,,,,,,,,,,,
52,0.9180557600822528,2.605178493642944,0.3746085231037296,0.48555836518313006,1.7414292936263718,COMPLETE,rango,ridge,,,,,,,,,,,,,,,
53,0.8697155264420212,1.1154342843317306,0.4687768780691979,0.6122496649566834,2.169467759820934,COMPLETE,rango,ridge,,,,,,,,,,,,,,,
54,0.8182194879628839,15.419572676704448,0.5832947609279796,0.7231957847256643,2.6153129066535192,COMPLETE,rango,ridge,,,,,,,,,,,,,,,
55,0.851857900696238,0.3648284279003514,0.5067793204978551,0.6528621219737424,2.3270816526069873,COMPLETE,rango,ridge,,,,,,,,,,,,,,,
56,0.9177903262526131,5.3185443135112696,0.3975154670329322,0.4863441398467197,1.8046461731782506,COMPLETE,rango,ridge,,,,,,,,,,,,,,,
57,0.9005354463574796,1.845318194102753,0.41414032245954224,0.534953944222473,1.9233879250812498,COMPLETE,rango,ridge,,,,,,,,,,,,,,,
58,0.8749849151891378,0.19409111924835104,0.47013800679989043,0.59974057932782,2.1609425184741644,COMPLETE,rango,ridge,,,,,,,,,,,,,,,
59,0.7653084099504172,29.327193790836454,0.6608942307046227,0.8217334927341751,2.9586187085940536,COMPLETE,rango,ridge,,,,,,,,,,,,,,,
60,0.8580490792592348,0.8808704393588321,0.4891038871275472,0.6390742688545004,2.2598207680409383,COMPLETE,rango,ridge,,,,,,,,,,,,,,,
61,0.9243267998199126,4.295464920148765,0.37962344835122086,0.4666091760726699,1.7373622559554447,COMPLETE,rango,ridge,,,,,,,,,,,,,,,
62,0.8705822863593311,9.731106022769179,0.49144978034337533,0.6102096711561054,2.207300611973859,COMPLETE,rango,ridge,,,,,,,,,,,,,,,
63,0.9254763717717178,3.7683968415395253,0.3701344377554916,0.46305141986401355,1.7030755454303155,COMPLETE,rango,ridge,,,,,,,,,,,,,,,
64,0.8907439887559483,1.574814311422057,0.4317530058278715,0.5606668715667381,2.0034622581995905,COMPLETE,rango,ridge,,,,,,,,,,,,,,,
65,0.9014628849218695,6.964323857966422,0.42961739981832914,0.5324540643290857,1.9375750786349004,COMPLETE,rango,ridge,,,,,,,,,,,,,,,
66,0.8449658563406139,12.239379319655269,0.5375949895244028,0.6678760997014417,2.4115866376434485,COMPLETE,rango,ridge,,,,,,,,,,,,,,,
67,0.8546458928373015,0.33045274840311,0.5032180811550648,0.6466896031226922,2.3104699450687027,COMPLETE,rango,ridge,,,,,,,,,,,,,,,
68,0.9250730801867583,3.4516481139459523,0.3672431693403454,0.4643026523933269,1.6955235260207095,COMPLETE,rango,ridge,,,,,,,,,,,,,,,
69,0.9017327705692236,1.8828459377852742,0.4117771399469005,0.5317243888067547,1.9126235038873531,COMPLETE,rango,ridge,,,,,,,,,,,,,,,
70,0.8514930131639724,0.7300670153775699,0.5004555162398643,0.6536656570252768,2.3090061298288624,COMPLETE,rango,ridge,,,,,,,,,,,,,,,
71,0.9254492629352554,3.6663240765870984,0.3689822512384741,0.4631356323759737,1.699646475028451,COMPLETE,rango,ridge,,,,,,,,,,,,,,,
72,0.8891833648616273,8.063148035248243,0.4535366070154794,0.564656984392941,2.0415535784878203,COMPLETE,rango,ridge,,,,,,,,,,,,,,,
73,0.925235865511047,3.516912358127746,0.3675439457896513,0.46379800897123225,1.6957716136931127,COMPLETE,rango,ridge,,,,,,,,,,,,,,,
74,0.8783102896917776,1.2911141207473666,0.4526709151359794,0.5917103331731286,2.0976081024615034,COMPLETE,rango,ridge,,,,,,,,,,,,,,,
75,0.8470306988272146,0.5012614307381437,0.5123945718052676,0.6634135937556808,2.356081856333275,COMPLETE,rango,ridge,,,,,,,,,,,,,,,
76,0.9019618965403465,1.8901672929128808,0.4113176377068773,0.5311041262417961,1.9105299315223183,COMPLETE,rango,ridge,,,,,,,,,,,,,,,
77,0.7669570069770897,28.052902171879197,0.658576625753605,0.8188422625257213,2.948733500556065,COMPLETE,rango,ridge,,,,,,,,,,,,,,,
78,0.9241223496715151,3.220894302515046,0.36769660116879,0.4672390818143188,1.7013343866738928,COMPLETE,rango,ridge,,,,,,,,,,,,,,,
79,0.7783918123283512,49.88338761514473,0.6420616208645734,0.7985003777750733,2.8675887519593943,COMPLETE,rango,ridge,,,,,,,,,,,,,,,
0,0.9032606240280252,0.0074593432857265485,0.42619733445879554,0.5275745846622344,1.9575455185136068,COMPLETE,rango,elasticnet,0.9056428757689245,,,,,,,,,,,,,,
1,0.8161642089463146,0.4570563099801455,0.6277964030068659,0.7272726555814504,2.882235141886629,COMPLETE,rango,elasticnet,0.588792635777333,,,,,,,,,,,,,,
2,0.9022504252251496,0.0006026889128682511,0.4178262724540325,0.5303220237619245,1.9546824515540044,COMPLETE,rango,elasticnet,0.19039506830258235,,,,,,,,,,,,,,
3,0.8844726398914373,0.00019517224641449495,0.4729089520968983,0.5765336356925195,2.233570592596738,COMPLETE,rango,elasticnet,0.8295585311974416,,,,,,,,,,,,,,
4,0.564970963496181,0.10129197956845731,1.0001704989515998,1.1187713793046292,4.651858359034566,COMPLETE,rango,elasticnet,0.6872653200164409,,,,,,,,,,,,,,
5,0.8744193558530192,0.00012674255898937226,0.49112921763475165,0.6010956403314427,2.3244314312906034,COMPLETE,rango,elasticnet,0.9229188669457948,,,,,,,,,,,,,,
6,0.6570527109020222,1.452824663751602,0.7686553403784024,0.9933353979535342,3.6040669388445328,COMPLETE,rango,elasticnet,0.24110519961044852,,,,,,,,,,,,,,
7,0.9017530444099615,0.0008111941985431928,0.41284687090975036,0.5316695350588965,1.9239341766273497,COMPLETE,rango,elasticnet,0.21506405886809044,,,,,,,,,,,,,,
8,0.8542432020194377,0.0033205591037519565,0.5014660339112254,0.6475847819888855,2.2974782625427004,COMPLETE,rango,elasticnet,0.522280788469014,,,,,,,,,,,,,,
9,0.9175086077336139,0.01444525102276306,0.3898199625940403,0.48717673634016084,1.797908064424085,COMPLETE,rango,elasticnet,0.3121062261782377,,,,,,,,,,,,,,
10,0.887512564961566,0.04053834553028507,0.4818385144597216,0.5688977706846119,2.198972096295722,COMPLETE,rango,elasticnet,0.3744314479323736,,,,,,,,,,,,,,
11,0.8508080335214282,0.006281794940963532,0.5029194649091489,0.655171419691854,2.315232479415927,COMPLETE,rango,elasticnet,0.06551926031976962,,,,,,,,,,,,,,
12,0.881044074793496,0.008838418082097649,0.44459879815628117,0.5850261304802286,2.048499473131359,COMPLETE,rango,elasticnet,0.38583020689477593,,,,,,,,,,,,,,
13,0.5994215699585,0.13338909781875083,0.9526033725861929,1.0735592171646622,4.412320081437098,COMPLETE,rango,elasticnet,0.6981507649354339,,,,,,,,,,,,,,
14,-4.802210300406053,5.430119434848277,3.7576919214587736,4.085817439179103,16.100191690044422,COMPLETE,rango,elasticnet,0.3916438190782011,,,,,,,,,,,,,,
15,0.9131912127135843,0.02022643837430259,0.42604271909817737,0.49976296497110173,1.947011028566565,COMPLETE,rango,elasticnet,0.7481465341598608,,,,,,,,,,,,,,
16,0.9101139346031095,0.022013992067404408,0.43674117347286323,0.508543854090351,1.9954416892249878,COMPLETE,rango,elasticnet,0.7189184742520933,,,,,,,,,,,,,,
17,0.8933312940104017,0.0014428051314247258,0.42940654513659293,0.55398848563276,1.9821416557667277,COMPLETE,rango,elasticnet,0.5381018473149289,,,,,,,,,,,,,,
18,0.8482100415202554,0.033722967191180835,0.559059165970882,0.6608512959439903,2.561542804634989,COMPLETE,rango,elasticnet,0.8075483236841248,,,,,,,,,,,,,,
19,0.6951375295415231,0.2920304343846599,0.8210421411965745,0.9365569849353633,3.773105196501865,COMPLETE,rango,elasticnet,0.3057529130341303,,,,,,,,,,,,,,
20,0.9181605849348494,0.020847510702835057,0.38050757598215046,0.48524769739139795,1.764046528721094,COMPLETE,rango,elasticnet,0.07373127596522683,,,,,,,,,,,,,,
21,0.9210011663462003,0.022055966549515135,0.37336943236465636,0.4767520449938191,1.7312000172878892,COMPLETE,rango,elasticnet,0.07616686772010013,,,,,,,,,,,,,,
22,0.9040684421335077,0.064681327113543,0.4335405766615062,0.5253672221484299,1.9592486691528714,COMPLETE,rango,elasticnet,0.08022729644102494,,,,,,,,,,,,,,
23,0.851212201796685,0.0031273522971813667,0.5115671899218105,0.6542833722622425,2.3451065735979415,COMPLETE,rango,elasticnet,0.13352471390355578,,,,,,,,,,,,,,
24,0.9045649704568073,0.014360938384159354,0.40808148909441466,0.5240058446650974,1.8863809857736737,COMPLETE,rango,elasticnet,0.15582246421938392,,,,,,,,,,,,,,
25,0.6308540042769719,0.1758127854204071,0.9139282559951027,1.0305790407581201,4.225900744936037,COMPLETE,rango,elasticnet,0.2956424495746496,,,,,,,,,,,,,,
26,0.8623722780964338,0.0025709265319273354,0.49430901575577213,0.6292673309960465,2.2682411154532787,COMPLETE,rango,elasticnet,0.10079031430400667,,,,,,,,,,,,,,
27,0.8446308153749971,0.6332236522587709,0.5870418799343293,0.668597376591275,2.692378473606127,COMPLETE,rango,elasticnet,0.2785449640782746,,,,,,,,,,,,,,
28,0.9193832620868719,0.053734230729726815,0.39650151431217967,0.48160926745393057,1.7972472062540643,COMPLETE,rango,elasticnet,0.05677089823673908,,,,,,,,,,,,,,
29,0.9171306575857545,0.055901288045430715,0.40151090677979856,0.4882915077800247,1.8182575977887467,COMPLETE,rango,elasticnet,0.05121589754275854,,,,,,,,,,,,,,
30,0.7598984348636626,1.4199533830879367,0.6387672523250051,0.8311505956366834,2.999028795030688,COMPLETE,rango,elasticnet,0.15523978091616633,,,,,,,,,,,,,,
31,0.8863709474406355,0.011913327527919097,0.43652012829079134,0.5717773107196087,2.0176640087976985,COMPLETE,rango,elasticnet,0.12653017032163655,,,,,,,,,,,,,,
32,0.8703796871356606,0.06493138856192554,0.5093849749847047,0.6106871160749834,2.3088716508900764,COMPLETE,rango,elasticnet,0.1995633337026461,,,,,,,,,,,,,,
33,0.8463487143082116,0.005422831830834223,0.512835024783435,0.6648908007547418,2.3576474072473785,COMPLETE,rango,elasticnet,0.05164097536273915,,,,,,,,,,,,,,
34,0.9196466614689216,0.024138582540094006,0.4065056574531119,0.48082184181948684,1.8552564447498656,COMPLETE,rango,elasticnet,0.45497087591003527,,,,,,,,,,,,,,
35,0.6690444793959871,0.24862225894383236,0.8607479382399956,0.9758139892171434,3.963599411631133,COMPLETE,rango,elasticnet,0.46203432051791643,,,,,,,,,,,,,,
36,0.5919863298228207,0.0898493442818741,0.959990839597077,1.0834767139828145,4.455053316396246,COMPLETE,rango,elasticnet,0.6281258505255457,,,,,,,,,,,,,,
37,0.9332981424270104,0.030927988063308782,0.3584495755624945,0.4380777433151179,1.6416453882371993,COMPLETE,rango,elasticnet,0.1719298486110723,,,,,,,,,,,,,,
38,0.8467818413042942,0.6268480379000266,0.5746533089463882,0.6639530103924842,2.6501950787504267,COMPLETE,rango,elasticnet,0.452933862017341,,,,,,,,,,,,,,
39,0.8951931836947842,0.00032110828907444815,0.4472937172541336,0.5491322994613501,2.1016795784122815,COMPLETE,rango,elasticnet,0.24136732663727684,,,,,,,,,,,,,,
40,0.8461011552396948,0.00527170464931656,0.5102685846482705,0.6654262128086588,2.3421655598160536,COMPLETE,rango,elasticnet,0.18272592689421063,,,,,,,,,,,,,,
41,0.9286940282360229,0.02553534538905744,0.35524828622604854,0.4529446938333196,1.6435768448217432,COMPLETE,rango,elasticnet,0.10076427205402215,,,,,,,,,,,,,,
42,0.9312140975696296,0.03705107159957153,0.36493041146041716,0.4448687960615179,1.6667714482260128,COMPLETE,rango,elasticnet,0.11367294346683382,,,,,,,,,,,,,,
43,0.9297844531902668,0.03185286906555789,0.37426743153748543,0.4494680917050278,1.7068191407088682,COMPLETE,rango,elasticnet,0.23880423350711438,,,,,,,,,,,,,,
44,0.92329893410642,0.03784553014612227,0.398341284679361,0.46976745340669124,1.8126614402924366,COMPLETE,rango,elasticnet,0.22715613652496808,,,,,,,,,,,,,,
45,0.7436067164260614,0.1111831672181552,0.732060233292236,0.858886046168011,3.3452076560241406,COMPLETE,rango,elasticnet,0.2513539778667021,,,,,,,,,,,,,,
46,0.906970877440378,0.03608463446247329,0.4408351964420475,0.5173586173607325,2.0117533453174734,COMPLETE,rango,elasticnet,0.34920417734016596,,,,,,,,,,,,,,
47,0.8696280474492987,0.009285656572433545,0.4624335040144836,0.6124551767688279,2.132918326272874,COMPLETE,rango,elasticnet,0.19635545015367328,,,,,,,,,,,,,,
48,0.8553875094372796,0.0849236547239564,0.5341725589774485,0.6450377438787585,2.4132987182558203,COMPLETE,rango,elasticnet,0.1287120760241243,,,,,,,,,,,,,,
49,0.6796507682977164,0.1774844971222781,0.834118309383061,0.9600504782257481,3.8254606894568757,COMPLETE,rango,elasticnet,0.22864591585740449,,,,,,,,,,,,,,
50,0.9039508421869089,0.037410322908663536,0.44744861505353967,0.5256891403766818,2.041957602161078,COMPLETE,rango,elasticnet,0.3457293394480161,,,,,,,,,,,,,,
51,0.9040869827403258,0.015188497429035438,0.4083309585397726,0.5253164510674441,1.8896457169668441,COMPLETE,rango,elasticnet,0.10467919673346221,,,,,,,,,,,,,,
52,0.9335613543604817,0.029259637392786985,0.3497037695941711,0.43721254051242764,1.6067691891132625,COMPLETE,rango,elasticnet,0.15188059780506352,,,,,,,,,,,,,,
53,0.8595809392450761,0.008144629847561103,0.48001427003681596,0.635616637927782,2.2129491217774575,COMPLETE,rango,elasticnet,0.1729869806541583,,,,,,,,,,,,,,
54,0.930406016470829,0.030036429666792593,0.37135529061545447,0.44747427485544994,1.6951899025646602,COMPLETE,rango,elasticnet,0.26234982218834013,,,,,,,,,,,,,,
55,0.93275811876369,0.027787824588857216,0.3613216297265293,0.43984752497992124,1.6535747193746355,COMPLETE,rango,elasticnet,0.2602244080619912,,,,,,,,,,,,,,
56,-6.170545371131392,9.574738509612205,4.225084961382631,4.542117020786378,17.891288412685142,COMPLETE,rango,elasticnet,0.27257778156294926,,,,,,,,,,,,,,
57,0.9148982332106239,0.01355769404911403,0.3957241056008123,0.49482486309107193,1.8246574584258726,COMPLETE,rango,elasticnet,0.3368683363965411,,,,,,,,,,,,,,
58,0.558621813376297,0.149315239937437,1.0178567599825392,1.1269059136628066,4.73112583719332,COMPLETE,rango,elasticnet,0.4040269708333992,,,,,,,,,,,,,,
59,0.8452546434290464,0.004317215546315599,0.5145754208726262,0.6672537726075134,2.358554994782267,COMPLETE,rango,elasticnet,0.2672701721912124,,,,,,,,,,,,,,
60,0.8688632747064392,0.0022316266107898323,0.48287575916487696,0.6142489066369239,2.2163668659596123,COMPLETE,rango,elasticnet,0.15334916557667463,,,,,,,,,,,,,,
61,0.9340177781446877,0.02764397530723774,0.3518693699108622,0.43570815921679423,1.615910586977469,COMPLETE,rango,elasticnet,0.2002799827248323,,,,,,,,,,,,,,
62,0.8948355147260504,0.05370835060887365,0.4619039921996618,0.550068499547864,2.097482226169746,COMPLETE,rango,elasticnet,0.21285531134998958,,,,,,,,,,,,,,
63,0.9302815701824875,0.01851356454222277,0.36320745294751877,0.44787417753182707,1.6743105100235542,COMPLETE,rango,elasticnet,0.30009238425145607,,,,,,,,,,,,,,
64,0.9300141020878233,0.018171161688264364,0.36449439756962004,0.4487324683768448,1.6800419565603488,COMPLETE,rango,elasticnet,0.31165297727342856,,,,,,,,,,,,,,
65,0.868103538115782,0.009274234017518623,0.4655644617557224,0.6160256530601306,2.1476069519356327,COMPLETE,rango,elasticnet,0.1785793398306897,,,,,,,,,,,,,,
66,0.8837560933711048,0.011444017727939642,0.4400389171613649,0.578318817038542,2.033348619792924,COMPLETE,rango,elasticnet,0.13772321213408165,,,,,,,,,,,,,,
67,0.6592963226636659,0.07458627885341265,0.8395340325000031,0.9900807928301638,3.883346784816984,COMPLETE,rango,elasticnet,0.9477228456328759,,,,,,,,,,,,,,
68,0.9101516372178099,0.04722110592855353,0.4319623306543909,0.5084371888141751,1.9623994863619352,COMPLETE,rango,elasticnet,0.20812331067389514,,,,,,,,,,,,,,
69,0.9341900572439032,0.023385340864627294,0.35244147129035386,0.4351389720277866,1.6198977041283844,COMPLETE,rango,elasticnet,0.2962150509078036,,,,,,,,,,,,,,
70,0.9154530745470589,0.027900198344203955,0.420950483154449,0.49320916073307663,1.921390869053623,COMPLETE,rango,elasticnet,0.41935728804197925,,,,,,,,,,,,,,
71,0.9322706897341843,0.01930268304048787,0.3591688659330646,0.44143884961036767,1.6545084426274135,COMPLETE,rango,elasticnet,0.3261596532703581,,,,,,,,,,,,,,
72,0.8726290866407282,0.04552283439640885,0.5102078456530725,0.6053650675114096,2.3279223449832283,COMPLETE,rango,elasticnet,0.36371637876483826,,,,,,,,,,,,,,
73,0.8505630321719936,0.006401478350459093,0.4960646610212798,0.6557091565406191,2.2789647301229286,COMPLETE,rango,elasticnet,0.32621086622527873,,,,,,,,,,,,,,
74,0.9312281426241962,0.028613158766336022,0.36725828722422005,0.44482337595888716,1.6781226687909052,COMPLETE,rango,elasticnet,0.27552186019525066,,,,,,,,,,,,,,
75,0.932993185657594,0.020759274997156775,0.3553244128198927,0.4390780334832974,1.6373475330276417,COMPLETE,rango,elasticnet,0.28814973426004253,,,,,,,,,,,,,,
76,0.9029275704867604,0.01219017366448358,0.41358812997910643,0.5284819691061039,1.907577766016368,COMPLETE,rango,elasticnet,0.2954351179738447,,,,,,,,,,,,,,
77,0.9309347583730315,0.017768588519732623,0.36524742296126195,0.445771185788087,1.681660264418776,COMPLETE,rango,elasticnet,0.37463856567463283,,,,,,,,,,,,,,
78,0.7243020212360851,0.1077084890172007,0.7654820004312151,0.8906334784142103,3.507021735252977,COMPLETE,rango,elasticnet,0.2831022548372559,,,,,,,,,,,,,,
79,0.9335577208247064,0.023052737131665973,0.3561656242727717,0.4372244959464383,1.6350359132435326,COMPLETE,rango,elasticnet,0.32162212624288106,,,,,,,,,,,,,,
0,0.25841018081504774,,1.3149027818380812,1.4607103429777353,6.046545656573922,COMPLETE,rango,random_forest,,16.0,0.4514121162875837,9.0,15.0,462.0,,,,,,,,,
1,0.14261062897294163,,1.381430274129764,1.5706205395069854,6.349312899205156,COMPLETE,rango,random_forest,,2.0,0.8102471755674295,11.0,15.0,309.0,,,,,,,,,
2,0.21928031876699705,,1.3361765001519181,1.4987520451996512,6.144537201948341,COMPLETE,rango,random_forest,,16.0,0.4681862286846154,10.0,6.0,214.0,,,,,,,,,
3,0.33172146730310836,,1.2590985833491475,1.3866312391212479,5.79049497304353,COMPLETE,rango,random_forest,,6.0,0.5392989411287272,7.0,11.0,328.0,,,,,,,,,
4,0.5203606384057192,,1.0497850509676583,1.1747342554532831,4.826945616169934,COMPLETE,rango,random_forest,,4.0,0.6464454897410734,4.0,10.0,628.0,,,,,,,,,
5,0.3397700311422768,,1.241760733326616,1.378255841317189,5.7144868323256075,COMPLETE,rango,random_forest,,4.0,0.3801927682679985,7.0,15.0,750.0,,,,,,,,,
6,0.17175847486932194,,1.3745162485842373,1.5436922551580565,6.317214339365569,COMPLETE,rango,random_forest,,4.0,0.9776608214984636,1.0,23.0,625.0,,,,,,,,,
7,0.26144855210195084,,1.3155893567813688,1.4577149299416028,6.049258087316796,COMPLETE,rango,random_forest,,6.0,0.6360991209307408,2.0,17.0,766.0,,,,,,,,,
8,0.22204278698340818,,1.3413055671171836,1.496098132462519,6.168170875721205,COMPLETE,rango,random_forest,,9.0,0.518206988040011,1.0,22.0,285.0,,,,,,,,,
9,0.3393397697869862,,1.250376973209863,1.3787048618644433,5.7518706589941155,COMPLETE,rango,random_forest,,6.0,0.47015539609159257,7.0,14.0,664.0,,,,,,,,,
10,0.5597845882680187,,1.0009427163392328,1.1254205638259522,4.59990988355198,COMPLETE,rango,random_forest,,12.0,0.7660575266039114,4.0,2.0,869.0,,,,,,,,,
11,0.5595316189898715,,1.0012613791732035,1.1257438781984483,4.601195253191272,COMPLETE,rango,random_forest,,12.0,0.7684132788054852,4.0,3.0,837.0,,,,,,,,,
12,0.5620657703215215,,0.9977084584110971,1.1225008299046308,4.5837365701115935,COMPLETE,rango,random_forest,,12.0,0.8225913410012512,4.0,2.0,895.0,,,,,,,,,
13,0.561847003488674,,0.9989532803881579,1.1227811634282254,4.58953092712763,COMPLETE,rango,random_forest,,12.0,0.8852734205822993,4.0,2.0,879.0,,,,,,,,,
14,0.4789919599977335,,1.1030324231828041,1.2243467634570908,5.0716915860288845,COMPLETE,rango,random_forest,,12.0,0.9617044516578511,5.0,6.0,889.0,,,,,,,,,
15,0.6328326791128267,,0.8915226888070494,1.027813304761249,4.089131322320846,COMPLETE,rango,random_forest,,10.0,0.8795090199763674,3.0,6.0,489.0,,,,,,,,,
16,0.6565536917938151,,0.8482320777908637,0.9940578313590113,3.8847687292584325,COMPLETE,rango,random_forest,,9.0,0.868696664901361,2.0,6.0,485.0,,,,,,,,,
17,0.6342743861519078,,0.8820739288903241,1.0257934311817514,4.042783792798766,COMPLETE,rango,random_forest,,9.0,0.8897907194483015,2.0,8.0,469.0,,,,,,,,,
18,0.604823278205481,,0.9271072804690657,1.0662962994673173,4.252597524183953,COMPLETE,rango,random_forest,,9.0,0.7150715163684517,1.0,9.0,434.0,,,,,,,,,
19,0.6335050930307,,0.8827700920338197,1.0268717276632828,4.0458889790709796,COMPLETE,rango,random_forest,,10.0,0.9020851337961756,2.0,8.0,546.0,,,,,,,,,
20,0.40487755844484485,,1.1849656705960339,1.3085351362583268,5.45102351236861,COMPLETE,rango,random_forest,,8.0,0.9347861155803696,6.0,12.0,392.0,,,,,,,,,
21,0.6310851381702611,,0.8854726833664901,1.0302563512980314,4.057835852364101,COMPLETE,rango,random_forest,,10.0,0.8787968482675911,2.0,8.0,551.0,,,,,,,,,
22,0.6261128056499023,,0.8950414206418288,1.037176147038523,4.101864318818478,COMPLETE,rango,random_forest,,14.0,0.9159082007487608,2.0,8.0,551.0,,,,,,,,,
23,0.636823654606848,,0.8859976461230439,1.0222120635488627,4.064410588654408,COMPLETE,rango,random_forest,,8.0,0.8376304036858191,3.0,5.0,511.0,,,,,,,,,
24,0.6317313446100903,,0.8920789081490033,1.0293536361246758,4.0906004811483205,COMPLETE,rango,random_forest,,7.0,0.8300330692628828,3.0,5.0,379.0,,,,,,,,,
25,0.6353382742335423,,0.8933144991351261,1.0243003388410417,4.09933374256986,COMPLETE,rango,random_forest,,8.0,0.7413391253666625,3.0,4.0,503.0,,,,,,,,,
26,0.4022309051098155,,1.1877476207905986,1.3114415944205353,5.463229449766674,COMPLETE,rango,random_forest,,7.0,0.733878155941551,6.0,4.0,514.0,,,,,,,,,
27,0.47525759529332234,,1.1077278473625438,1.2287267282543637,5.094903627562173,COMPLETE,rango,random_forest,,8.0,0.6790513967061205,5.0,5.0,591.0,,,,,,,,,
28,0.2229311032697029,,1.3456532379723778,1.4952437230451294,6.186097252680968,COMPLETE,rango,random_forest,,11.0,0.607327169741003,3.0,20.0,410.0,,,,,,,,,
29,0.14227377967955657,,1.3854184782316084,1.5709290402201763,6.366037299102651,COMPLETE,rango,random_forest,,14.0,0.7816334454150207,12.0,4.0,687.0,,,,,,,,,
30,0.24136073938448166,,1.3347441857384799,1.4774060803421618,6.135784252227803,COMPLETE,rango,random_forest,,5.0,0.703842461456957,8.0,18.0,450.0,,,,,,,,,
31,0.6247487446453897,,0.9038918940405658,1.039066400999091,4.147189842892022,COMPLETE,rango,random_forest,,8.0,0.8411361804776571,3.0,7.0,483.0,,,,,,,,,
32,0.5617661139874759,,0.9852614494814887,1.1228847996211089,4.525668228042249,COMPLETE,rango,random_forest,,9.0,0.8585517070670764,1.0,10.0,344.0,,,,,,,,,
33,0.6819414238598791,,0.811660336447235,0.9566119022718724,3.7134142553298446,COMPLETE,rango,random_forest,,7.0,0.9958886115684713,2.0,4.0,503.0,,,,,,,,,
34,0.47520266304874925,,1.1068704762117898,1.2287910407152747,5.090294743629117,COMPLETE,rango,random_forest,,7.0,0.9935182396210116,5.0,4.0,592.0,,,,,,,,,
35,0.15436613845110359,,1.373647728357651,1.559816131317365,6.3154580045947135,COMPLETE,rango,random_forest,,2.0,0.9412733615596601,9.0,5.0,514.0,,,,,,,,,
36,0.45935446251976264,,1.1137084533299921,1.2472069900983085,5.120217391567857,COMPLETE,rango,random_forest,,7.0,0.8094414036614768,3.0,12.0,435.0,,,,,,,,,
37,0.6678348223980873,,0.8266497112198216,0.9775956842037383,3.780033618308101,COMPLETE,rango,random_forest,,5.0,0.799065315518416,2.0,3.0,282.0,,,,,,,,,
38,0.6894111271669974,,0.788843752533764,0.9453120005725825,3.6014120332402895,COMPLETE,rango,random_forest,,5.0,0.802228927476041,1.0,3.0,210.0,,,,,,,,,
39,0.5176476348882373,,1.0434588023296345,1.1780519190475605,4.793116518125606,COMPLETE,rango,random_forest,,3.0,0.7981272158121657,1.0,3.0,200.0,,,,,,,,,
40,0.6697888248461425,,0.8337106393212066,0.9747160296448555,3.8138128840429455,COMPLETE,rango,random_forest,,5.0,0.9439387042692926,2.0,3.0,246.0,,,,,,,,,
41,0.6807523222477514,,0.8120967368077129,0.9583984404187088,3.7135815845450266,COMPLETE,rango,random_forest,,5.0,0.9622639036836846,2.0,3.0,255.0,,,,,,,,,
42,0.695534015153749,,0.7883231677664351,0.9359477722298326,3.5996940632595087,COMPLETE,rango,random_forest,,5.0,0.9933897447817506,1.0,3.0,259.0,,,,,,,,,
43,0.7006361832532257,,0.7823547722040953,0.928072445252216,3.573042854797971,COMPLETE,rango,random_forest,,5.0,0.9940573831290782,1.0,2.0,247.0,,,,,,,,,
44,0.5127056321206334,,1.0529467135999238,1.18407148049784,4.836537448411464,COMPLETE,rango,random_forest,,3.0,0.9949811161145605,1.0,2.0,243.0,,,,,,,,,
45,0.6607376974603372,,0.8415444260797793,0.9879842641753597,3.8470308903546475,COMPLETE,rango,random_forest,,4.0,0.9593561687764788,1.0,2.0,319.0,,,,,,,,,
46,0.6472365291185187,,0.8616808169577433,1.0074512230175572,3.945633905402885,COMPLETE,rango,random_forest,,6.0,0.9774225993292548,1.0,7.0,260.0,,,,,,,,,
47,0.7030849969377482,,0.7753852823140623,0.9242688071026833,3.542118825034621,COMPLETE,rango,random_forest,,5.0,0.915490602231231,1.0,3.0,350.0,,,,,,,,,
48,0.5162326992231832,,1.0511514057237668,1.1797785064818023,4.827875431180141,COMPLETE,rango,random_forest,,3.0,0.9213047827276039,1.0,4.0,356.0,,,,,,,,,
49,0.6592995879159634,,0.8424720026804766,0.9900760484268238,3.8511156054753823,COMPLETE,rango,random_forest,,4.0,0.9844891584871832,1.0,2.0,297.0,,,,,,,,,
50,0.6515250227063307,,0.8554072375237702,1.0013087796289963,3.917675789497055,COMPLETE,rango,random_forest,,6.0,0.9994505587735717,1.0,7.0,227.0,,,,,,,,,
51,0.6771452640673508,,0.8163081841551121,0.9637975225790497,3.7331054739290965,COMPLETE,rango,random_forest,,5.0,0.9624000005442475,2.0,3.0,272.0,,,,,,,,,
52,0.7204899707468049,,0.7622017651961986,0.8967696934376108,3.4980942154954904,COMPLETE,rango,random_forest,,6.0,0.38177910197907494,2.0,2.0,220.0,,,,,,,,,
53,0.7185199342936448,,0.7565946080047217,0.8999244406280837,3.459426066837586,COMPLETE,rango,random_forest,,6.0,0.41165320692918195,1.0,2.0,218.0,,,,,,,,,
54,0.7434947309093284,,0.7247676983540055,0.8590735945627054,3.3226318294486656,COMPLETE,rango,random_forest,,6.0,0.36808666430417725,1.0,2.0,218.0,,,,,,,,,
55,0.7295963294475667,,0.7425512599015467,0.8820404785309045,3.400494967368638,COMPLETE,rango,random_forest,,6.0,0.3517341748302329,1.0,2.0,303.0,,,,,,,,,
56,0.22304145940471454,,1.3301753145373425,1.4951375450873108,6.115855755852698,COMPLETE,rango,random_forest,,6.0,0.3618077827775713,10.0,2.0,297.0,,,,,,,,,
57,0.6912006178158867,,0.8008487795126967,0.9425848090981721,3.664818283245577,COMPLETE,rango,random_forest,,6.0,0.41826219711247736,2.0,2.0,225.0,,,,,,,,,
58,0.1828768423953614,,1.3440709778725854,1.5332959349749917,6.1801039284258605,COMPLETE,rango,random_forest,,4.0,0.4037171338190362,1.0,24.0,326.0,,,,,,,,,
59,0.22252362866129394,,1.3257971119024101,1.4956357050188018,6.098531193944377,COMPLETE,rango,random_forest,,2.0,0.49465116261196634,4.0,5.0,364.0,,,,,,,,,
60,0.35795271285771135,,1.2275225080752077,1.3591448146110012,5.649010267746034,COMPLETE,rango,random_forest,,6.0,0.4404008855595848,2.0,15.0,226.0,,,,,,,,,
61,0.714526568703685,,0.7743614494395399,0.9062855852955619,3.5499580153332273,COMPLETE,rango,random_forest,,4.0,0.38196600378867057,1.0,2.0,274.0,,,,,,,,,
62,0.704314769960746,,0.7836546442254975,0.9223527364735495,3.58763005225651,COMPLETE,rango,random_forest,,4.0,0.3564723046667812,1.0,2.0,200.0,,,,,,,,,
63,0.6832804082280048,,0.8193076888160009,0.9545961740109047,3.761375977163639,COMPLETE,rango,random_forest,,4.0,0.3831774627852437,2.0,6.0,202.0,,,,,,,,,
64,0.5793171805025166,,0.9679168786306016,1.100169530569449,4.450807023119148,COMPLETE,rango,random_forest,,3.0,0.3567092722051192,1.0,2.0,279.0,,,,,,,,,
65,0.6438471603598914,,0.883443804402253,1.012279473646767,4.058335925144035,COMPLETE,rango,random_forest,,4.0,0.4523146944162811,3.0,4.0,318.0,,,,,,,,,
66,0.7461989211902356,,0.7204682597290979,0.8545332322126653,3.30173282256683,COMPLETE,rango,random_forest,,7.0,0.3858222998149822,1.0,3.0,304.0,,,,,,,,,
67,0.7100483479370387,,0.7762311871816506,0.9133663737568951,3.563628946975725,COMPLETE,rango,random_forest,,7.0,0.3860240725633633,2.0,5.0,299.0,,,,,,,,,
68,0.642426000524964,,0.8814103827558991,1.0142971167769024,4.045667042562812,COMPLETE,rango,random_forest,,7.0,0.3883328175996993,3.0,5.0,301.0,,,,,,,,,
69,0.6932652678069664,,0.7950468445282631,0.9394284368758611,3.638100381363584,COMPLETE,rango,random_forest,,8.0,0.41827136756018196,2.0,4.0,390.0,,,,,,,,,
70,0.5745239045571237,,0.983908705653289,1.1064194646049714,4.524458991204816,COMPLETE,rango,random_forest,,7.0,0.4858627830604293,4.0,6.0,333.0,,,,,,,,,
71,0.707977824099671,,0.780659547943529,0.9166217142605695,3.579669230532314,COMPLETE,rango,random_forest,,6.0,0.35301375822952497,2.0,2.0,229.0,,,,,,,,,
72,0.705643113155947,,0.7827170979467694,0.9202786049540211,3.5856803439161222,COMPLETE,rango,random_forest,,6.0,0.40096132641699134,2.0,3.0,228.0,,,,,,,,,
73,0.6980609706433112,,0.8020739826956516,0.9320556688240749,3.6760448891604582,COMPLETE,rango,random_forest,,7.0,0.4359746837752107,2.0,2.0,273.0,,,,,,,,,
74,0.666010242699262,,0.8475367127762075,0.9802769683971653,3.894530152981939,COMPLETE,rango,random_forest,,6.0,0.3749707091556086,3.0,4.0,234.0,,,,,,,,,
75,0.6868947192788135,,0.807819393045317,0.9491337597062837,3.701152243041635,COMPLETE,rango,random_forest,,8.0,0.5815909886053557,2.0,5.0,303.0,,,,,,,,,
76,0.7428510841161587,,0.7242714055902524,0.8601507527993874,3.3183484621749337,COMPLETE,rango,random_forest,,6.0,0.3738427405568242,1.0,3.0,274.0,,,,,,,,,
77,0.7285809549128488,,0.7435725704331875,0.8836949720893617,3.4007292182237725,COMPLETE,rango,random_forest,,7.0,0.41766283164287854,1.0,3.0,754.0,,,,,,,,,
78,0.7293614762607787,,0.7410035835411543,0.8824234338684839,3.388481703053927,COMPLETE,rango,random_forest,,8.0,0.4183655427622116,1.0,3.0,785.0,,,,,,,,,
79,0.40100243636373245,,1.1829899588347286,1.3127884674470267,5.441545841187311,COMPLETE,rango,random_forest,,9.0,0.527867416048717,1.0,14.0,819.0,,,,,,,,,
0,0.4243884282628233,,1.055003607611049,1.2869064660123242,4.89913469951262,COMPLETE,rango,extra_trees,,18.0,0.4514121162875837,9.0,15.0,500.0,,,,,,,,,
1,0.13129863435588862,,1.3511722063801377,1.5809476051488156,6.2154817800273054,COMPLETE,rango,extra_trees,,2.0,0.8102471755674295,11.0,15.0,324.0,,,,,,,,,
2,0.3294392534116113,,1.150344165891591,1.3889969382322807,5.325299477163543,COMPLETE,rango,extra_trees,,18.0,0.4681862286846154,10.0,6.0,216.0,,,,,,,,,
3,0.5060769376450126,,1.0089750632779857,1.192097774795055,4.673611860816609,COMPLETE,rango,extra_trees,,7.0,0.5392989411287272,7.0,11.0,346.0,,,,,,,,,
4,0.6787165127065715,,0.8371185438547111,0.9614493882969055,3.8574214010887835,COMPLETE,rango,extra_trees,,4.0,0.6464454897410734,4.0,10.0,690.0,,,,,,,,,
5,0.46712114839155083,,1.0153070846090602,1.2382161587521288,4.72029732682038,COMPLETE,rango,extra_trees,,5.0,0.3801927682679985,7.0,15.0,828.0,,,,,,,,,
6,0.3878116751727243,,1.1904242126656568,1.327164469396612,5.477938690238758,COMPLETE,rango,extra_trees,,4.0,0.9776608214984636,1.0,23.0,686.0,,,,,,,,,
7,0.602266467400961,,0.9288424083546634,1.069740229876769,4.2866517136756235,COMPLETE,rango,extra_trees,,7.0,0.6360991209307408,2.0,17.0,847.0,,,,,,,,,
8,0.4791432636434617,,1.0361130690365599,1.2241689719779307,4.791596874210285,COMPLETE,rango,extra_trees,,10.0,0.518206988040011,1.0,22.0,297.0,,,,,,,,,
9,0.512818506753614,,0.9869081742205997,1.183934336111301,4.583506771513094,COMPLETE,rango,extra_trees,,7.0,0.47015539609159257,7.0,14.0,730.0,,,,,,,,,
10,0.7234895044934164,,0.7723612340841063,0.8919449175203057,3.550435779453176,COMPLETE,rango,extra_trees,,13.0,0.7660575266039114,4.0,2.0,965.0,,,,,,,,,
11,0.7230278811088537,,0.773078066243024,0.8926891404966955,3.5532981590242048,COMPLETE,rango,extra_trees,,14.0,0.7684132788054852,4.0,3.0,928.0,,,,,,,,,
12,0.7233423753903148,,0.7721260131167266,0.8921821844699288,3.543223176516493,COMPLETE,rango,extra_trees,,14.0,0.8225913410012512,4.0,2.0,994.0,,,,,,,,,
13,0.7204849263449086,,0.7725767765866711,0.8967777855378198,3.544587545624794,COMPLETE,rango,extra_trees,,14.0,0.8852734205822993,4.0,2.0,976.0,,,,,,,,,
14,0.6567508514304592,,0.8856983593285986,0.9937724647506399,4.078726196065873,COMPLETE,rango,extra_trees,,14.0,0.7579679144163672,5.0,6.0,977.0,,,,,,,,,
15,0.7842051356111899,,0.655582245690148,0.7879574704893668,2.996363705694545,COMPLETE,rango,extra_trees,,11.0,0.9316052292349586,3.0,6.0,530.0,,,,,,,,,
16,0.7783450092877164,,0.660953105443255,0.7985846938669107,3.0183672556094128,COMPLETE,rango,extra_trees,,11.0,0.9976675355016816,2.0,6.0,526.0,,,,,,,,,
17,0.7614439462904646,,0.6897560306203023,0.8284712575017992,3.1508465554741085,COMPLETE,rango,extra_trees,,11.0,0.9974110430847887,2.0,8.0,508.0,,,,,,,,,
18,0.7927491823396167,,0.6365318227904626,0.7722009849367438,2.9044819900847303,COMPLETE,rango,extra_trees,,10.0,0.8998043932500988,2.0,5.0,531.0,,,,,,,,,
19,0.7526726815463268,,0.7093165214553752,0.8435644503603077,3.24175352756731,COMPLETE,rango,extra_trees,,10.0,0.8997869389982875,3.0,9.0,423.0,,,,,,,,,
20,0.5868557600491937,,0.981687579275748,1.0902675243679356,4.519883618946984,COMPLETE,rango,extra_trees,,9.0,0.9078659862314618,6.0,5.0,590.0,,,,,,,,,
21,0.796410680295436,,0.6320718061723268,0.7653493549375316,2.884693948992317,COMPLETE,rango,extra_trees,,12.0,0.9571416002151477,2.0,5.0,573.0,,,,,,,,,
22,0.8000123790465763,,0.6279932536253635,0.7585492476575042,2.869718273864968,COMPLETE,rango,extra_trees,,12.0,0.9338359439463901,1.0,4.0,623.0,,,,,,,,,
23,0.8026969000587606,,0.6205070843739566,0.7534408781667692,2.8371084744829544,COMPLETE,rango,extra_trees,,12.0,0.8453240229719651,1.0,4.0,604.0,,,,,,,,,
24,0.8030434695204662,,0.6185268823733171,0.7527788653378117,2.8275705482173894,COMPLETE,rango,extra_trees,,16.0,0.8573345787519588,1.0,4.0,645.0,,,,,,,,,
25,0.7219927133181254,,0.7599545592819668,0.8943557725599756,3.4816309485807246,COMPLETE,rango,extra_trees,,16.0,0.8469031960506472,1.0,11.0,673.0,,,,,,,,,
26,0.7759656329930283,,0.6650495038737333,0.8028594935920154,3.0448911237415515,COMPLETE,rango,extra_trees,,16.0,0.733878155941551,1.0,8.0,770.0,,,,,,,,,
27,0.7753195180270018,,0.668339700864287,0.8040163831991475,3.0529177173405895,COMPLETE,rango,extra_trees,,16.0,0.86207726646216,3.0,4.0,632.0,,,,,,,,,
28,0.2832273682534805,,1.2343472160223168,1.436061146119095,5.690035014101843,COMPLETE,rango,extra_trees,,17.0,0.712656797565898,12.0,19.0,626.0,,,,,,,,,
29,0.59027783912845,,0.9759458587071249,1.085742785269055,4.496642143781564,COMPLETE,rango,extra_trees,,13.0,0.8261998000631593,6.0,12.0,445.0,,,,,,,,,
30,0.43906943425089584,,1.1135286467383227,1.2703891556026805,5.137058234076273,COMPLETE,rango,extra_trees,,15.0,0.6952619708304101,9.0,8.0,453.0,,,,,,,,,
31,0.7989632595446592,,0.6299747176268954,0.7605362902702594,2.8782920269286403,COMPLETE,rango,extra_trees,,12.0,0.939995657200337,1.0,4.0,588.0,,,,,,,,,
32,0.7988498214576223,,0.6308385417264559,0.760750832186326,2.88312841390298,COMPLETE,rango,extra_trees,,12.0,0.9538843697616586,1.0,4.0,754.0,,,,,,,,,
33,0.7760915643905089,,0.6713076255563797,0.8026338152031272,3.0741430004819676,COMPLETE,rango,extra_trees,,18.0,0.7904617799014126,3.0,7.0,584.0,,,,,,,,,
34,0.7992211875440652,,0.6246286168592255,0.7600482536986121,2.854511811342682,COMPLETE,rango,extra_trees,,8.0,0.8610315697246972,1.0,4.0,679.0,,,,,,,,,
35,0.4334209716128955,,1.1405883114278619,1.276769420745484,5.2538414166484655,COMPLETE,rango,extra_trees,,8.0,0.859424452989995,9.0,3.0,801.0,,,,,,,,,
36,0.7878470999352993,,0.6516764919823458,0.781280007875697,2.997093217181487,COMPLETE,rango,extra_trees,,8.0,0.6244725123688676,2.0,7.0,653.0,,,,,,,,,
37,0.2611537609697204,,1.242168556004655,1.4580058227181738,5.72666556111526,COMPLETE,rango,extra_trees,,2.0,0.8136426031016256,1.0,10.0,712.0,,,,,,,,,
38,0.7908583031761666,,0.6461732980196951,0.7757156234681432,2.9699027012416876,COMPLETE,rango,extra_trees,,6.0,0.5912963185035243,3.0,3.0,864.0,,,,,,,,,
39,0.4749190488481565,,1.0979268821927957,1.2291230312684982,5.061691376495263,COMPLETE,rango,extra_trees,,9.0,0.8701229283574387,8.0,17.0,375.0,,,,,,,,,
40,0.6464754688487354,,0.8991228663995108,1.0085373870727516,4.140340672675651,COMPLETE,rango,extra_trees,,5.0,0.7942542045142661,5.0,4.0,692.0,,,,,,,,,
41,0.8045290309409313,,0.6193681735955877,0.7499345424182479,2.8316493963786717,COMPLETE,rango,extra_trees,,12.0,0.9313621913943103,1.0,4.0,617.0,,,,,,,,,
42,0.7748463019038313,,0.6656204988112487,0.8048626369265495,3.0438023948701156,COMPLETE,rango,extra_trees,,13.0,0.9369790657920497,2.0,7.0,634.0,,,,,,,,,
43,0.8125811043674736,,0.6093107041808183,0.7343260114387529,2.783393058191301,COMPLETE,rango,extra_trees,,9.0,0.9119992200795928,1.0,2.0,729.0,,,,,,,,,
44,0.8117379323682093,,0.6107041280058656,0.7359759739694386,2.7894993657029135,COMPLETE,rango,extra_trees,,9.0,0.9216256064947481,1.0,2.0,754.0,,,,,,,,,
45,0.8013858169778557,,0.6231184239297209,0.7559400482025928,2.845410440847855,COMPLETE,rango,extra_trees,,9.0,0.9179001814318039,2.0,2.0,796.0,,,,,,,,,
46,0.8140130848822712,,0.6073242871711875,0.7315153107636486,2.7765858105898054,COMPLETE,rango,extra_trees,,10.0,0.8335960087405497,1.0,2.0,744.0,,,,,,,,,
47,0.7808611486160659,,0.6595367531002856,0.7940391492749265,3.0125355063240344,COMPLETE,rango,extra_trees,,6.0,0.9823967603398801,3.0,2.0,737.0,,,,,,,,,
48,0.7947848305873086,,0.6317558061773593,0.7683992904378779,2.8837112261644893,COMPLETE,rango,extra_trees,,10.0,0.9649171144635172,2.0,3.0,878.0,,,,,,,,,
49,0.7982004491946102,,0.6250948690327938,0.7619778070573984,2.854050454859447,COMPLETE,rango,extra_trees,,7.0,0.8796268168537852,2.0,2.0,819.0,,,,,,,,,
50,0.7897017737443339,,0.6444280382309935,0.7778574754111692,2.9431110579662474,COMPLETE,rango,extra_trees,,9.0,0.8967187909532094,1.0,5.0,218.0,,,,,,,,,
51,0.8145668063729391,,0.6097008112159923,0.7304255629140091,2.785776973979989,COMPLETE,rango,extra_trees,,11.0,0.8487390856330645,1.0,3.0,721.0,,,,,,,,,
52,0.8325595798577234,,0.579383260372691,0.6940845502031234,2.6907236776589096,COMPLETE,rango,extra_trees,,11.0,0.38177910197907494,1.0,3.0,774.0,,,,,,,,,
53,0.8179609806089527,,0.5973437538178032,0.7237098250058837,2.760381328747605,COMPLETE,rango,extra_trees,,11.0,0.41165320692918195,2.0,3.0,773.0,,,,,,,,,
54,0.7860016327033357,,0.651458370475968,0.784670733835272,3.0254784542327786,COMPLETE,rango,extra_trees,,11.0,0.36808666430417725,3.0,3.0,902.0,,,,,,,,,
55,0.8197973903430749,,0.6035238259704525,0.720050179414853,2.7924619545253777,COMPLETE,rango,extra_trees,,10.0,0.40637694672008984,2.0,2.0,774.0,,,,,,,,,
56,0.8187503624453526,,0.6059636571035887,0.7221389967905609,2.8025216499681553,COMPLETE,rango,extra_trees,,11.0,0.40041246600960007,2.0,3.0,780.0,,,,,,,,,
57,0.7236808397606785,,0.7563448770986114,0.8916362672974445,3.5108435049654894,COMPLETE,rango,extra_trees,,11.0,0.4039178270492055,4.0,6.0,848.0,,,,,,,,,
58,0.6388498346183952,,0.8748736917289106,1.0193565877212125,4.0590600023034265,COMPLETE,rango,extra_trees,,10.0,0.4331101881326291,5.0,3.0,784.0,,,,,,,,,
59,0.8197616881257832,,0.5950564782411571,0.7201215050045254,2.7425630406746935,COMPLETE,rango,extra_trees,,13.0,0.49465116261196634,2.0,5.0,827.0,,,,,,,,,
60,0.8184311338241843,,0.5990024669729053,0.7227746560494347,2.759853038114924,COMPLETE,rango,extra_trees,,13.0,0.4921744377326238,2.0,5.0,917.0,,,,,,,,,
61,0.8176610459605137,,0.6006291349252327,0.7243057860112975,2.7663204046868324,COMPLETE,rango,extra_trees,,13.0,0.4966376415293372,2.0,5.0,942.0,,,,,,,,,
62,0.7993809829336516,,0.6377659750000663,0.7597457407486234,2.941760096192857,COMPLETE,rango,extra_trees,,13.0,0.49247765964562074,3.0,5.0,938.0,,,,,,,,,
63,0.8089830070940671,,0.6169252383018257,0.7413413539112728,2.8561413122234227,COMPLETE,rango,extra_trees,,14.0,0.4042052690045251,2.0,6.0,914.0,,,,,,,,,
64,0.7184317090333375,,0.7829838809889236,0.9000654627773103,3.6112293616193814,COMPLETE,rango,extra_trees,,15.0,0.5455374523840727,4.0,5.0,949.0,,,,,,,,,
65,0.8057854528607347,,0.6181826881794171,0.7475204929581478,2.8531990436285315,COMPLETE,rango,extra_trees,,13.0,0.44059441150943235,2.0,6.0,889.0,,,,,,,,,
66,0.6657621110355543,,0.8223728960985954,0.9806410403323751,3.812895484327276,COMPLETE,rango,extra_trees,,15.0,0.4754221020195312,3.0,14.0,826.0,,,,,,,,,
67,0.4912416867212921,,0.9974597505295889,1.2098679837351305,4.630041251232845,COMPLETE,rango,extra_trees,,14.0,0.35477773480195424,2.0,21.0,998.0,,,,,,,,,
68,0.4249867619347161,,1.0761311387497792,1.2862374387447886,4.982773836246117,COMPLETE,rango,extra_trees,,11.0,0.4047360380297134,3.0,24.0,849.0,,,,,,,,,
69,0.3521243465802557,,1.1535896448227934,1.3652998887558536,5.332185456661998,COMPLETE,rango,extra_trees,,12.0,0.5440380494232062,10.0,9.0,957.0,,,,,,,,,
70,0.823679505454005,,0.5797788485818961,0.7122519100361745,2.683622447039218,COMPLETE,rango,extra_trees,,13.0,0.42857893048479295,2.0,5.0,774.0,,,,,,,,,
71,0.815279098101854,,0.6062417389760069,0.7290213464845782,2.7895243266273817,COMPLETE,rango,extra_trees,,13.0,0.5142969835696243,2.0,5.0,773.0,,,,,,,,,
72,0.8012199195874558,,0.6136059685528346,0.7562556910803772,2.8463357030344345,COMPLETE,rango,extra_trees,,13.0,0.4266483352208932,2.0,7.0,819.0,,,,,,,,,
73,0.8004375365218043,,0.6271127682442587,0.7577425115514946,2.903329520119589,COMPLETE,rango,extra_trees,,12.0,0.4613046455846754,3.0,3.0,872.0,,,,,,,,,
74,0.8148995611095756,,0.6070181926342554,0.7297699044076142,2.8157672799030657,COMPLETE,rango,extra_trees,,10.0,0.3801664778327253,2.0,5.0,806.0,,,,,,,,,
75,0.7257013002686923,,0.7392664916588132,0.8883704402833514,3.4371778734762786,COMPLETE,rango,extra_trees,,11.0,0.4161051706947184,4.0,3.0,917.0,,,,,,,,,
76,0.8046702207690174,,0.622680107494419,0.7496636524325395,2.8683526179716465,COMPLETE,rango,extra_trees,,12.0,0.4841197444035369,2.0,6.0,841.0,,,,,,,,,
77,0.7883250553647757,,0.6615450821046562,0.7803994458495661,3.0545846643341106,COMPLETE,rango,extra_trees,,14.0,0.4514301682570597,3.0,4.0,768.0,,,,,,,,,
78,0.7789682191590873,,0.6635747694180735,0.7974612448044055,3.0587249380685475,COMPLETE,rango,extra_trees,,15.0,0.5142267791754445,2.0,8.0,900.0,,,,,,,,,
79,0.7343298126810804,,0.7527777756923191,0.8742862251432794,3.474782755445464,COMPLETE,rango,extra_trees,,13.0,0.5815938833214764,4.0,7.0,973.0,,,,,,,,,
0,-0.3618683489924248,,1.7208321996908955,1.979473938307471,7.76963217260188,COMPLETE,rango,hist_gradient_boosting,,,,32.0,,,1.2363188277052228e-05,0.021642251106469404,671.0,49.0,,,,,
1,-1.5541188838453852,,2.3091260449305704,2.7108330942432524,10.308599058954087,COMPLETE,rango,hist_gradient_boosting,,,,32.0,,,0.090470719575684,0.009204496040276266,134.0,57.0,,,,,
2,0.2929176217778453,,1.1971613706060162,1.426320853656218,5.544373091072761,COMPLETE,rango,hist_gradient_boosting,,,,14.0,,,1.8740223688836324e-05,0.005419290634672375,682.0,55.0,,,,,
3,-0.30904143618047786,,1.603953443975173,1.940702305711459,7.318702845626847,COMPLETE,rango,hist_gradient_boosting,,,,24.0,,,0.00010929592787219404,0.01024634005770867,282.0,37.0,,,,,
4,0.054937218316583714,,1.3588368291359927,1.6489692424512514,6.2377634730081635,COMPLETE,rango,hist_gradient_boosting,,,,21.0,,,0.0015577217702693043,0.05476331374316277,183.0,24.0,,,,,
5,-0.5743993918535428,,1.8671878238538342,2.1283335033694932,8.375315725301585,COMPLETE,rango,hist_gradient_boosting,,,,32.0,,,2.1142332035497158e-06,0.10788483727948411,220.0,37.0,,,,,
6,0.16219381416572742,,1.3404547843827652,1.5525800673235175,6.115104711793637,COMPLETE,rango,hist_gradient_boosting,,,,48.0,,,5.746775499181867,0.053848112391315636,202.0,11.0,,,,,
7,-0.5788770910679293,,1.9495805639797676,2.1313579172840855,8.69034330433397,COMPLETE,rango,hist_gradient_boosting,,,,36.0,,,0.0012052231254145623,0.11814432092118202,283.0,13.0,,,,,
8,-0.5978080699114021,,1.8925080252482047,2.1440974980948813,8.535807370261953,COMPLETE,rango,hist_gradient_boosting,,,,46.0,,,6.478282331897332e-05,0.008059522363804595,397.0,9.0,,,,,
9,-0.23717289845664902,,1.670776539390855,1.8866764295501548,7.540696731947493,COMPLETE,rango,hist_gradient_boosting,,,,30.0,,,1.967801053211497e-05,0.0667690954439529,287.0,37.0,,,,,
10,0.7579533343493239,,0.7056170518670742,0.8345104454954625,3.2654329713687966,COMPLETE,rango,hist_gradient_boosting,,,,6.0,,,0.036565023379591846,0.022639291620412304,660.0,63.0,,,,,
11,0.7434784647916008,,0.7351010497818342,0.8591008329324035,3.406464183582695,COMPLETE,rango,hist_gradient_boosting,,,,6.0,,,0.1475158931424759,0.022687615652227402,691.0,63.0,,,,,
12,0.7362148116486262,,0.7488067101936106,0.8711790598960837,3.4651493322326004,COMPLETE,rango,hist_gradient_boosting,,,,6.0,,,0.14174738765779735,0.02256508822740643,566.0,63.0,,,,,
13,0.7417063299530343,,0.6998499301538005,0.8620632005460468,3.2157043484463044,COMPLETE,rango,hist_gradient_boosting,,,,5.0,,,0.0626597088537895,0.026177018339808993,514.0,64.0,,,,,
14,0.31347470398992183,,1.1891228100619344,1.40543413347719,5.500864231835844,COMPLETE,rango,hist_gradient_boosting,,,,14.0,,,2.646391720697872,0.014149089076231894,575.0,47.0,,,,,
15,0.19220094647143582,,1.2860331490946741,1.5245226984196498,5.9321852139240825,COMPLETE,rango,hist_gradient_boosting,,,,12.0,,,0.012567550807830943,0.21860300184408024,451.0,47.0,,,,,
16,-0.0639739785521336,,1.4258556443952877,1.7496360893572667,6.547866086513452,COMPLETE,rango,hist_gradient_boosting,,,,19.0,,,0.8088364455093929,0.03615684622219764,621.0,55.0,,,,,
17,0.44164869751305236,,1.0945263049640552,1.2674650473034441,5.06765767549235,COMPLETE,rango,hist_gradient_boosting,,,,9.0,,,0.015297227670022314,0.016815661384254648,692.0,25.0,,,,,
18,0.048191907139419565,,1.3378753364330984,1.654843473425527,6.171688108442605,COMPLETE,rango,hist_gradient_boosting,,,,18.0,,,0.5537398418146185,0.03394520065804892,476.0,59.0,,,,,
19,0.4590765590350636,,1.0452564620335845,1.247527494583899,4.858138070236279,COMPLETE,rango,hist_gradient_boosting,,,,10.0,,,0.007469842419216622,0.01372163823851477,609.0,50.0,,,,,
20,-0.17569668651472226,,1.654897410484554,1.8392038696971658,7.482992326323513,COMPLETE,rango,hist_gradient_boosting,,,,40.0,,,0.0006333620518892102,0.030816269340184523,378.0,43.0,,,,,
21,0.737915708593438,,0.7067690236404984,0.8683658197067813,3.2474773590996264,COMPLETE,rango,hist_gradient_boosting,,,,5.0,,,0.0630972842503082,0.0239784149323779,502.0,64.0,,,,,
22,0.7411500001027832,,0.7064739107927855,0.8629910853157617,3.2492099907629037,COMPLETE,rango,hist_gradient_boosting,,,,5.0,,,0.27559839109116213,0.04512635672196661,536.0,60.0,,,,,
23,0.4437201000628531,,1.0883717519513298,1.2651118067558118,5.042130797578779,COMPLETE,rango,hist_gradient_boosting,,,,9.0,,,0.04067797573250235,0.018009029073794154,628.0,53.0,,,,,
24,0.05082727045784552,,1.3109787215760766,1.6525509226653696,6.058354781050317,COMPLETE,rango,hist_gradient_boosting,,,,17.0,,,1.4118272547357542,0.02596796220491478,646.0,64.0,,,,,
25,-0.2880224201065127,,1.6310936460217058,1.9250585202527448,7.419210892234029,COMPLETE,rango,hist_gradient_boosting,,,,25.0,,,0.03629779387263102,0.09132382076502836,542.0,59.0,,,,,
26,0.5601482441048531,,0.9672138759945289,1.1249556206377562,4.4851246504084745,COMPLETE,rango,hist_gradient_boosting,,,,8.0,,,0.00633860197150316,0.01221679667227608,699.0,42.0,,,,,
27,0.28544950179939355,,1.2088985252204218,1.433833384749356,5.594868539458085,COMPLETE,rango,hist_gradient_boosting,,,,14.0,,,0.2840638820403813,0.006682769826940645,602.0,24.0,,,,,
28,-0.055120771625559284,,1.4192598065273243,1.7423416217177456,6.526936598671419,COMPLETE,rango,hist_gradient_boosting,,,,12.0,,,9.24446588208239,0.04035543573240562,447.0,53.0,,,,,
29,0.7457725022744905,,0.6949356147172198,0.8552507945831245,3.191575871527922,COMPLETE,rango,hist_gradient_boosting,,,,5.0,,,0.00038436753295906917,0.017398191791313286,645.0,61.0,,,,,
30,0.11556229388832373,,1.3291859889041602,1.595202603124859,6.125464226837117,COMPLETE,rango,hist_gradient_boosting,,,,16.0,,,0.00047713374131440285,0.01833028005071264,651.0,50.0,,,,,
31,0.6481362244958926,,0.8829600221114813,1.0061656904352476,4.094632012606527,COMPLETE,rango,hist_gradient_boosting,,,,7.0,,,0.019640621573299696,0.027538171756507853,659.0,62.0,,,,,
32,0.3217172108738652,,1.176596831075251,1.3969717494029505,5.44630846882589,COMPLETE,rango,hist_gradient_boosting,,,,11.0,,,0.003026682259911562,0.019036775872850225,584.0,58.0,,,,,
33,0.6414130539304963,,0.8921245697752309,1.0157327667508542,4.1372159957752395,COMPLETE,rango,hist_gradient_boosting,,,,7.0,,,0.13288091061297166,0.011340966886099035,524.0,55.0,,,,,
34,0.7462425249766895,,0.6939252588764072,0.8544598233736047,3.188550404167577,COMPLETE,rango,hist_gradient_boosting,,,,5.0,,,0.0033932881917040783,0.015293376408095393,666.0,62.0,,,,,
35,0.4119417410437103,,1.1250853574133346,1.3007457087429266,5.20733920778739,COMPLETE,rango,hist_gradient_boosting,,,,13.0,,,0.00022001137880956978,0.008880593181133259,670.0,60.0,,,,,
36,0.4601865466635906,,1.0727384412832894,1.24624685938683,4.970360094683681,COMPLETE,rango,hist_gradient_boosting,,,,9.0,,,0.002782830339475296,0.015011212466046486,691.0,57.0,,,,,
37,-2.2710158157310354,,2.6318807700716103,3.0677753033728936,11.633372266357938,COMPLETE,rango,hist_gradient_boosting,,,,21.0,,,5.81383298932304e-05,0.00602889728516905,105.0,29.0,,,,,
38,0.2318218877542152,,1.2691852642303665,1.4866652468324406,5.855295680545577,COMPLETE,rango,hist_gradient_boosting,,,,15.0,,,5.45406796335059e-06,0.021080319012384437,341.0,52.0,,,,,
39,0.36679249657531576,,1.1356090738481848,1.349755951804361,5.264099792017405,COMPLETE,rango,hist_gradient_boosting,,,,11.0,,,0.0002195316084776042,0.010312277720831417,643.0,61.0,,,,,
40,-0.17524912995612785,,1.5467759850662377,1.8388537682992188,7.066355262000128,COMPLETE,rango,hist_gradient_boosting,,,,25.0,,,0.001371259928510693,0.008039090732771058,592.0,57.0,,,,,
41,0.7633404207725493,,0.686666739860137,0.8251715933720672,3.1803798860483976,COMPLETE,rango,hist_gradient_boosting,,,,6.0,,,0.026219683867937264,0.02894424611612586,661.0,63.0,,,,,
42,0.6641994579891389,,0.8529532161521995,0.9829307490034893,3.960107648922659,COMPLETE,rango,hist_gradient_boosting,,,,7.0,,,0.005305630634101595,0.05055884141873142,662.0,61.0,,,,,
43,0.7562662683890715,,0.6779796599711486,0.8374136655273464,3.1166513806421294,COMPLETE,rango,hist_gradient_boosting,,,,5.0,,,0.0006334823273491413,0.030195116461917377,618.0,56.0,,,,,
44,0.7559991188967369,,0.6822115829321524,0.8378724722873484,3.1356262778456725,COMPLETE,rango,hist_gradient_boosting,,,,5.0,,,0.000603140604045778,0.03228686315984678,553.0,55.0,,,,,
45,0.5637222648816254,,0.9592294043588269,1.1203758782049993,4.446597855538136,COMPLETE,rango,hist_gradient_boosting,,,,8.0,,,0.0011173038953159087,0.07774907605010063,555.0,44.0,,,,,
46,0.3840327263747708,,1.1250681498550148,1.331254363398279,5.212055128255513,COMPLETE,rango,hist_gradient_boosting,,,,10.0,,,8.666780466098701e-05,0.030361622824908313,616.0,55.0,,,,,
47,0.12248460516385273,,1.4120751844386537,1.5889476794134163,6.418684506418295,COMPLETE,rango,hist_gradient_boosting,,,,37.0,,,2.832191284221624e-05,0.03727502127529085,582.0,56.0,,,,,
48,-0.30619851271473997,,1.6584339538301218,1.9385937907421307,7.505119598505399,COMPLETE,rango,hist_gradient_boosting,,,,29.0,,,0.0030602968169927344,0.06365273337332782,625.0,19.0,,,,,
49,-0.2086775440856865,,1.6624575417461456,1.864822290121962,7.515265411369841,COMPLETE,rango,hist_gradient_boosting,,,,43.0,,,0.02339189249641357,0.04427718160259078,558.0,46.0,,,,,
50,-0.017564215548781625,,1.4062054034141467,1.7110517226005966,6.446352538572858,COMPLETE,rango,hist_gradient_boosting,,,,21.0,,,0.011454433994645095,0.031560030853807666,485.0,35.0,,,,,
51,0.7496186421707942,,0.6892335094029578,0.8487567087583482,3.167531411254402,COMPLETE,rango,hist_gradient_boosting,,,,5.0,,,0.0006152781683395283,0.020599797235704008,669.0,62.0,,,,,
52,0.7459488166427682,,0.6953310863106195,0.8549541721507575,3.1952160862893138,COMPLETE,rango,hist_gradient_boosting,,,,5.0,,,0.00014468207582177896,0.020790754617737477,677.0,64.0,,,,,
53,0.6526596809060359,,0.8838493873955253,0.9996772857772855,4.098728792445934,COMPLETE,rango,hist_gradient_boosting,,,,7.0,,,0.0008300952163416635,0.01516821855005352,671.0,58.0,,,,,
54,0.3926606977802336,,1.0929291327028177,1.32189791623183,5.07416186981368,COMPLETE,rango,hist_gradient_boosting,,,,10.0,,,0.0019478264782349425,0.0266497096300293,628.0,53.0,,,,,
55,0.5413104696156961,,0.9963871636118368,1.1487926244811946,4.612565149753914,COMPLETE,rango,hist_gradient_boosting,,,,8.0,,,0.00039366187498046553,0.02309090632198904,601.0,62.0,,,,,
56,0.7145870737114528,,0.7330407415913427,0.9061895383150342,3.366710252782703,COMPLETE,rango,hist_gradient_boosting,,,,5.0,,,0.004832462672904552,0.16840827781682122,679.0,59.0,,,,,
57,0.19602874048559593,,1.2497444136835456,1.520906397880956,5.781327284399824,COMPLETE,rango,hist_gradient_boosting,,,,13.0,,,0.010946071524142311,0.012604359145486882,170.0,62.0,,,,,
58,0.644594655895929,,0.8876603430532998,1.0112166268169924,4.115866517910647,COMPLETE,rango,hist_gradient_boosting,,,,7.0,,,0.0006331353515885579,0.035542043001096486,634.0,51.0,,,,,
59,0.27583007875242727,,1.201550266261568,1.4434523969356077,5.5602109480026645,COMPLETE,rango,hist_gradient_boosting,,,,11.0,,,1.0677869945635884e-06,0.027697258124410196,697.0,48.0,,,,,
60,0.4587149236501532,,1.0841800855094357,1.247944443335252,5.018532924323277,COMPLETE,rango,hist_gradient_boosting,,,,9.0,,,3.776690126287827e-05,0.04169232872904674,251.0,64.0,,,,,
61,0.749908463874543,,0.6913019177574691,0.8482653396267352,3.17701385407545,COMPLETE,rango,hist_gradient_boosting,,,,5.0,,,0.00017513237326556002,0.021125083380258664,672.0,64.0,,,,,
62,0.774451363475552,,0.6745623274313215,0.8055682258563565,3.126048238332041,COMPLETE,rango,hist_gradient_boosting,,,,6.0,,,0.0002192271894223524,0.020863221792030383,659.0,59.0,,,,,
63,0.7576658026044067,,0.7091749594297132,0.8350059636354172,3.282917817967004,COMPLETE,rango,hist_gradient_boosting,,,,6.0,,,0.00021549606205802977,0.023945916050306985,606.0,55.0,,,,,
64,0.6526466036296819,,0.8594872198828087,0.9996961044003554,3.994462459917409,COMPLETE,rango,hist_gradient_boosting,,,,7.0,,,1.3212681846012936e-05,0.029814056117063333,600.0,54.0,,,,,
65,0.438497514080453,,1.1006631827664988,1.2710366297484688,5.0917338107997185,COMPLETE,rango,hist_gradient_boosting,,,,9.0,,,0.000203005554062757,0.02542706379786127,567.0,56.0,,,,,
66,0.7549541353746794,,0.7119131174440867,0.8396647352517772,3.295647701368691,COMPLETE,rango,hist_gradient_boosting,,,,6.0,,,0.00013602326493489006,0.02348192178107181,616.0,59.0,,,,,
67,0.1718982185263388,,1.270235598068993,1.543562021225945,5.868341898169056,COMPLETE,rango,hist_gradient_boosting,,,,12.0,,,6.769194821654284e-05,0.04984486990135308,614.0,59.0,,,,,
68,-6.723610053616069,,4.398286180036773,4.71403056945734,18.5457106878075,COMPLETE,rango,hist_gradient_boosting,,,,49.0,,,0.0003169924150400574,0.024449707196218234,551.0,57.0,,,,,
69,0.7724482162270531,,0.6745984415679285,0.8091375330761085,3.1259313258434833,COMPLETE,rango,hist_gradient_boosting,,,,6.0,,,7.764740527593555e-06,0.03333514446740441,524.0,39.0,,,,,
70,0.5603688706488528,,0.9735374130909421,1.1246734503401041,4.512596985958419,COMPLETE,rango,hist_gradient_boosting,,,,8.0,,,5.244429487005504e-06,0.03836650587158434,456.0,39.0,,,,,
71,0.7648693012035193,,0.6916097196378574,0.822501866545966,3.2053970601777366,COMPLETE,rango,hist_gradient_boosting,,,,6.0,,,0.00011629057854723096,0.03328762069076629,528.0,49.0,,,,,
72,0.7640602522904668,,0.6903344823907619,0.8239157031996859,3.1944876382786656,COMPLETE,rango,hist_gradient_boosting,,,,6.0,,,4.7693133638378e-05,0.03341921496744481,513.0,34.0,,,,,
73,0.4033719287657248,,1.1071355074246543,1.3101893545052365,5.1330595427056,COMPLETE,rango,hist_gradient_boosting,,,,10.0,,,4.274651757082484e-06,0.03319696570191726,422.0,29.0,,,,,
74,0.7491513544981546,,0.7118712715921781,0.8495483584894805,3.294258568330805,COMPLETE,rango,hist_gradient_boosting,,,,6.0,,,3.191236889608709e-05,0.05993124680111509,507.0,33.0,,,,,
75,0.5587685493628328,,0.9659012594807077,1.1267185784007332,4.479610981197315,COMPLETE,rango,hist_gradient_boosting,,,,8.0,,,1.9462319588081118e-05,0.028691083396024393,528.0,33.0,,,,,
76,0.35906180425720746,,1.1790092236819534,1.3579703938118963,5.446842346999143,COMPLETE,rango,hist_gradient_boosting,,,,13.0,,,9.121388185572687e-06,0.016751073417355294,485.0,40.0,,,,,
77,0.7543523954395825,,0.7167772662877806,0.8406950525815476,3.3146580126990703,COMPLETE,rango,hist_gradient_boosting,,,,6.0,,,5.0122113172208345e-05,0.04500459665191944,365.0,45.0,,,,,
78,0.43830520850877164,,1.092080736838651,1.271254265918662,5.058748882918564,COMPLETE,rango,hist_gradient_boosting,,,,9.0,,,8.292463974962327e-05,0.01920750415385536,583.0,29.0,,,,,
79,0.26299053228930624,,1.2134712216996266,1.4561923941585249,5.614502246789968,COMPLETE,rango,hist_gradient_boosting,,,,11.0,,,0.058071172383860725,0.03518621566361983,640.0,49.0,,,,,
0,0.7175508820702466,,0.7528132755388893,0.9014721958739114,3.4543452812090836,COMPLETE,rango,xgboost,,10.0,,,,431.0,,0.08762050559064072,,,0.6202083881990965,3.96389588638785,3.3323645788192616e-08,0.6245760287469893,0.8193963178886665
1,0.6790395721815793,,0.8309367755775796,0.9609658846828516,3.855607184607642,COMPLETE,rango,xgboost,,8.0,,,,601.0,,0.005419290634672375,,,0.9245991883601898,5.034443102887247,4.329370014459266e-07,4.4734294104626844e-07,0.9864594334728974
2,0.7528681451526381,,0.6855656107868405,0.8432310485730471,3.1557574417149405,COMPLETE,rango,xgboost,,6.0,,,,378.0,,0.027091411597666194,,,0.8253338026250707,3.6503833523887947,4.258943089524393e-06,1.9826980964985924e-05,0.6810531130891189
3,0.8074888676962668,,0.5939488965870381,0.7442351009219201,2.7150576391011128,COMPLETE,rango,xgboost,,9.0,,,,492.0,,0.010919676461591487,,,0.8165865559879191,1.8825578416799567,0.0029369981104377003,3.425445902633376e-07,0.7814054972861253
4,0.7816982963317911,,0.623441901616779,0.792521015646626,2.848704259898562,COMPLETE,rango,xgboost,,10.0,,,,198.0,,0.21854952340652511,,,0.6870761961280168,2.8557701661212933,0.014391207615728067,9.148975058772307e-05,0.9137788066524075
5,-0.3194510092162337,,1.5181576334542914,1.9484033146694875,6.97013537199339,COMPLETE,rango,xgboost,,6.0,,,,241.0,,0.005719987374645638,,,0.6664509917200077,13.587923402725657,6.388511557344611e-06,0.0004793052550782129,0.959194180935452
6,-0.25319597306890707,,1.5455723319838504,1.8988546404215845,7.063587246600855,COMPLETE,rango,xgboost,,3.0,,,,560.0,,0.22195513835256983,,,0.9727745237038852,18.001719658125328,0.002404915432737351,1.9809253750493907,0.8988097705125015
7,-0.19010248383267658,,1.4147203247961393,1.8504374346970693,6.523723595243423,COMPLETE,rango,xgboost,,3.0,,,,216.0,,0.0059677388712406935,,,0.724904780360267,6.155631603704022,0.28749982347407854,1.6247252885719427e-05,0.696398648843469
8,-0.004201399171925413,,1.3683456630230415,1.699779691034145,6.300935871882659,COMPLETE,rango,xgboost,,6.0,,,,360.0,,0.008677528234927538,,,0.5835477896558969,19.75085179540983,0.08916674715636537,6.143857495033091e-07,0.9109886413393178
9,0.7730081662717355,,0.6390269383906532,0.8081413737364533,2.924281870710982,COMPLETE,rango,xgboost,,9.0,,,,154.0,,0.07941443105985017,,,0.8970716560086756,2.4068483829477167,1.683416412018213e-05,1.1036250149900698e-07,0.8780532256184443
10,-0.028407485638669128,,1.4128358318598262,1.720144136898023,6.494151723986629,COMPLETE,rango,xgboost,,8.0,,,,842.0,,0.01666223441452634,,,0.8045258908066315,9.109445012282968,4.3444691085504035,1.2784194237583953e-08,0.5580828440266691
11,0.7840396458616963,,0.6759311005089136,0.7882595487944529,3.0920942838742747,COMPLETE,rango,xgboost,,10.0,,,,709.0,,0.2426804718938446,,,0.7241372113559755,1.700174644128054,0.003138292940780035,0.0037653511867646863,0.7841199934470785
12,0.8183294573686402,,0.5747983046963203,0.7229770004307757,2.6336213548828953,COMPLETE,rango,xgboost,,8.0,,,,716.0,,0.014209533776572537,,,0.7558432418653083,1.142695885108246,0.00033989072966465994,0.012341345845574316,0.7585243287729058
13,0.4048948111520121,,1.1021741906732518,1.3085161687857794,5.115197796118029,COMPLETE,rango,xgboost,,8.0,,,,709.0,,0.013607795946499891,,,0.8429571114272176,8.23676295467294,0.0001051091584049076,0.024232408232010377,0.7075031777369191
14,-0.11525530502247161,,1.4528635450735865,1.7913043221528284,6.668953429354028,COMPLETE,rango,xgboost,,7.0,,,,827.0,,0.02820585838142635,,,0.7592846144327313,11.363119198868935,0.00014422243561457965,0.04394253214905615,0.6217889042380812
15,0.823096040141503,,0.5628045659081929,0.7134293995161022,2.5883654727189973,COMPLETE,rango,xgboost,,5.0,,,,651.0,,0.013095450545236082,,,0.8758282537222564,1.2561931888925701,0.0016447293604905204,0.0012372580731239355,0.7696647168834411
16,0.5647711142244689,,0.9812848668707237,1.1190283276392075,4.5501190190079,COMPLETE,rango,xgboost,,4.0,,,,707.0,,0.019955814426669542,,,0.8924774135489815,6.345090664244728,0.00031975039836670344,0.0012423149376142109,0.8334198231318661
17,-0.16385063970035008,,1.5001044095278813,1.8299147160569913,6.870487872362169,COMPLETE,rango,xgboost,,5.0,,,,667.0,,0.04515049078783396,,,0.9934342314941691,14.43669509276067,0.09603376914630732,0.04204888429671886,0.7300396907619721
18,-0.32604412241398184,,1.66833953818746,1.9532651988979401,7.590735866522722,COMPLETE,rango,xgboost,,2.0,,,,886.0,,0.04777887942268188,,,0.8714568302105422,7.086454969900423,9.07706872149379,8.905767315686068,0.6387431592846021
19,0.3298380723576496,,1.1579908940457833,1.3885838207857555,5.368592088766186,COMPLETE,rango,xgboost,,5.0,,,,766.0,,0.008417029901656553,,,0.7651198962155727,11.112279859331004,9.02732448571628e-07,0.01039625730420417,0.7447355250312212
20,0.7351887619813338,,0.7321079945996276,0.8728717353802251,3.3759020150399275,COMPLETE,rango,xgboost,,7.0,,,,616.0,,0.020502883966487518,,,0.9457839708643493,4.758122403936137,0.000596172749801179,0.2041475808495035,0.8290252112936277
21,0.8079521717699099,,0.5909349091907053,0.7433390102487478,2.7036176880446057,COMPLETE,rango,xgboost,,9.0,,,,490.0,,0.01107734065332641,,,0.796609555007911,1.0325067904610437,0.009232386965046373,4.971729863013928e-05,0.7821316663103195
22,0.8093444288868659,,0.5883305835783194,0.7406396786898095,2.7020135632502535,COMPLETE,rango,xgboost,,9.0,,,,502.0,,0.012909462548962141,,,0.7878675328498977,1.2734823215161,0.019666329472704802,9.17523187799879e-05,0.7513735732208698
23,0.6347626937770943,,0.8561908327268497,1.0251083956725657,3.990551089345519,COMPLETE,rango,xgboost,,5.0,,,,548.0,,0.01565966282181559,,,0.8493407959303368,1.2742606896529776,1.1079485817612587,4.743147405619558e-06,0.6612387484553437
24,0.7665289087000016,,0.6616121704830413,0.8195940210699534,3.05947921991321,COMPLETE,rango,xgboost,,7.0,,,,641.0,,0.008129243748147108,,,0.732354799598111,3.52795498055539,0.02610286213654043,0.0003433200995422919,0.7333759724041327
25,0.7330612723501772,,0.7608399649188068,0.8763710405060412,3.5197423762684683,COMPLETE,rango,xgboost,,8.0,,,,793.0,,0.026675732123026607,,,0.6821307860734651,5.176994991813128,2.7415521161467403e-05,0.0025095507420592232,0.8564032108578202
26,0.7890343286155024,,0.6253904202271725,0.7790908807114048,2.882292416748227,COMPLETE,rango,xgboost,,9.0,,,,759.0,,0.012143406430686442,,,0.7546728717053482,3.215522947164906,0.0011672456580228677,0.00016150870684011472,0.7609533413503784
27,0.3686608876932814,,1.1438994442472472,1.3477631334347668,5.30178503017851,COMPLETE,rango,xgboost,,4.0,,,,434.0,,0.04073400384887784,,,0.8731494549707148,8.645601224568134,5.970826690614986e-05,2.6934572591055333e-06,0.801320971557903
28,-0.18024323920942864,,1.5884640691896195,1.842756643453451,7.226465432915568,COMPLETE,rango,xgboost,,7.0,,,,573.0,,0.01962045647338519,,,0.7853090775932122,15.488750505155746,0.3933209509478818,0.0009579176608031938,0.583020872386178
29,0.7549908038861903,,0.6968707831949265,0.8396019094457502,3.2055598495323765,COMPLETE,rango,xgboost,,10.0,,,,317.0,,0.07247056497513157,,,0.6207422174685513,3.9552013338012832,0.03806114393719954,0.17023523792007056,0.8111184186828091
30,0.7689852266518321,,0.6430095104585856,0.8152712018223154,2.9902750529315734,COMPLETE,rango,xgboost,,4.0,,,,488.0,,0.007015053686489868,,,0.8479514318152331,2.417566998693703,2.4249713988677684e-08,0.0045431650253145986,0.7134051532046188
31,0.8064268728791172,,0.5928401915291657,0.7462850779157418,2.719629392349252,COMPLETE,rango,xgboost,,9.0,,,,501.0,,0.009993683338915501,,,0.7784596175059667,1.1313624197130343,0.011067606031871765,2.5295435902592424e-05,0.7606863097168565
32,0.7651669558140705,,0.6886375481632545,0.8219810944739522,3.186735817417651,COMPLETE,rango,xgboost,,8.0,,,,645.0,,0.012814227812950572,,,0.7993322338477125,4.6879892029317904,0.003518294595575072,9.970781331501311e-05,0.7899371409042152
33,0.8083188153294026,,0.5891545551389988,0.7426291072365733,2.6928643020459586,COMPLETE,rango,xgboost,,9.0,,,,448.0,,0.01548121191852081,,,0.9256136016106172,1.345621810065003,0.007971505473604281,4.522459646540039e-05,0.848422600110811
34,0.7885856458383776,,0.6136989145464967,0.7799189277371233,2.8090280265494165,COMPLETE,rango,xgboost,,10.0,,,,449.0,,0.031575211105733456,,,0.9334667150653168,2.5092337707986214,0.0007647392475536677,1.0581495315412259e-05,0.8530424394988941
35,0.7624472208348687,,0.6969902516815921,0.8267273070491267,3.228065003198376,COMPLETE,rango,xgboost,,9.0,,,,380.0,,0.022525259582042906,,,0.9094401300972033,4.238631466786133,1.4596474028247443e-07,0.0002685847698330212,0.7521255325691945
36,0.762474382108913,,0.6755256680155077,0.8266800425866241,3.124031030454287,COMPLETE,rango,xgboost,,8.0,,,,590.0,,0.01395334982723782,,,0.9462918323983716,3.0941892504441255,0.0993766608488373,0.013149918525421106,0.6713446546036314
37,0.735083275891597,,0.7566673748749971,0.8730455698806939,3.4965890916986444,COMPLETE,rango,xgboost,,10.0,,,,527.0,,0.017120198037142924,,,0.8205286277557111,5.646663052913061,0.0002805713058464426,0.0008875499680133121,0.9773103894483848
38,0.7620454643690336,,0.6651799549532317,0.8274261048663661,3.080897548838336,COMPLETE,rango,xgboost,,7.0,,,,399.0,,0.006837570304515064,,,0.9722274599293794,2.085391236227561,0.005452390218348376,4.089383256336722e-05,0.8606217606396747
39,0.39087029773373627,,1.2012144560363052,1.3238449204899356,5.5347697354640095,COMPLETE,rango,xgboost,,6.0,,,,283.0,,0.1616991126858668,,,0.7038343012063484,7.169733057092568,0.0015195978891472898,1.2130320469096681e-06,0.8273647222031253
40,0.8170563419264529,,0.5805920041018777,0.725505826065259,2.6643945237589826,COMPLETE,rango,xgboost,,6.0,,,,682.0,,0.01014676415884338,,,0.6394031098753601,1.0232584572107495,7.703681668328635e-06,7.000951572097305e-06,0.6863333012916892
41,0.8177519065531107,,0.579296914380198,0.7241253005691878,2.660175349527625,COMPLETE,rango,xgboost,,6.0,,,,686.0,,0.009441098803905477,,,0.6369784431933478,1.9991579622629392,4.6466609605487975e-06,4.8920963316303006e-06,0.693624047683964
42,0.7567520082711048,,0.6862493357473474,0.836578803490744,3.1696177708908104,COMPLETE,rango,xgboost,,6.0,,,,671.0,,0.011125191583713516,,,0.6465068867521171,3.2271526829724158,2.6151948215737426e-06,6.9720345694197275e-06,0.6907737161464889
43,0.7851347440289733,,0.6209859385964708,0.7862584438082214,2.8849246422111254,COMPLETE,rango,xgboost,,5.0,,,,741.0,,0.005073647165608445,,,0.5614549659124125,2.150243269988312,5.7023547807152885e-06,6.21092102742956e-08,0.6471639465457887
44,0.7707511151403035,,0.660007873481361,0.8121492373307625,3.051952186969377,COMPLETE,rango,xgboost,,5.0,,,,610.0,,0.010195922648371082,,,0.6241878832619756,3.707020517968153,3.2750340953417674e-07,2.1570365486606067e-07,0.7232471377217556
45,0.8216292131688022,,0.5726644445006354,0.716381049598105,2.6466157649742015,COMPLETE,rango,xgboost,,6.0,,,,675.0,,0.006751498147316708,,,0.5910814288158325,1.8587236250698895,2.1201486682270336e-05,1.277073168879583e-06,0.6174802860888808
46,0.7871891776518956,,0.6283860274365316,0.7824905113056823,2.9145170784922674,COMPLETE,rango,xgboost,,6.0,,,,686.0,,0.006503024815462511,,,0.5750455160748258,2.4708963606393906,1.6604795497517043e-05,1.2587221752451281e-06,0.6048337505673125
47,0.8202239411911805,,0.5760010689246046,0.7191974726076488,2.6476060435411486,COMPLETE,rango,xgboost,,6.0,,,,803.0,,0.009008936723493538,,,0.5947136573795407,1.9805985566639535,1.7805369348525684e-06,4.8941365657669635e-08,0.6872585521669908
48,0.24727159652881436,,1.1857472112597387,1.4716392993591927,5.498059051625525,COMPLETE,rango,xgboost,,6.0,,,,813.0,,0.007700936747633676,,,0.5975859624498946,9.741902445678114,9.534692449033482e-07,1.8771186152347895e-08,0.5538284854638127
49,0.69257343977377,,0.797000391756113,0.940487261983492,3.7076112663059435,COMPLETE,rango,xgboost,,4.0,,,,895.0,,0.0057648257955158645,,,0.6043905572777616,4.105160959948538,5.378054722732622e-08,4.912150923191024e-08,0.6249617165880681
50,0.5566940024329277,,0.9510503893907433,1.129364230153443,4.421438560954803,COMPLETE,rango,xgboost,,5.0,,,,857.0,,0.009058620359036776,,,0.6515842619101284,5.806316949402188,2.3893547101729647e-06,3.84815653987133e-07,0.5934370147505343
51,0.8305465372153411,,0.5600194899300446,0.6982443801520004,2.5767294195522745,COMPLETE,rango,xgboost,,6.0,,,,728.0,,0.009718080260036965,,,0.5507329173810498,1.912236606863578,1.3571783898576685e-05,1.9589922246895182e-06,0.6798815388958832
52,0.8264499454359973,,0.5675471213662749,0.7066341176661337,2.6141323124456246,COMPLETE,rango,xgboost,,7.0,,,,743.0,,0.00754566074104623,,,0.5511423262624568,1.9294339384774009,4.417819559367762e-05,9.702562372166408e-07,0.6598314369782501
53,0.8065304118012314,,0.5898849946138894,0.7460854637208164,2.7311745009166724,COMPLETE,rango,xgboost,,7.0,,,,741.0,,0.0072555641193611485,,,0.5579796382555015,2.6446558698477656,6.289100228353391e-05,1.9207372888936286e-07,0.6590898479919697
54,0.8150135852897441,,0.5849622166568094,0.729545096097254,2.6896613809494627,COMPLETE,rango,xgboost,,6.0,,,,788.0,,0.006247466809667231,,,0.5848196953598391,1.7751566483642074,3.1078378719548346e-05,6.977666457548702e-07,0.7077025574854969
55,0.7892867051046516,,0.6154059901711778,0.778624731266108,2.855375673247891,COMPLETE,rango,xgboost,,7.0,,,,725.0,,0.005519463663219628,,,0.5553956706716725,2.9744802148169827,0.00031736414007075094,3.770265526901254e-08,0.6397989218903543
56,-0.14798358037033066,,1.5392815491415917,1.8173980724628098,7.0233627770673825,COMPLETE,rango,xgboost,,7.0,,,,780.0,,0.008263401245697353,,,0.6000351244847423,17.07957550874729,1.1071579710089297e-05,1.9331223964396754e-06,0.6754888291075513
57,0.15323625701137433,,1.2457457021436074,1.5608578463346405,5.768383799557094,COMPLETE,rango,xgboost,,5.0,,,,856.0,,0.01147788894032872,,,0.5815873007527841,11.792107078054162,0.00011817367139218263,1.444199373036018e-07,0.6231630312587271
58,0.67485351582384,,0.8207224575757475,0.9672121781310521,3.8130463542302686,COMPLETE,rango,xgboost,,8.0,,,,637.0,,0.0141450662891692,,,0.6770397694750637,4.63617976347535,4.087539725408452e-05,1.51579897923812e-08,0.6036438511198146
59,0.8248934248544066,,0.5580930426926384,0.7097958435367069,2.5874043458530767,COMPLETE,rango,xgboost,,6.0,,,,827.0,,0.008768740335388308,,,0.5503115619058689,1.6987996436724764,5.331745081986542e-07,0.05147295946571318,0.6540296732347287
60,0.5111917614801755,,1.0327714848898795,1.1859093234108256,4.785839068174276,COMPLETE,rango,xgboost,,6.0,,,,817.0,,0.008626681906541114,,,0.5505783379190415,6.715308665114722,1.1041100693032166e-06,0.35322223713187867,0.6626784296013919
61,0.8299428264969211,,0.5553724747774637,0.699487089579317,2.5751778299890353,COMPLETE,rango,xgboost,,7.0,,,,755.0,,0.007688729181642909,,,0.5705745046883528,1.8622501967967573,2.796662845646158e-07,0.03768413113294071,0.5803256812900937
62,0.814811145134765,,0.5807667025471034,0.7299441763179937,2.692142108307044,COMPLETE,rango,xgboost,,6.0,,,,760.0,,0.007636997917016423,,,0.5689955122999737,1.8371150496327564,8.400078909648153e-08,0.09353347072770006,0.5885509595444838
63,0.4506555367664661,,1.0086241024689417,1.257200661189507,4.70390652890464,COMPLETE,rango,xgboost,,7.0,,,,805.0,,0.006220556678779682,,,0.5932477519838313,3.579492898967356,3.549810118425768e-07,3.1484147621719605,0.5669203947869613
64,0.6319862925858305,,0.8269325397130133,1.028997269845188,3.8656795224953884,COMPLETE,rango,xgboost,,5.0,,,,836.0,,0.005163743578247961,,,0.6149567613969805,1.6670302563992145,1.3799923528823421e-08,1.4582699132265744,0.5747100175529383
65,0.8146643569513816,,0.5748627167818582,0.7302334106669061,2.668097192115953,COMPLETE,rango,xgboost,,7.0,,,,729.0,,0.009353887362526826,,,0.5728098058453012,2.8988810645378047,2.033229216460995e-06,0.02944621334267175,0.6156636571346091
66,0.6109882147137085,,0.9089963007052234,1.0579462518141676,4.2229807828245685,COMPLETE,rango,xgboost,,5.0,,,,875.0,,0.007231782735929029,,,0.6139354856555008,5.258246168304674,5.8240223799368e-07,0.073409070805932,0.6444516252302195
67,0.8286112346209934,,0.5565817848402728,0.7022203323857067,2.5703444804552533,COMPLETE,rango,xgboost,,6.0,,,,765.0,,0.012083197464717378,,,0.5509682557850549,1.7449119150272756,1.6906379725201416e-07,0.006416033432163017,0.6557543831836475
68,0.34968958776675874,,1.1691299579259038,1.3678629258580124,5.411931245635528,COMPLETE,rango,xgboost,,7.0,,,,701.0,,0.011538635795407632,,,0.5656711407442606,12.438623945626102,2.1319931018920348e-07,0.005863228169712619,0.9413917769453339
69,0.6298408920652017,,0.8816522438950082,1.0319922713408718,4.094622901287335,COMPLETE,rango,xgboost,,3.0,,,,769.0,,0.0593863843316646,,,0.5550108651877314,4.363281450606477,1.2145535163817548e-07,0.0016400149229955218,0.6526412181522456
70,-0.4420347647679501,,1.8551369339675456,2.0369017916418852,8.329752269979487,COMPLETE,rango,xgboost,,6.0,,,,748.0,,0.018445465423238678,,,0.5811908847809996,19.753932073005004,3.766289899880313e-08,0.009266122082923166,0.6334496721600852
71,0.8240646676115229,,0.5862684426652178,0.7114735477054648,2.678007562811287,COMPLETE,rango,xgboost,,6.0,,,,650.0,,0.11015338089881467,,,0.5870529788558445,1.7005839350668688,1.4036780131774387e-05,0.020023429692430563,0.6802769507147225
72,0.8540731862355025,,0.49141901697005735,0.6479623545913386,2.2631347312713253,COMPLETE,rango,xgboost,,6.0,,,,707.0,,0.10394174695773986,,,0.5709350631695265,1.552738124267896,2.129621545529652e-05,0.016604118990686104,0.6051306553953714
73,0.7966480770514408,,0.602393619459061,0.7649030042868977,2.7769446869194843,COMPLETE,rango,xgboost,,5.0,,,,654.0,,0.12140704611661196,,,0.5699070765415762,2.676843367144884,1.0976996789837624e-05,0.0029544916290400168,0.601990974829868
74,0.8301265373118453,,0.5598949754394272,0.6991091635426251,2.569636189427886,COMPLETE,rango,xgboost,,6.0,,,,705.0,,0.11377013862576474,,,0.6056176101784968,1.0047434124262362,0.0001835432739464519,0.02369296950323961,0.6727220691675219
75,0.8411895684770619,,0.5461106348056769,0.6759611526181577,2.505046661436774,COMPLETE,rango,xgboost,,7.0,,,,711.0,,0.09761940309988669,,,0.551383926260563,1.4618286108974439,0.00015713313350244662,0.01742587196204366,0.6694059086417732
76,0.7447143722294118,,0.6995020991380576,0.8570287825573513,3.241554073379572,COMPLETE,rango,xgboost,,7.0,,,,707.0,,0.09547633830038804,,,0.55120036753132,3.3860088363431404,6.087320565397011e-05,0.06160980836218239,0.6661120041619835
77,0.8051587916238971,,0.5972562763658226,0.7487255130196527,2.737567094276465,COMPLETE,rango,xgboost,,8.0,,,,774.0,,0.18052542879420883,,,0.5687224164909693,1.0022779168595104,0.00011800765203609314,0.2475499201970871,0.7022440970030994
78,0.7397734097738935,,0.7075783569971626,0.8652827791774879,3.244599089593578,COMPLETE,rango,xgboost,,7.0,,,,728.0,,0.13661080513589993,,,0.6259834530621395,2.3233198367251773,0.00017258097901315028,0.1040529847407448,0.632532903374135
79,0.7849801747001888,,0.6014534895067434,0.7865412014612908,2.793795096978223,COMPLETE,rango,xgboost,,7.0,,,,830.0,,0.08348180436285998,,,0.6093668885431212,1.5368832655797702,0.0006056251828250332,0.035508560449821785,0.5667877777963667
0,-187.77595491092416,0.041858227295469716,8.656411160743572,8.711007136305126,32.24176742365606,COMPLETE,total,ridge,,,,,,,,,,,,,,,
1,-33.28189099425209,451.85609510240965,3.6712936786642065,3.7121662373771867,15.102261637764258,COMPLETE,total,ridge,,,,,,,,,,,,,,,
2,-0.2885294881604641,13.3032451015229,0.5709821392701601,0.7196846048565672,2.5600666384221626,COMPLETE,total,ridge,,,,,,,,,,,,,,,
3,-11.99775599878245,1.55099139875943,2.1564410069711997,2.2857525954162137,9.143600097709086,COMPLETE,total,ridge,,,,,,,,,,,,,,,
4,-207.73961135549754,0.0012363188277052211,9.109164168036749,9.160042040615137,33.644339682203125,COMPLETE,total,ridge,,,,,,,,,,,,,,,
5,-207.7398530152233,0.0012358382772306934,9.109169522319654,9.160047342945136,33.64435613340036,COMPLETE,total,ridge,,,,,,,,,,,,,,,
6,-208.23316003174517,0.00025502648504032837,9.120093445800121,9.170864752709422,33.677913621299446,COMPLETE,total,ridge,,,,,,,,,,,,,,,
7,-9.832473360051354,115.67327199145953,2.0326124037032596,2.0866943803646856,8.663035458849379,COMPLETE,total,ridge,,,,,,,,,,,,,,,
8,-10.97340138915857,1.6136341713591311,2.0602085310512486,2.1938342001859277,8.75346845008525,COMPLETE,total,ridge,,,,,,,,,,,,,,,
9,-0.34593721147226053,9.047071957568372,0.5963331305420662,0.7355419246109647,2.6762102615736656,COMPLETE,total,ridge,,,,,,,,,,,,,,,
10,-199.56234216165163,0.01759269290177328,8.926305335424201,8.978829565866054,33.080642048158175,COMPLETE,total,ridge,,,,,,,,,,,,,,,
11,0.21519791055717807,21.960517556813034,0.5058644891975094,0.5616620838716976,2.255567389978929,COMPLETE,total,ridge,,,,,,,,,,,,,,,
12,-9.485280628260815,113.02764716835573,1.9981612396871575,2.052981618189779,8.522766004836756,COMPLETE,total,ridge,,,,,,,,,,,,,,,
13,-0.22750457124529722,14.3894261149651,0.5583675965335798,0.7024357242786596,2.5020272814025386,COMPLETE,total,ridge,,,,,,,,,,,,,,,
14,-0.018577206585093764,17.645874545686592,0.5194603562326569,0.6398703821736362,2.32291741594448,COMPLETE,total,ridge,,,,,,,,,,,,,,,
15,-173.08398425010853,0.07404328350309963,8.30830578617386,8.365163629315013,31.147450826562267,COMPLETE,total,ridge,,,,,,,,,,,,,,,
16,-45.646356674003414,0.7007346328887591,4.247254191306809,4.330159522399677,17.241083203802898,COMPLETE,total,ridge,,,,,,,,,,,,,,,
17,-37.88620479014905,618.155331427154,3.912783476172891,3.9536007562697617,16.01422762921705,COMPLETE,total,ridge,,,,,,,,,,,,,,,
18,0.17610874789859554,34.67822756985271,0.47653027733138015,0.5754796588075104,2.1101911181747326,COMPLETE,total,ridge,,,,,,,,,,,,,,,
19,-1.1926146101342794,3.206189270127587,0.7571427099431679,0.9388067066345105,3.3154443899051302,COMPLETE,total,ridge,,,,,,,,,,,,,,,
20,-3.484423857113982,69.44324926302441,1.2590206952103866,1.342605304794577,5.462059125041541,COMPLETE,total,ridge,,,,,,,,,,,,,,,
21,0.14524760989710916,35.334644141333435,0.47533031368654655,0.5861586706045585,2.104294553423972,COMPLETE,total,ridge,,,,,,,,,,,,,,,
22,-120.44201684783096,0.222431526133539,6.922751343797846,6.986819395841075,26.647428910621567,COMPLETE,total,ridge,,,,,,,,,,,,,,,
23,-0.09767184818432062,39.4090276031539,0.5033055508194403,0.6642495894527292,2.2221548861862197,COMPLETE,total,ridge,,,,,,,,,,,,,,,
24,-19.34345037585804,202.86659345470113,2.81567306641705,2.8596134993520983,11.795936154462224,COMPLETE,total,ridge,,,,,,,,,,,,,,,
25,-2.0500026756409824,2.828205613014168,0.8721379512744262,1.1072486049930172,3.800740125135276,COMPLETE,total,ridge,,,,,,,,,,,,,,,
26,-41.730447416680505,840.777229254154,4.103466329790877,4.144419913039795,16.727903626562313,COMPLETE,total,ridge,,,,,,,,,,,,,,,
27,0.3241446857956265,29.73360624358965,0.48643294932898645,0.5212209915878082,2.159057661382235,COMPLETE,total,ridge,,,,,,,,,,,,,,,
28,-108.22835760743845,0.268935872953632,6.560271343947157,6.626172433578912,25.43034578359991,COMPLETE,total,ridge,,,,,,,,,,,,,,,
29,-0.3751965852443502,3.946592783273939,0.6417961807865448,0.74349392493967,2.8399318298394856,COMPLETE,total,ridge,,,,,,,,,,,,,,,
30,-25.492315695098764,285.1324658878474,3.2214686798760503,3.2632849081378597,13.378854984229793,COMPLETE,total,ridge,,,,,,,,,,,,,,,
31,0.1908739159638937,34.34397723110658,0.4771509164506161,0.5702996861295211,2.1132432387529447,COMPLETE,total,ridge,,,,,,,,,,,,,,,
32,-0.7022087953725817,46.56501077649644,0.6743586438096975,0.8271827073822837,2.969304645052893,COMPLETE,total,ridge,,,,,,,,,,,,,,,
33,-0.0696720343405357,5.466714667177825,0.5819561205363453,0.6557229023442536,2.5994579337046306,COMPLETE,total,ridge,,,,,,,,,,,,,,,
34,0.3022130558961095,30.95470067520838,0.48383580134800513,0.5296103347747153,2.146209659346243,COMPLETE,total,ridge,,,,,,,,,,,,,,,
35,-21.37545465449052,226.95369331148427,2.9559930571252973,2.9990310760512404,12.346365497806728,COMPLETE,total,ridge,,,,,,,,,,,,,,,
36,-47.716042851986025,0.6760807502482785,4.343330059326216,4.425180944000378,17.596586944558364,COMPLETE,total,ridge,,,,,,,,,,,,,,,
37,-0.017056759310770442,17.669765049425646,0.5193779241622837,0.6393926311963766,2.3225111871909476,COMPLETE,total,ridge,,,,,,,,,,,,,,,
38,-0.26261147238555527,7.72360481293756,0.5885632839725469,0.7124098199158867,2.6395470443276405,COMPLETE,total,ridge,,,,,,,,,,,,,,,
39,-203.58905275578812,0.009508374156265638,9.016776321698728,9.06851607999121,33.36000200888963,COMPLETE,total,ridge,,,,,,,,,,,,,,,
40,-7.6156716099040285,99.15307512868114,1.8011962229147198,1.8609709777601628,7.716779853014989,COMPLETE,total,ridge,,,,,,,,,,,,,,,
41,0.3248431166301564,25.879424303801358,0.4953836610373881,0.5209516063345769,2.2034617723598813,COMPLETE,total,ridge,,,,,,,,,,,,,,,
42,0.1953942492406503,21.503198805228475,0.5071935532457452,0.5687044123307764,2.262171808444173,COMPLETE,total,ridge,,,,,,,,,,,,,,,
43,-11.95851065464982,1.553281967106247,2.152832322179624,2.2822991930200627,9.128999224725286,COMPLETE,total,ridge,,,,,,,,,,,,,,,
44,-0.1897343209454343,15.001782492986523,0.5506825234993524,0.6915443328761258,2.4666989611801085,COMPLETE,total,ridge,,,,,,,,,,,,,,,
45,-9.260289510966953,111.32605859373008,1.9755110817657915,2.0308359339015407,8.430430864936024,COMPLETE,total,ridge,,,,,,,,,,,,,,,
46,-0.32535692183881904,8.621631840340632,0.5951035428037473,0.729896795446327,2.670321780188674,COMPLETE,total,ridge,,,,,,,,,,,,,,,
47,-35.83333710749498,0.8398402666875419,3.75870184193612,3.8478272462679595,15.411528467264688,COMPLETE,total,ridge,,,,,,,,,,,,,,,
48,-32.9317318796812,441.9472806974466,3.652270447607099,3.6931593351007415,15.030032207113836,COMPLETE,total,ridge,,,,,,,,,,,,,,,
49,-3.639034914507808,70.57595690679074,1.2835341467244892,1.3655539165839914,5.565165735338595,COMPLETE,total,ridge,,,,,,,,,,,,,,,
50,0.17126461335801502,20.983804419068814,0.5087327503956013,0.5771689686891219,2.269817140187362,COMPLETE,total,ridge,,,,,,,,,,,,,,,
51,0.26684914927031556,32.29310743189793,0.481107643842235,0.5428648258209867,2.132736478765657,COMPLETE,total,ridge,,,,,,,,,,,,,,,
52,-17.370177401785472,181.74310017883062,2.6723061940888004,2.7173883351842836,11.230160559412571,COMPLETE,total,ridge,,,,,,,,,,,,,,,
53,-0.3650841438538295,9.651964765329465,0.5964271429178319,0.7407552577275714,2.6768829119556163,COMPLETE,total,ridge,,,,,,,,,,,,,,,
54,0.24376045783927647,22.686757147532855,0.5038024245971796,0.5513466277519489,2.2453168247817135,COMPLETE,total,ridge,,,,,,,,,,,,,,,
55,-2.3816693526028265,61.134296316876885,1.0675282143488019,1.1658981211261894,4.652756037984091,COMPLETE,total,ridge,,,,,,,,,,,,,,,
56,-4.817035214356312,2.2082195757133896,1.346784330787587,1.5291351731734661,5.810348018540288,COMPLETE,total,ridge,,,,,,,,,,,,,,,
57,-0.06802152247725579,5.400955382766388,0.5825270133412767,0.6552168143995856,2.601463950070186,COMPLETE,total,ridge,,,,,,,,,,,,,,,
58,-208.30139621980095,0.00011937800715915961,9.121603555097991,9.172360055459434,33.68255152820725,COMPLETE,total,ridge,,,,,,,,,,,,,,,
59,0.3291900228327287,29.327193790836454,0.4873213493904102,0.5192718600638989,2.163456964466119,COMPLETE,total,ridge,,,,,,,,,,,,,,,
60,-33.38594552086585,454.86009668594465,3.676927590356914,3.7177956677761275,15.123642094324468,COMPLETE,total,ridge,,,,,,,,,,,,,,,
61,0.3370597922669024,28.227216473715156,0.4897887560293241,0.5162168919176752,2.175685960732368,COMPLETE,total,ridge,,,,,,,,,,,,,,,
62,-14.149121642650929,151.12625613842178,2.4199314117873314,2.4676795273149885,10.225767605321316,COMPLETE,total,ridge,,,,,,,,,,,,,,,
63,0.3358816228075582,28.50425588328824,0.4891584815879983,0.5166753955593061,2.1725607943089713,COMPLETE,total,ridge,,,,,,,,,,,,,,,
64,-3.77056757559886,71.53538549310454,1.3040176867978222,1.384777688732755,5.651236490770061,COMPLETE,total,ridge,,,,,,,,,,,,,,,
65,0.2594808817241887,32.52730793741708,0.4806424442104831,0.5455859393476625,2.130441604225389,COMPLETE,total,ridge,,,,,,,,,,,,,,,
66,-0.3690288905263166,11.028298279462836,0.5910410091870014,0.7418247829542542,2.652354973457344,COMPLETE,total,ridge,,,,,,,,,,,,,,,
67,-207.75244787569142,0.001210792978274932,9.10944857375277,9.160323686384762,33.64521352303648,COMPLETE,total,ridge,,,,,,,,,,,,,,,
68,-0.24049262534405735,4.209153081796248,0.6093768618972663,0.7061421328809943,2.704848218336335,COMPLETE,total,ridge,,,,,,,,,,,,,,,
69,-0.2930835239674605,41.99809287609188,0.5605573518661279,0.7209552698725076,2.473921679080971,COMPLETE,total,ridge,,,,,,,,,,,,,,,
70,-141.52061138181554,0.15487567162499155,7.507745263849711,7.5689192159821275,28.576227492977097,COMPLETE,total,ridge,,,,,,,,,,,,,,,
71,0.33618847238315486,28.443118718357866,0.489297051557631,0.5165560192939532,2.173247804430695,COMPLETE,total,ridge,,,,,,,,,,,,,,,
72,-7.0613758796963015,95.13565204130289,1.7384546285439917,1.800112374642578,7.458587442039162,COMPLETE,total,ridge,,,,,,,,,,,,,,,
73,0.3218642838127843,25.674150932225178,0.4958955151584921,0.5220995764254522,2.2060052770112497,COMPLETE,total,ridge,,,,,,,,,,,,,,,
74,-0.20858510882779635,7.128030260526614,0.5805011544666515,0.6970014010748278,2.601847678100099,COMPLETE,total,ridge,,,,,,,,,,,,,,,
75,-0.3465561528185288,11.954618294431665,0.5841807061791133,0.7357110279609066,2.6208199580434073,COMPLETE,total,ridge,,,,,,,,,,,,,,,
76,-27.559207306516996,320.52587397809293,3.3467661211329847,3.3881927286873936,13.862170412778104,COMPLETE,total,ridge,,,,,,,,,,,,,,,
77,-1.7408818351175297,55.996779277873124,0.9378826620733941,1.0496395537844605,4.100914559771427,COMPLETE,total,ridge,,,,,,,,,,,,,,,
78,0.31052388209239046,25.03072203189255,0.4975249586435642,0.5264469882346374,2.214104144476842,COMPLETE,total,ridge,,,,,,,,,,,,,,,
79,-0.14467364202181932,15.704905169298765,0.5414592275579881,0.6783219534092003,2.4243366316414643,COMPLETE,total,ridge,,,,,,,,,,,,,,,
0,-47.53894813827324,0.0074593432857265485,4.383549318389435,4.417130314089561,17.764212065428765,COMPLETE,total,elasticnet,0.9056428757689245,,,,,,,,,,,,,,
1,0.44911941779759024,0.4570563099801455,0.37537330611853886,0.4705694879529343,1.6645493169603394,COMPLETE,total,elasticnet,0.588792635777333,,,,,,,,,,,,,,
2,-130.09517313271283,0.0006026889128682511,7.214820611507018,7.259193655537363,27.62513806105551,COMPLETE,total,elasticnet,0.19039506830258235,,,,,,,,,,,,,,
3,-123.06130295048702,0.00019517224641449495,7.04136574009669,7.0617640168122096,27.053783242013584,COMPLETE,total,elasticnet,0.8295585311974416,,,,,,,,,,,,,,
4,0.4998435561071126,0.10129197956845731,0.39890674808727944,0.4483817894666589,1.7714839799256148,COMPLETE,total,elasticnet,0.6872653200164409,,,,,,,,,,,,,,
5,-227.82881852616148,0.00012674255898937226,9.555339738010062,9.590701864432555,35.00650134566581,COMPLETE,total,elasticnet,0.9229188669457948,,,,,,,,,,,,,,
6,-0.75481273333239,1.452824663751602,0.6871000851738659,0.8398668121186661,3.0233567128182317,COMPLETE,total,elasticnet,0.24110519961044852,,,,,,,,,,,,,,
7,-120.050222196504,0.0008111941985431928,6.932920385716372,6.97553989823123,26.69170203094351,COMPLETE,total,elasticnet,0.21506405886809044,,,,,,,,,,,,,,
8,-56.71094417565802,0.0033205591037519565,4.793405693184989,4.816417452750767,19.260231890526423,COMPLETE,total,elasticnet,0.522280788469014,,,,,,,,,,,,,,
9,-63.38436314951973,0.01444525102276306,5.038637070214857,5.087275223563063,20.140738240323934,COMPLETE,total,elasticnet,0.3121062261782377,,,,,,,,,,,,,,
10,-0.2900445155325466,0.1466347391866951,0.609141842063463,0.7201075759927894,2.7317029911622286,COMPLETE,total,elasticnet,0.6954268723777908,,,,,,,,,,,,,,
11,-0.05383402245548963,0.2941038759592651,0.5227939303670013,0.6508503449182922,2.337882675609342,COMPLETE,total,elasticnet,0.5822453868053145,,,,,,,,,,,,,,
12,-55.64789586357091,7.546857382964185,4.729545473131078,4.771851534802652,19.032151386467703,COMPLETE,total,elasticnet,0.6923504838788028,,,,,,,,,,,,,,
13,0.32414968190739546,0.12337029041570544,0.4445184816222927,0.521219065078474,1.9699347345048313,COMPLETE,total,elasticnet,0.4032076028923692,,,,,,,,,,,,,,
14,-0.4852030757412038,0.8282245617333772,0.60365208223139,0.7726591493290755,2.7134036007969984,COMPLETE,total,elasticnet,0.061859059217006296,,,,,,,,,,,,,,
15,0.1773454257347845,0.0690667850864024,0.47437868329943217,0.5750475931673309,2.095081306212682,COMPLETE,total,elasticnet,0.6774403085060852,,,,,,,,,,,,,,
16,-20.197476102770942,3.181141819691148,2.8763247915717183,2.91902025659399,12.034736836353895,COMPLETE,total,elasticnet,0.4290757298102156,,,,,,,,,,,,,,
17,0.6448115880229462,0.4978011207421547,0.32692764145736203,0.37785434958669795,1.4446887631671963,COMPLETE,total,elasticnet,0.7765052276167822,,,,,,,,,,,,,,
18,0.2430511907915167,0.06112847920145654,0.4606681079776879,0.5516051175065259,2.036584688138284,COMPLETE,total,elasticnet,0.786407001702922,,,,,,,,,,,,,,
19,-6.951667271860236,0.028159458972484237,1.6985647273933757,1.7878213992533234,7.288746171991871,COMPLETE,total,elasticnet,0.7870664442148092,,,,,,,,,,,,,,
20,-11.468952344467986,2.0240249635551524,2.19708133924645,2.238772760697081,9.330508764338724,COMPLETE,total,elasticnet,0.6412287422835237,,,,,,,,,,,,,,
21,0.4523822700630993,0.7216401968118877,0.4230977927893136,0.469173832469792,1.8748706886164268,COMPLETE,total,elasticnet,0.507452134737317,,,,,,,,,,,,,,
22,-0.07233134278766395,0.3204888885341094,0.49493436466552093,0.656537491745185,2.2121826769332875,COMPLETE,total,elasticnet,0.47685441439898696,,,,,,,,,,,,,,
23,-55.64789586357091,6.366060137088433,4.729545473131078,4.771851534802652,19.032151386467703,COMPLETE,total,elasticnet,0.7688053391681984,,,,,,,,,,,,,,
24,0.5408442826390166,0.5389786331366423,0.3891751495206517,0.42961064102809005,1.725880240440132,COMPLETE,total,elasticnet,0.570367851417863,,,,,,,,,,,,,,
25,-0.4675241781915056,0.19451956456250807,0.6726312009546221,0.7680467649500322,3.0206582011389913,COMPLETE,total,elasticnet,0.8549336881900487,,,,,,,,,,,,,,
26,-2.0423122316680615,0.04071812891922138,0.9850881895648715,1.1058517852622027,4.300104551011322,COMPLETE,total,elasticnet,0.5924815361057166,,,,,,,,,,,,,,
27,-1.4978364804398483,1.116592205199284,0.9313244829982246,1.0020214851328424,4.075528910903413,COMPLETE,total,elasticnet,0.7420401507373823,,,,,,,,,,,,,,
28,-30.58663958244682,3.213292591168411,3.5247794233048637,3.5632536944729685,14.544445167131823,COMPLETE,total,elasticnet,0.6394437773077059,,,,,,,,,,,,,,
29,-41.653268154010796,0.008631221064588296,4.104800630115191,4.140675418699207,16.730937126665538,COMPLETE,total,elasticnet,0.8523884270608129,,,,,,,,,,,,,,
30,-18.759488794692373,0.02108377069981044,2.7470472284393153,2.8182718575578596,11.516641292068668,COMPLETE,total,elasticnet,0.9256485637866689,,,,,,,,,,,,,,
31,0.4822226615144535,0.5306241410372767,0.41160924973993157,0.45621183868957305,1.8273790209384566,COMPLETE,total,elasticnet,0.5218770493460431,,,,,,,,,,,,,,
32,0.5200461196994577,0.5078856659327249,0.38209448762230025,0.4392328215802727,1.6942573512680068,COMPLETE,total,elasticnet,0.5805024327495306,,,,,,,,,,,,,,
33,0.36327248354995356,0.0887140710380505,0.4314670087410229,0.505908342299471,1.9114796921231056,COMPLETE,total,elasticnet,0.583976107577182,,,,,,,,,,,,,,
34,-0.2509229485714186,0.23852833098797757,0.6069722365308093,0.709104614503344,2.72067501179484,COMPLETE,total,elasticnet,0.7296057604399429,,,,,,,,,,,,,,
35,0.3525309603749628,0.5509059138141574,0.4588582917844857,0.5101578043121581,2.0423143577428755,COMPLETE,total,elasticnet,0.39733306381596056,,,,,,,,,,,,,,
36,-15.443421955825663,2.3033069743070635,2.5314536194816974,2.5709352110494432,10.671308065097422,COMPLETE,total,elasticnet,0.6281258505255457,,,,,,,,,,,,,,
37,-50.860520193208686,0.003184221939754004,4.544864019492909,4.565764068456276,18.354007730990975,COMPLETE,total,elasticnet,0.5467234195272035,,,,,,,,,,,,,,
38,0.09522988279919231,0.38339524425182864,0.43493753695638127,0.6030650439354983,1.9380119751653566,COMPLETE,total,elasticnet,0.452933862017341,,,,,,,,,,,,,,
39,-2.3318301777889623,1.1952386444149932,1.0983880664721308,1.1572747041319853,4.7855483159344265,COMPLETE,total,elasticnet,0.8236848876759962,,,,,,,,,,,,,,
40,0.11276341380837795,0.11907911978841497,0.49391381446300225,0.5971930607701402,2.1830228807946455,COMPLETE,total,elasticnet,0.3573950854419431,,,,,,,,,,,,,,
41,0.5359533777566297,0.6629578579949019,0.3985851970296596,0.4318926761597201,1.7665317352414684,COMPLETE,total,elasticnet,0.5623107635392719,,,,,,,,,,,,,,
42,-0.45398047163421573,0.21403036570078315,0.6648902198342265,0.7644944174322408,2.9879426212647933,COMPLETE,total,elasticnet,0.5654609809632107,,,,,,,,,,,,,,
43,0.5482942260511234,0.4745692557279043,0.3552787442671139,0.42611110500317345,1.5732630487560189,COMPLETE,total,elasticnet,0.6618275467568369,,,,,,,,,,,,,,
44,-41.703856145941764,4.002290435449368,4.103100392991378,4.143130170605067,16.726561624034954,COMPLETE,total,elasticnet,0.6130011526761973,,,,,,,,,,,,,,
45,-3.221217002295398,1.3376093868870897,1.2422090485354467,1.3026083896663394,5.39309954186796,COMPLETE,total,elasticnet,0.6721950312639717,,,,,,,,,,,,,,
46,0.4187356209270914,0.4694951445288783,0.39930022223487427,0.48337244148028913,1.7730165680485572,COMPLETE,total,elasticnet,0.542638008333929,,,,,,,,,,,,,,
47,-0.14451601809082915,0.9098395713869887,0.5859595632718614,0.6782752486324544,2.588582024908609,COMPLETE,total,elasticnet,0.7147655356259948,,,,,,,,,,,,,,
48,-12.274987531625596,1.8580095512700157,2.270858085645372,2.3100005992332835,9.626799126441203,COMPLETE,total,elasticnet,0.8878803414743301,,,,,,,,,,,,,,
49,0.36157864770348525,0.17008125994489923,0.3954664571493023,0.5065808093414643,1.757828957729737,COMPLETE,total,elasticnet,0.48456378181525306,,,,,,,,,,,,,,
50,-55.64789586357091,5.394034878758185,4.729545473131078,4.771851534802652,19.032151386467703,COMPLETE,total,elasticnet,0.6625945044751618,,,,,,,,,,,,,,
51,0.10906967515042088,0.32757826179236604,0.4607294782535849,0.598434885117743,2.0550427682094914,COMPLETE,total,elasticnet,0.6127039677308701,,,,,,,,,,,,,,
52,0.5598949287960107,0.6957117117123855,0.3404500605302516,0.42060382517126416,1.506080037286108,COMPLETE,total,elasticnet,0.7037974882061996,,,,,,,,,,,,,,
53,0.5778970737655436,0.6907007158077849,0.33177689201008853,0.4119117808005657,1.4679901949434093,COMPLETE,total,elasticnet,0.7588221816167676,,,,,,,,,,,,,,
54,-55.64789586357091,9.557582392938084,4.729545473131078,4.771851534802652,19.032151386467703,COMPLETE,total,elasticnet,0.7666790361387027,,,,,,,,,,,,,,
55,0.2507574860866706,0.8079170431062436,0.47591529588053066,0.5487900615577068,2.1070308634110435,COMPLETE,total,elasticnet,0.8135981432883581,,,,,,,,,,,,,,
56,-9.325948591963867,1.810751841480509,1.995217209108791,2.0373235761010076,8.51141155069024,COMPLETE,total,elasticnet,0.7047835364105742,,,,,,,,,,,,,,
57,0.6325889555137367,0.6519989718478023,0.3160006493608834,0.38430066433368476,1.3974464505876771,COMPLETE,total,elasticnet,0.7429176950896229,,,,,,,,,,,,,,
58,-56.149107422087326,0.0004941396430253842,4.7788655002209985,4.792915336228484,19.20274080527118,COMPLETE,total,elasticnet,0.7469131724394645,,,,,,,,,,,,,,
59,0.005346200262609568,0.050759472496799296,0.5227633152271896,0.632311389563687,2.3064040530930816,COMPLETE,total,elasticnet,0.8581492392556765,,,,,,,,,,,,,,
60,0.4449050839738856,0.09042637493167084,0.3961930634706719,0.47236602841505904,1.7595516811228764,COMPLETE,total,elasticnet,0.8049950163027647,,,,,,,,,,,,,,
61,0.5902484084011763,0.6698416498799108,0.34430134338246,0.4058404736951445,1.524368938983664,COMPLETE,total,elasticnet,0.6747394764006153,,,,,,,,,,,,,,
62,0.0017503349580945127,0.287713892728633,0.5176919134792186,0.6334533222251922,2.3133460191033706,COMPLETE,total,elasticnet,0.6578306295190101,,,,,,,,,,,,,,
63,-0.34945839244873045,0.9531630651446815,0.6330636736548433,0.7365034421607279,2.7939595338134606,COMPLETE,total,elasticnet,0.6961231522275356,,,,,,,,,,,,,,
64,-28.46629769876399,2.7515941967725936,3.4032976283404532,3.4415795918766885,14.079344010727048,COMPLETE,total,elasticnet,0.7792255764027647,,,,,,,,,,,,,,
65,-0.6952936446253775,0.1685215203135865,0.7361893689594776,0.8255008002121534,3.3141331647365733,COMPLETE,total,elasticnet,0.7429505835916855,,,,,,,,,,,,,,
66,-5.769841892742686,1.4723030815859441,1.6045703374412277,1.6496214482254572,6.905094623668824,COMPLETE,total,elasticnet,0.8954001248068013,,,,,,,,,,,,,,
67,0.3677360168240392,0.3552590079841907,0.4047576914633198,0.5041319858154232,1.7968546931613278,COMPLETE,total,elasticnet,0.9477228456328759,,,,,,,,,,,,,,
68,0.6627327913088676,0.5748109622202024,0.3284228475962004,0.36819856433132037,1.4522498166093867,COMPLETE,total,elasticnet,0.7113817418190433,,,,,,,,,,,,,,
69,-55.64789586357091,4.469802655768225,4.729545473131078,4.771851534802652,19.032151386467703,COMPLETE,total,elasticnet,0.7203064592459734,,,,,,,,,,,,,,
70,-0.1286767728704321,0.6574586379101979,0.5174666843443454,0.6735654860287752,2.3203310117234905,COMPLETE,total,elasticnet,0.13947575326850042,,,,,,,,,,,,,,
71,0.5598040745578914,0.4742715902896529,0.35305145456751497,0.4206472371546819,1.5630976556642528,COMPLETE,total,elasticnet,0.6782309651142288,,,,,,,,,,,,,,
72,-0.8863869107372238,1.0463088862753882,0.7827063201143675,0.8707839562070855,3.4389503586849597,COMPLETE,total,elasticnet,0.6857097123139086,,,,,,,,,,,,,,
73,-0.12567582688347656,0.25842917432295565,0.5651753621594816,0.6726694460510196,2.5289019857783344,COMPLETE,total,elasticnet,0.7866821866982172,,,,,,,,,,,,,,
74,0.3545267570111065,0.37043822882730326,0.4070202263886665,0.5093709272595772,1.8085304472116475,COMPLETE,total,elasticnet,0.7434827269002825,,,,,,,,,,,,,,
75,-4.717363613159504,1.4952754142416984,1.4615445942917333,1.5159781378493105,6.312021429981023,COMPLETE,total,elasticnet,0.6481518075183741,,,,,,,,,,,,,,
76,0.5876333645651362,0.6879469439327881,0.3307074739441174,0.40713345551339997,1.4639641677192032,COMPLETE,total,elasticnet,0.8424924138406552,,,,,,,,,,,,,,
77,0.6086316454354596,0.676052006361199,0.3166538062732703,0.3966321232422871,1.4014228478117485,COMPLETE,total,elasticnet,0.8564281670675258,,,,,,,,,,,,,,
78,0.5410646787373748,0.7107760638264644,0.35840565921984674,0.4295075214648853,1.5871536701511855,COMPLETE,total,elasticnet,0.8440239746351381,,,,,,,,,,,,,,
79,-23.04150163962135,2.3415386672382925,3.0707120800546543,3.108678623374601,12.79380025392702,COMPLETE,total,elasticnet,0.8817763376303015,,,,,,,,,,,,,,
0,-54.69140382210221,,4.6887229012401646,4.73139399462756,18.88366790470788,COMPLETE,total,random_forest,,16.0,0.4514121162875837,9.0,15.0,462.0,,,,,,,,,
1,-54.872602810922984,,4.696483620963671,4.739084836734175,18.91191464126286,COMPLETE,total,random_forest,,2.0,0.8102471755674295,11.0,15.0,309.0,,,,,,,,,
2,-52.66354107789833,,4.60097698038648,4.644454312600139,18.563684325209643,COMPLETE,total,random_forest,,16.0,0.4681862286846154,10.0,6.0,214.0,,,,,,,,,
3,-54.752971280175416,,4.6913612642612526,4.734008576206288,18.89327175865365,COMPLETE,total,random_forest,,6.0,0.5392989411287272,7.0,11.0,328.0,,,,,,,,,
4,-26.321424260830277,,3.2568259876781784,3.313955705144617,13.516778700012818,COMPLETE,total,random_forest,,4.0,0.6464454897410734,4.0,10.0,628.0,,,,,,,,,
5,-54.83990813512857,,4.695084262443305,4.737698061213541,18.90682203917907,COMPLETE,total,random_forest,,4.0,0.3801927682679985,7.0,15.0,750.0,,,,,,,,,
6,-54.900465705325196,,4.697675846347315,4.740266347489212,18.916253210067,COMPLETE,total,random_forest,,4.0,0.9776608214984636,1.0,23.0,625.0,,,,,,,,,
7,-55.01833350236131,,4.702715947761031,4.745261212315891,18.934592098219813,COMPLETE,total,random_forest,,6.0,0.6360991209307408,2.0,17.0,766.0,,,,,,,,,
8,-54.40652711352107,,4.676495642854689,4.719277294822019,18.83914639532403,COMPLETE,total,random_forest,,9.0,0.518206988040011,1.0,22.0,285.0,,,,,,,,,
9,-54.84854989472635,,4.6954541772788,4.7380646490638645,18.90816827605386,COMPLETE,total,random_forest,,6.0,0.47015539609159257,7.0,14.0,664.0,,,,,,,,,
10,-17.831206136971712,,2.683451932915282,2.7512756237519276,11.277369430559455,COMPLETE,total,random_forest,,12.0,0.7660575266039114,4.0,2.0,869.0,,,,,,,,,
11,-17.932232495852748,,2.6909253106137894,2.7586458251667283,11.306905041574781,COMPLETE,total,random_forest,,12.0,0.7684132788054852,4.0,3.0,837.0,,,,,,,,,
12,-17.57790194684816,,2.662957476416324,2.7327088596383344,11.196320148978474,COMPLETE,total,random_forest,,12.0,0.8225913410012512,4.0,2.0,895.0,,,,,,,,,
13,-17.362801325891997,,2.645930681610144,2.7168427314439585,11.128936228299013,COMPLETE,total,random_forest,,12.0,0.8852734205822993,4.0,2.0,879.0,,,,,,,,,
14,-25.158953934682323,,3.1829844246490833,3.2426884014675172,13.231342745531894,COMPLETE,total,random_forest,,12.0,0.9617044516578511,5.0,6.0,889.0,,,,,,,,,
15,-12.412846406212969,,2.2356178002094595,2.3219641348775415,9.490452465177784,COMPLETE,total,random_forest,,10.0,0.8795090199763674,3.0,6.0,489.0,,,,,,,,,
16,-11.39713080376526,,2.1461983173799983,2.232315749891002,9.129514383704562,COMPLETE,total,random_forest,,9.0,0.8985870661122766,2.0,6.0,485.0,,,,,,,,,
17,-17.396423935947116,,2.64631499044509,2.7193288871702097,11.130413945565698,COMPLETE,total,random_forest,,9.0,0.9055601768994622,2.0,8.0,469.0,,,,,,,,,
18,-10.657460003442202,,2.089108861167668,2.164696418797613,8.898186032923343,COMPLETE,total,random_forest,,9.0,0.7214242801101427,2.0,5.0,489.0,,,,,,,,,
19,-21.917712409322387,,2.971265667119105,3.035153529684434,12.408109191548245,COMPLETE,total,random_forest,,10.0,0.6837740298493892,2.0,9.0,394.0,,,,,,,,,
20,-46.559079280913494,,4.326024441836753,4.372318100572463,17.553642186997788,COMPLETE,total,random_forest,,8.0,0.6908077226885364,6.0,5.0,541.0,,,,,,,,,
21,-12.238572881807375,,2.2205905254457696,2.3068301394519475,9.429917344038223,COMPLETE,total,random_forest,,14.0,0.8913153887661023,3.0,5.0,526.0,,,,,,,,,
22,-9.001117120098831,,1.9211710120755114,2.0050226739125647,8.215338967284252,COMPLETE,total,random_forest,,14.0,0.926661513255681,1.0,4.0,569.0,,,,,,,,,
23,-16.65828151119874,,2.5855091581334513,2.6642148807875086,10.889312957981655,COMPLETE,total,random_forest,,14.0,0.976113970095978,1.0,8.0,408.0,,,,,,,,,
24,-9.557564359349684,,1.977376076412547,2.0600459161367173,8.44455546561984,COMPLETE,total,random_forest,,8.0,0.8260334901090891,2.0,4.0,584.0,,,,,,,,,
25,-12.570606547484475,,2.251909798247384,2.335579535170835,9.556026891590504,COMPLETE,total,random_forest,,8.0,0.7573341464949199,3.0,4.0,605.0,,,,,,,,,
26,-46.97348135072563,,4.345160408272845,4.391325699604472,17.624298781045912,COMPLETE,total,random_forest,,7.0,0.8312386569375066,1.0,12.0,569.0,,,,,,,,,
27,-54.737204841972655,,4.690685763176684,4.733339161379858,18.89081297730567,COMPLETE,total,random_forest,,14.0,0.721808829670814,5.0,19.0,694.0,,,,,,,,,
28,-54.80366736435216,,4.693532640650438,4.736160400222402,18.901174979499828,COMPLETE,total,random_forest,,10.0,0.6127096902535056,12.0,8.0,582.0,,,,,,,,,
29,-13.68565072615303,,2.3464385762925684,2.4296383229486573,9.93573058639237,COMPLETE,total,random_forest,,16.0,0.5939671664186501,3.0,4.0,423.0,,,,,,,,,
30,-54.822766196114394,,4.694350406924804,4.7369708074653385,18.90415124800409,COMPLETE,total,random_forest,,11.0,0.8461337631209489,9.0,4.0,713.0,,,,,,,,,
31,-14.46035514345015,,2.4154092715868654,2.4928994662788004,10.211860184186621,COMPLETE,total,random_forest,,8.0,0.9216999499365213,2.0,7.0,520.0,,,,,,,,,
32,-10.103100573416517,,2.0274009117037672,2.112599479699382,8.648104127912532,COMPLETE,total,random_forest,,7.0,0.9341492420023032,2.0,4.0,439.0,,,,,,,,,
33,-8.548126176617,,1.8731363215025028,1.9590887304448623,8.018955423075838,COMPLETE,total,random_forest,,7.0,0.9379194443243688,1.0,3.0,363.0,,,,,,,,,
34,-8.638752721726924,,1.8790220694205892,1.9683641700455692,8.043234411204752,COMPLETE,total,random_forest,,5.0,0.9300879638942464,1.0,3.0,342.0,,,,,,,,,
35,-9.599783427559085,,1.9810266239399776,2.0641608066236063,8.45925053260003,COMPLETE,total,random_forest,,2.0,0.9965511987513338,1.0,3.0,240.0,,,,,,,,,
36,-25.8728984601179,,3.2247601222527584,3.2866411403076308,13.392835552465876,COMPLETE,total,random_forest,,5.0,0.9477421517649416,1.0,10.0,375.0,,,,,,,,,
37,-9.608831944283494,,1.9864639518810396,2.0650416552452597,8.481499832315627,COMPLETE,total,random_forest,,5.0,0.8563735944045224,1.0,3.0,361.0,,,,,,,,,
38,-54.72533017572134,,4.690176937878447,4.732834921734604,18.888960841215884,COMPLETE,total,random_forest,,5.0,0.8018008263211025,9.0,7.0,326.0,,,,,,,,,
39,-52.41519781219498,,4.590115843211161,4.633695085121793,18.5239982836917,COMPLETE,total,random_forest,,3.0,0.9484928297284365,8.0,11.0,200.0,,,,,,,,,
40,-54.481503680815024,,4.679716826909021,4.722469297712711,18.85087739339681,COMPLETE,total,random_forest,,7.0,0.7942542045142661,3.0,17.0,288.0,,,,,,,,,
41,-9.494310090677942,,1.9705231609792087,2.0538653966911764,8.416473082271835,COMPLETE,total,random_forest,,2.0,0.9957681576833849,1.0,3.0,257.0,,,,,,,,,
42,-9.956248884696482,,2.018417992369079,2.0985821582001156,8.611346353782402,COMPLETE,total,random_forest,,2.0,0.9982886717140611,1.0,2.0,245.0,,,,,,,,,
43,-9.158187270625966,,1.9336946770905346,2.0207060377651613,8.266568367451336,COMPLETE,total,random_forest,,3.0,0.9203886173786763,1.0,3.0,262.0,,,,,,,,,
44,-9.158187270625973,,1.933694677090535,2.0207060377651618,8.26656836745134,COMPLETE,total,random_forest,,3.0,0.9229127747659576,1.0,3.0,262.0,,,,,,,,,
45,-8.305250503743135,,1.843663062211404,1.9340115625268905,7.898557750325528,COMPLETE,total,random_forest,,4.0,0.8650724775967706,1.0,2.0,340.0,,,,,,,,,
46,-12.610460588284958,,2.253329946792334,2.3390065758531295,9.56175523798331,COMPLETE,total,random_forest,,4.0,0.8784936924078609,3.0,2.0,350.0,,,,,,,,,
47,-11.106856734904364,,2.119573410939235,2.206026541363884,9.021849695252424,COMPLETE,total,random_forest,,3.0,0.8601070808503792,2.0,5.0,318.0,,,,,,,,,
48,-25.135170294745837,,3.1808603144259275,3.2412139451204474,13.223106239014928,COMPLETE,total,random_forest,,6.0,0.9634111614898899,5.0,2.0,296.0,,,,,,,,,
49,-11.671089402821918,,2.174006442879458,2.2568464364825775,9.241792243947033,COMPLETE,total,random_forest,,4.0,0.9064843339210096,1.0,6.0,346.0,,,,,,,,,
50,-14.090534387462315,,2.3813256000776977,2.462903190264493,10.075473819439225,COMPLETE,total,random_forest,,6.0,0.9359896146855794,2.0,7.0,446.0,,,,,,,,,
51,-9.112754345434357,,1.9287323885033747,2.0161821268439466,8.246308946004289,COMPLETE,total,random_forest,,3.0,0.9179022133484742,1.0,3.0,267.0,,,,,,,,,
52,-9.322614064995008,,1.9685534466378716,2.036994596206873,8.408024728282868,COMPLETE,total,random_forest,,4.0,0.38177910197907494,1.0,3.0,222.0,,,,,,,,,
53,-9.547119453745584,,1.9744365551777332,2.0590266322905277,8.432476857660753,COMPLETE,total,random_forest,,3.0,0.8723743126143978,2.0,5.0,383.0,,,,,,,,,
54,-7.366684877766657,,1.741045386845278,1.8338834772270176,7.477327884795305,COMPLETE,total,random_forest,,5.0,0.9129543929952125,1.0,2.0,267.0,,,,,,,,,
55,-12.343249501032114,,2.2327411624015387,2.3159321678758342,9.4788956896365,COMPLETE,total,random_forest,,5.0,0.964373784743203,3.0,2.0,301.0,,,,,,,,,
56,-54.74646967182289,,4.691082719568715,4.7337325409891875,18.892257881629146,COMPLETE,total,random_forest,,5.0,0.9045933835525067,10.0,4.0,335.0,,,,,,,,,
57,-10.486404997714828,,2.078257103400217,2.1487559590316785,8.854030470561408,COMPLETE,total,random_forest,,4.0,0.7816505816147623,2.0,2.0,280.0,,,,,,,,,
58,-11.723132028223528,,2.181592667725552,2.261476340716472,9.272584747434646,COMPLETE,total,random_forest,,6.0,0.8510641856929902,2.0,6.0,650.0,,,,,,,,,
59,-54.92787669633159,,4.698848440056209,4.741428408233369,18.920520135397247,COMPLETE,total,random_forest,,15.0,0.9735167908077859,1.0,23.0,399.0,,,,,,,,,
60,-44.39558081956308,,4.224398723401424,4.271710577983875,17.177475223003576,COMPLETE,total,random_forest,,7.0,0.8958328796492488,6.0,5.0,220.0,,,,,,,,,
61,-9.034900119893338,,1.9193010389440204,2.0084062247051233,8.207836133278182,COMPLETE,total,random_forest,,3.0,0.9204816249804716,1.0,3.0,273.0,,,,,,,,,
62,-8.85492579068706,,1.903463120889586,1.9903145174663066,8.142938696627326,COMPLETE,total,random_forest,,4.0,0.9469559364739324,1.0,3.0,316.0,,,,,,,,,
63,-9.048477964689072,,1.9234905423738387,2.009764514746459,8.224876385910736,COMPLETE,total,random_forest,,4.0,0.9446248692594743,2.0,4.0,310.0,,,,,,,,,
64,-8.532788785111878,,1.8750493655333027,1.9575146316933383,8.026823033447036,COMPLETE,total,random_forest,,6.0,0.8339717337677414,1.0,2.0,360.0,,,,,,,,,
65,-10.235480926877607,,2.0396906923726204,2.1251562422171446,8.697984992624907,COMPLETE,total,random_forest,,5.0,0.8271336826700159,2.0,2.0,356.0,,,,,,,,,
66,-55.046372496361,,4.703914117718646,4.746448642370054,18.93895120696937,COMPLETE,total,random_forest,,6.0,0.8736695565214577,3.0,14.0,374.0,,,,,,,,,
67,-9.880987403780436,,2.0048511865733922,2.0913618688582645,8.556450234289056,COMPLETE,total,random_forest,,7.0,0.8402153792489205,1.0,4.0,410.0,,,,,,,,,
68,-16.90786173617234,,2.610651656124499,2.6829766803642854,10.989137300107394,COMPLETE,total,random_forest,,13.0,0.9524288684321999,4.0,5.0,508.0,,,,,,,,,
69,-10.508271772271085,,2.0754742320503183,2.1508002897561274,8.843133055628154,COMPLETE,total,random_forest,,5.0,0.7337705951465949,2.0,2.0,454.0,,,,,,,,,
70,-8.161678838383265,,1.8250809902479652,1.9190335320685254,7.822436781449543,COMPLETE,total,random_forest,,6.0,0.888714872207021,1.0,3.0,425.0,,,,,,,,,
71,-8.223841960766833,,1.832448508568613,1.9255329655994518,7.85262929653346,COMPLETE,total,random_forest,,6.0,0.8858042906251422,1.0,3.0,430.0,,,,,,,,,
72,-8.890527377148866,,1.8997861279533286,1.993906349412388,8.128095002696831,COMPLETE,total,random_forest,,6.0,0.8132341843451835,1.0,3.0,418.0,,,,,,,,,
73,-7.956620436136184,,1.8098853291401682,1.8974359147148852,7.7600367267357475,COMPLETE,total,random_forest,,7.0,0.8883429301248578,1.0,2.0,333.0,,,,,,,,,
74,-8.867044635862154,,1.9026627290710347,1.9915379108849356,8.139911131810598,COMPLETE,total,random_forest,,8.0,0.885857900793393,2.0,2.0,426.0,,,,,,,,,
75,-12.283645838649011,,2.2302254970204216,2.3107537989699694,9.468668032959886,COMPLETE,total,random_forest,,6.0,0.8659410297859778,1.0,6.0,389.0,,,,,,,,,
76,-54.76828279911195,,4.69201718159288,4.734658585383591,18.89565919247973,COMPLETE,total,random_forest,,7.0,0.5288781476542705,2.0,24.0,337.0,,,,,,,,,
77,-54.511532546349905,,4.681006321686865,4.723747121878577,18.85557308561336,COMPLETE,total,random_forest,,7.0,0.8990654840540432,1.0,19.0,479.0,,,,,,,,,
78,-9.17143704836116,,1.9414250508228121,2.0220234569190003,8.297903622505634,COMPLETE,total,random_forest,,6.0,0.5687643190528819,1.0,4.0,358.0,,,,,,,,,
79,-12.640587893714008,,2.265245579501355,2.341593887731036,9.60972711434912,COMPLETE,total,random_forest,,5.0,0.843032165635157,3.0,2.0,370.0,,,,,,,,,
0,-55.647895863568976,,4.7295454731309965,4.77185153480257,19.0321513864674,COMPLETE,total,extra_trees,,18.0,0.4514121162875837,9.0,15.0,500.0,,,,,,,,,
1,-55.64789586357425,,4.72954547313122,4.771851534802792,19.032151386468218,COMPLETE,total,extra_trees,,2.0,0.8102471755674295,11.0,15.0,324.0,,,,,,,,,
2,-55.647895863573325,,4.729545473131181,4.771851534802754,19.032151386468076,COMPLETE,total,extra_trees,,18.0,0.4681862286846154,10.0,6.0,216.0,,,,,,,,,
3,-39.81293765231009,,4.001619950728515,4.050363115428517,16.347383502050082,COMPLETE,total,extra_trees,,7.0,0.5392989411287272,7.0,11.0,346.0,,,,,,,,,
4,-10.692955366712377,,2.0737393111286,2.1679895154637174,8.836242254402325,COMPLETE,total,extra_trees,,4.0,0.6464454897410734,4.0,10.0,690.0,,,,,,,,,
5,-43.59734361927,,4.186354068264994,4.233987068779467,17.036220980008043,COMPLETE,total,extra_trees,,5.0,0.3801927682679985,7.0,15.0,828.0,,,,,,,,,
6,-55.647895863571655,,4.72954547313111,4.771851534802683,19.03215138646782,COMPLETE,total,extra_trees,,4.0,0.9776608214984636,1.0,23.0,686.0,,,,,,,,,
7,-55.647895863577425,,4.729545473131355,4.771851534802926,19.03215138646871,COMPLETE,total,extra_trees,,7.0,0.6360991209307408,2.0,17.0,847.0,,,,,,,,,
8,-55.64789586357534,,4.7295454731312665,4.771851534802838,19.03215138646839,COMPLETE,total,extra_trees,,10.0,0.518206988040011,1.0,22.0,297.0,,,,,,,,,
9,-41.39960280602532,,4.079513354446117,4.128344450658716,16.638450866588293,COMPLETE,total,extra_trees,,7.0,0.47015539609159257,7.0,14.0,730.0,,,,,,,,,
10,-8.742160352400985,,1.8770337391304235,1.9788946229430209,8.035174565401066,COMPLETE,total,extra_trees,,13.0,0.7660575266039114,4.0,2.0,965.0,,,,,,,,,
11,-8.672561179832156,,1.8690542129657512,1.9718132213378676,8.002533681859957,COMPLETE,total,extra_trees,,14.0,0.7684132788054852,4.0,3.0,928.0,,,,,,,,,
12,-8.137685330718071,,1.8116131039455137,1.9165190075756904,7.767278765222402,COMPLETE,total,extra_trees,,14.0,0.8225913410012512,4.0,2.0,994.0,,,,,,,,,
13,-8.42651965156798,,1.8411979392062363,1.9465731123359369,7.888500337190914,COMPLETE,total,extra_trees,,14.0,0.8866946102188805,4.0,2.0,976.0,,,,,,,,,
14,-11.58053574296194,,2.1614876234789655,2.248767725476221,9.191459508298278,COMPLETE,total,extra_trees,,14.0,0.9617044516578511,5.0,6.0,988.0,,,,,,,,,
15,-7.008972195128488,,1.7074937508422654,1.7942519404553956,7.338588237892514,COMPLETE,total,extra_trees,,11.0,0.8802173542995665,3.0,6.0,530.0,,,,,,,,,
16,-6.067494985145537,,1.5986697872007702,1.6854962325995329,6.889006432933119,COMPLETE,total,extra_trees,,11.0,0.868696664901361,2.0,6.0,526.0,,,,,,,,,
17,-7.6202229609361325,,1.7740016949045199,1.861462455051117,7.612406816289931,COMPLETE,total,extra_trees,,11.0,0.8897907194483015,2.0,8.0,508.0,,,,,,,,,
18,-5.730676776817007,,1.557102184698346,1.6448428041974537,6.716797916522182,COMPLETE,total,extra_trees,,10.0,0.7003404691564686,2.0,5.0,531.0,,,,,,,,,
19,-8.186585767702955,,1.8396958944298483,1.9216403027322517,7.881935763713323,COMPLETE,total,extra_trees,,10.0,0.7292462577943154,2.0,9.0,423.0,,,,,,,,,
20,-26.323240799892357,,3.256160280589531,3.314065871984226,13.514149769305774,COMPLETE,total,extra_trees,,9.0,0.5991478421489688,6.0,5.0,590.0,,,,,,,,,
21,-7.031777285828374,,1.709547554475772,1.796804639520166,7.34711458467165,COMPLETE,total,extra_trees,,12.0,0.8830215167705324,3.0,5.0,573.0,,,,,,,,,
22,-7.9153624813542915,,1.8049382447791007,1.8930606770575276,7.739543999414471,COMPLETE,total,extra_trees,,9.0,0.6989823520436955,1.0,8.0,464.0,,,,,,,,,
23,-14.13263758172863,,2.398185419222663,2.466336596281895,10.1428916904644,COMPLETE,total,extra_trees,,16.0,0.9210755888888223,3.0,12.0,556.0,,,,,,,,,
24,-7.309956060120026,,1.745284703370702,1.8276557425059439,7.494225869512476,COMPLETE,total,extra_trees,,12.0,0.838108550510388,3.0,7.0,405.0,,,,,,,,,
25,-5.7665054925406585,,1.5773886997331321,1.6492149043430102,6.799530772006845,COMPLETE,total,extra_trees,,9.0,0.7486860009780489,2.0,4.0,646.0,,,,,,,,,
26,-23.513387826658064,,3.0779986494200835,3.139038915184113,12.82404015488586,COMPLETE,total,extra_trees,,8.0,0.733878155941551,6.0,4.0,666.0,,,,,,,,,
27,-55.64789586356865,,4.729545473130982,4.771851534802557,19.03215138646735,COMPLETE,total,extra_trees,,9.0,0.6684897203004844,2.0,18.0,624.0,,,,,,,,,
28,-13.367593841839724,,2.320308391714844,2.403184160239603,9.830963391911585,COMPLETE,total,extra_trees,,6.0,0.7814402827710408,5.0,4.0,775.0,,,,,,,,,
29,-55.6478958635699,,4.729545473131036,4.771851534802609,19.032151386467547,COMPLETE,total,extra_trees,,16.0,0.5979971705242768,12.0,10.0,455.0,,,,,,,,,
30,-55.647895863569744,,4.7295454731310285,4.771851534802603,19.032151386467522,COMPLETE,total,extra_trees,,11.0,0.7080576332315376,9.0,4.0,645.0,,,,,,,,,
31,-6.804222246510855,,1.6894362454012064,1.7711683621717698,7.263860813355243,COMPLETE,total,extra_trees,,11.0,0.8547354272962969,1.0,7.0,523.0,,,,,,,,,
32,-7.68519787946234,,1.7920403760989967,1.8684646703520864,7.685889821454574,COMPLETE,total,extra_trees,,10.0,0.8397682284977371,1.0,8.0,511.0,,,,,,,,,
33,-6.175468635011981,,1.6130688878754527,1.6983225136916593,6.948617393552707,COMPLETE,total,extra_trees,,12.0,0.9379051163575547,2.0,5.0,601.0,,,,,,,,,
34,-5.999062770014318,,1.5918999912643905,1.6773163324946245,6.861052151618472,COMPLETE,total,extra_trees,,12.0,0.9911109675399877,2.0,5.0,602.0,,,,,,,,,
35,-6.507609296550457,,1.647487462188981,1.7371841704634776,7.091252423049714,COMPLETE,total,extra_trees,,8.0,0.9977124410825788,3.0,3.0,750.0,,,,,,,,,
36,-55.64789586357132,,4.729545473131096,4.7718515348026695,19.032151386467767,COMPLETE,total,extra_trees,,2.0,0.7951584776741965,9.0,12.0,402.0,,,,,,,,,
37,-12.152077014304849,,2.217328582502636,2.29928180850389,9.416817232113655,COMPLETE,total,extra_trees,,13.0,0.9308671579114518,5.0,10.0,337.0,,,,,,,,,
38,-7.354593643042504,,1.7431253967539309,1.832557866609667,7.485781196496571,COMPLETE,total,extra_trees,,8.0,0.6099801040702726,2.0,7.0,702.0,,,,,,,,,
39,-50.95082992373808,,4.5243001474142925,4.569737742153476,18.283020735430146,COMPLETE,total,extra_trees,,16.0,0.742009741558777,8.0,3.0,200.0,,,,,,,,,
40,-6.810811764404997,,1.6874179093524049,1.7719159499931787,7.255919316038812,COMPLETE,total,extra_trees,,6.0,0.5525331688896784,1.0,6.0,794.0,,,,,,,,,
41,-6.16401673390112,,1.611612360520344,1.696966728534651,6.942598996966776,COMPLETE,total,extra_trees,,12.0,0.9502798252133069,2.0,5.0,618.0,,,,,,,,,
42,-6.380335217663288,,1.6345101008983292,1.7223962674651492,7.037467309275751,COMPLETE,total,extra_trees,,13.0,0.9821085039535596,3.0,5.0,624.0,,,,,,,,,
43,-5.572580563959989,,1.5413684759499742,1.6254102372899133,6.650614360264731,COMPLETE,total,extra_trees,,12.0,0.964203317236187,2.0,4.0,464.0,,,,,,,,,
44,-6.542973919927994,,1.667131851311579,1.741270869977635,7.170283147940931,COMPLETE,total,extra_trees,,10.0,0.9115432366764495,1.0,3.0,468.0,,,,,,,,,
45,-55.647895863567975,,4.729545473130954,4.771851534802528,19.03215138646725,COMPLETE,total,extra_trees,,15.0,0.999498416318256,2.0,19.0,557.0,,,,,,,,,
46,-6.713279523041989,,1.677645403620847,1.7608183954705312,7.215578632364444,COMPLETE,total,extra_trees,,9.0,0.6810666953857455,3.0,2.0,481.0,,,,,,,,,
47,-9.393951381249408,,1.9417929118164328,2.0440210883711947,8.299602378360492,COMPLETE,total,extra_trees,,11.0,0.9670075704476875,4.0,9.0,374.0,,,,,,,,,
48,-6.622362311438269,,1.6792245964148467,1.7504101609098748,7.220698786783673,COMPLETE,total,extra_trees,,13.0,0.8076178793350137,1.0,4.0,658.0,,,,,,,,,
49,-7.27755891371403,,1.7117841302321928,1.8240896193664635,7.3569858036184,COMPLETE,total,extra_trees,,10.0,0.8622475722132028,4.0,6.0,265.0,,,,,,,,,
50,-17.107352639536632,,2.6237789911675624,2.697879271770124,11.04119127278375,COMPLETE,total,extra_trees,,15.0,0.9095793821249013,2.0,14.0,704.0,,,,,,,,,
51,-6.323045320983189,,1.63221883206671,1.7156981879590318,7.027749600038065,COMPLETE,total,extra_trees,,12.0,0.9490447025112677,2.0,5.0,550.0,,,,,,,,,
52,-5.962129705442978,,1.5849353681198306,1.6728849983240848,6.8325011373002145,COMPLETE,total,extra_trees,,12.0,0.38177910197907494,2.0,3.0,605.0,,,,,,,,,
53,-8.362978722579589,,1.868983164074215,1.9400014290987133,8.001496600883597,COMPLETE,total,extra_trees,,11.0,0.41165320692918195,3.0,3.0,433.0,,,,,,,,,
54,-6.562153699608238,,1.6693135742077552,1.743483259209322,7.179917276463028,COMPLETE,total,extra_trees,,13.0,0.5075332931452115,1.0,2.0,580.0,,,,,,,,,
55,-6.2457932546813,,1.6175798046909637,1.706624596960352,6.967620575850243,COMPLETE,total,extra_trees,,10.0,0.3517341748302329,2.0,4.0,489.0,,,,,,,,,
56,-7.341202999865509,,1.744326095554716,1.8310886767133434,7.4905237857721465,COMPLETE,total,extra_trees,,12.0,0.6481600788307139,3.0,7.0,534.0,,,,,,,,,
57,-6.619074778382337,,1.66902194555316,1.7500326433078504,7.179778037950975,COMPLETE,total,extra_trees,,18.0,0.7681363212736514,1.0,6.0,594.0,,,,,,,,,
58,-55.64789586357843,,4.729545473131398,4.771851534802969,19.03215138646886,COMPLETE,total,extra_trees,,9.0,0.4620270982271583,10.0,2.0,883.0,,,,,,,,,
59,-10.848498628762167,,2.0902696326021206,2.182361507407478,8.903250444473953,COMPLETE,total,extra_trees,,14.0,0.42378782910002366,4.0,4.0,665.0,,,,,,,,,
60,-16.01293594921812,,2.54444904154513,2.615078108390705,10.726377097738519,COMPLETE,total,extra_trees,,8.0,0.7468538287371079,3.0,16.0,371.0,,,,,,,,,
61,-6.137415754309367,,1.6082704976229731,1.6938132630533083,6.9287807825853,COMPLETE,total,extra_trees,,12.0,0.9531903951555085,2.0,5.0,641.0,,,,,,,,,
62,-5.952571542302321,,1.5830420511253678,1.6717362694034088,6.82358456948572,COMPLETE,total,extra_trees,,11.0,0.898286408409209,2.0,3.0,727.0,,,,,,,,,
63,-5.9312749465813,,1.5803417422006358,1.669173937130513,6.81239760877229,COMPLETE,total,extra_trees,,11.0,0.887911418884973,2.0,3.0,733.0,,,,,,,,,
64,-5.939058633913926,,1.5814785269832878,1.6701108991356286,6.817103831143304,COMPLETE,total,extra_trees,,11.0,0.9025593467259097,2.0,3.0,731.0,,,,,,,,,
65,-7.226787443968494,,1.7318758814541049,1.81848687098724,7.43899300689327,COMPLETE,total,extra_trees,,11.0,0.8983892075173797,3.0,3.0,730.0,,,,,,,,,
66,-6.516594393676701,,1.6574225587286768,1.7382233895101435,7.131109337513163,COMPLETE,total,extra_trees,,9.0,0.8344372246313128,1.0,2.0,820.0,,,,,,,,,
67,-55.647895863574,,4.72954547313121,4.7718515348027815,19.032151386468176,COMPLETE,total,extra_trees,,10.0,0.5706339410522834,4.0,21.0,744.0,,,,,,,,,
68,-5.760235701113433,,1.572639205989466,1.6484506524048659,6.780252382811847,COMPLETE,total,extra_trees,,11.0,0.7180187020523316,2.0,3.0,778.0,,,,,,,,,
69,-6.161587298447296,,1.6220937227969447,1.6966789695257727,6.9853564332779134,COMPLETE,total,extra_trees,,3.0,0.7187521245461009,1.0,4.0,774.0,,,,,,,,,
70,-55.64789586357767,,4.729545473131366,4.771851534802937,19.032151386468747,COMPLETE,total,extra_trees,,7.0,0.6697598111725608,5.0,24.0,857.0,,,,,,,,,
71,-5.995475457003346,,1.5935568823464858,1.6768864299421573,6.867671691940696,COMPLETE,total,extra_trees,,11.0,0.6429598195026182,2.0,3.0,692.0,,,,,,,,,
72,-5.447067628972773,,1.5248567701889015,1.6098156480591261,6.5824242260723125,COMPLETE,total,extra_trees,,10.0,0.6947729714639999,2.0,2.0,723.0,,,,,,,,,
73,-7.222315131072493,,1.7422208368299341,1.8179925135025792,7.481228840003442,COMPLETE,total,extra_trees,,10.0,0.6830369915510098,3.0,2.0,722.0,,,,,,,,,
74,-5.68782896733669,,1.556891960743263,1.639598871207391,6.715357812802281,COMPLETE,total,extra_trees,,9.0,0.6990732158186693,2.0,4.0,801.0,,,,,,,,,
75,-5.894404267617636,,1.5892450140334666,1.6647284606494885,6.849018556056821,COMPLETE,total,extra_trees,,9.0,0.6940350310477172,1.0,4.0,800.0,,,,,,,,,
76,-5.985003893661427,,1.5959285026642818,1.675630889931218,6.877366639506486,COMPLETE,total,extra_trees,,8.0,0.6201342924081666,1.0,4.0,829.0,,,,,,,,,
77,-7.5636613577159615,,1.7697078637134247,1.855345410230338,7.594744792796826,COMPLETE,total,extra_trees,,9.0,0.6975879714263994,1.0,7.0,920.0,,,,,,,,,
78,-6.598158602092393,,1.6633266840147034,1.7476288640723154,7.15641269811992,COMPLETE,total,extra_trees,,8.0,0.7541892849223334,1.0,6.0,778.0,,,,,,,,,
79,-6.865887498405161,,1.6943588766759383,1.7781520587996782,7.284468176157027,COMPLETE,total,extra_trees,,6.0,0.7177642463816444,3.0,4.0,813.0,,,,,,,,,
0,-55.64789586357091,,4.729545473131078,4.771851534802652,19.032151386467703,COMPLETE,total,hist_gradient_boosting,,,,32.0,,,1.2363188277052228e-05,0.021642251106469404,671.0,49.0,,,,,
1,-55.64789586357091,,4.729545473131078,4.771851534802652,19.032151386467703,COMPLETE,total,hist_gradient_boosting,,,,32.0,,,0.090470719575684,0.009204496040276266,134.0,57.0,,,,,
2,-55.64789586357091,,4.729545473131078,4.771851534802652,19.032151386467703,COMPLETE,total,hist_gradient_boosting,,,,14.0,,,1.8740223688836324e-05,0.005419290634672375,682.0,55.0,,,,,
3,-55.64789586357091,,4.729545473131078,4.771851534802652,19.032151386467703,COMPLETE,total,hist_gradient_boosting,,,,24.0,,,0.00010929592787219404,0.01024634005770867,282.0,37.0,,,,,
4,-55.64789586357091,,4.729545473131078,4.771851534802652,19.032151386467703,COMPLETE,total,hist_gradient_boosting,,,,21.0,,,0.0015577217702693043,0.05476331374316277,183.0,24.0,,,,,
5,-55.64789586357091,,4.729545473131078,4.771851534802652,19.032151386467703,COMPLETE,total,hist_gradient_boosting,,,,32.0,,,2.1142332035497158e-06,0.10788483727948411,220.0,37.0,,,,,
6,-55.64789586357091,,4.729545473131078,4.771851534802652,19.032151386467703,COMPLETE,total,hist_gradient_boosting,,,,48.0,,,5.746775499181867,0.053848112391315636,202.0,11.0,,,,,
7,-55.64789586357091,,4.729545473131078,4.771851534802652,19.032151386467703,COMPLETE,total,hist_gradient_boosting,,,,36.0,,,0.0012052231254145623,0.11814432092118202,283.0,13.0,,,,,
8,-55.64789586357091,,4.729545473131078,4.771851534802652,19.032151386467703,COMPLETE,total,hist_gradient_boosting,,,,46.0,,,6.478282331897332e-05,0.008059522363804595,397.0,9.0,,,,,
9,-55.64789586357091,,4.729545473131078,4.771851534802652,19.032151386467703,COMPLETE,total,hist_gradient_boosting,,,,30.0,,,1.967801053211497e-05,0.0667690954439529,287.0,37.0,,,,,
10,-1.7809974256173624,,0.9483652941647455,1.0572929224725514,4.152462151896179,COMPLETE,total,hist_gradient_boosting,,,,5.0,,,1.2810738354816964e-06,0.021636876497585254,660.0,47.0,,,,,
11,-7.888054864295876,,1.7766071587383656,1.8901592458418062,7.623471974697875,COMPLETE,total,hist_gradient_boosting,,,,8.0,,,1.0620839470034807e-06,0.021565519171785102,691.0,48.0,,,,,
12,-1.658753187846516,,1.018598110442723,1.03379408614731,4.434224356778222,COMPLETE,total,hist_gradient_boosting,,,,6.0,,,1.3033218054383096e-06,0.02165561063760024,566.0,46.0,,,,,
13,-2.2332991734755274,,1.0134384911142316,1.140034455345932,4.428763050385189,COMPLETE,total,hist_gradient_boosting,,,,5.0,,,0.03318907013969237,0.025188516942725794,558.0,64.0,,,,,
14,-55.64789586357091,,4.729545473131078,4.771851534802652,19.032151386467703,COMPLETE,total,hist_gradient_boosting,,,,14.0,,,1.5531208432844488e-06,0.013676322129814702,514.0,45.0,,,,,
15,-55.64789586357091,,4.729545473131078,4.771851534802652,19.032151386467703,COMPLETE,total,hist_gradient_boosting,,,,12.0,,,0.00014494440218457196,0.21860300184408024,563.0,27.0,,,,,
16,-55.64789586357091,,4.729545473131078,4.771851534802652,19.032151386467703,COMPLETE,total,hist_gradient_boosting,,,,20.0,,,5.7381172420755915,0.03475706073405168,469.0,43.0,,,,,
17,-55.64789586357091,,4.729545473131078,4.771851534802652,19.032151386467703,COMPLETE,total,hist_gradient_boosting,,,,9.0,,,0.009300006442408866,0.016815661384254648,618.0,27.0,,,,,
18,-55.64789586357091,,4.729545473131078,4.771851534802652,19.032151386467703,COMPLETE,total,hist_gradient_boosting,,,,18.0,,,0.5537398418146185,0.03263555016932839,419.0,55.0,,,,,
19,-2.7892910592135416,,1.108235857284722,1.2341672399317067,4.83312887149461,COMPLETE,total,hist_gradient_boosting,,,,5.0,,,0.00042649392350103314,0.013942868550924746,609.0,63.0,,,,,
20,-55.64789586357091,,4.729545473131078,4.771851534802652,19.032151386467703,COMPLETE,total,hist_gradient_boosting,,,,40.0,,,4.621776281417044e-06,0.045026222439777226,618.0,42.0,,,,,
21,-2.6634055267540275,,1.0894743926275883,1.213493710572083,4.751469872551867,COMPLETE,total,hist_gradient_boosting,,,,5.0,,,0.010930605422084974,0.02745604142847351,539.0,64.0,,,,,
22,-55.64789586357091,,4.729545473131078,4.771851534802652,19.032151386467703,COMPLETE,total,hist_gradient_boosting,,,,9.0,,,0.069135788085013,0.023270079413951948,480.0,52.0,,,,,
23,-2.5406486710097105,,1.0663651000105403,1.1929890271463992,4.655192997500261,COMPLETE,total,hist_gradient_boosting,,,,5.0,,,0.09413040045292279,0.016922850141953657,578.0,59.0,,,,,
24,-55.64789586357091,,4.729545473131078,4.771851534802652,19.032151386467703,COMPLETE,total,hist_gradient_boosting,,,,17.0,,,0.009023554816470498,0.03718367724582283,645.0,31.0,,,,,
25,-55.64789586357091,,4.729545473131078,4.771851534802652,19.032151386467703,COMPLETE,total,hist_gradient_boosting,,,,12.0,,,0.4574008076456143,0.09132382076502836,411.0,50.0,,,,,
26,-55.64789586357091,,4.729545473131078,4.771851534802652,19.032151386467703,COMPLETE,total,hist_gradient_boosting,,,,25.0,,,3.368713049291078e-06,0.012046145792980766,503.0,19.0,,,,,
27,-55.64789586357091,,4.729545473131078,4.771851534802652,19.032151386467703,COMPLETE,total,hist_gradient_boosting,,,,9.0,,,8.58115871899049e-06,0.006682769826940645,577.0,60.0,,,,,
28,-55.64789586357091,,4.729545473131078,4.771851534802652,19.032151386467703,COMPLETE,total,hist_gradient_boosting,,,,15.0,,,0.0003504490148472623,0.01891145736852248,371.0,41.0,,,,,
29,-55.64789586357091,,4.729545473131078,4.771851534802652,19.032151386467703,COMPLETE,total,hist_gradient_boosting,,,,11.0,,,4.8964251168892414e-05,0.025746393508133812,652.0,47.0,,,,,
30,-4.2237505706106315,,1.3454047883967994,1.449059596661515,5.8089983919021515,COMPLETE,total,hist_gradient_boosting,,,,7.0,,,0.9001604518559252,0.02961180731961817,458.0,52.0,,,,,
31,-3.0029687096405535,,1.1455518822682376,1.268487317049803,4.990424784544397,COMPLETE,total,hist_gradient_boosting,,,,5.0,,,0.04361707542579863,0.015506835415564153,571.0,59.0,,,,,
32,-2.1180431855458175,,1.0049052159498963,1.119530924834391,4.393543964731489,COMPLETE,total,hist_gradient_boosting,,,,5.0,,,0.024752999060695797,0.019036775872850225,593.0,61.0,,,,,
33,-55.64789586357091,,4.729545473131078,4.771851534802652,19.032151386467703,COMPLETE,total,hist_gradient_boosting,,,,11.0,,,0.019689831610496072,0.010894015029704244,652.0,55.0,,,,,
34,-4.227431667351239,,1.3488021823762655,1.4495700717595774,5.821784804806378,COMPLETE,total,hist_gradient_boosting,,,,7.0,,,0.20007985454795793,0.01947122770499042,693.0,64.0,,,,,
35,-55.64789586357091,,4.729545473131078,4.771851534802652,19.032151386467703,COMPLETE,total,hist_gradient_boosting,,,,13.0,,,0.0015562460181699498,0.0395861678803262,545.0,33.0,,,,,
36,-55.64789586357091,,4.729545473131078,4.771851534802652,19.032151386467703,COMPLETE,total,hist_gradient_boosting,,,,17.0,,,0.004890439332746921,0.008720163506461457,605.0,56.0,,,,,
37,-9.46314147239113,,1.9503506437782174,2.0508130878921795,8.334532872903122,COMPLETE,total,hist_gradient_boosting,,,,8.0,,,9.534146638849443e-06,0.04898474859383643,105.0,51.0,,,,,
38,-55.64789586357091,,4.729545473131078,4.771851534802652,19.032151386467703,COMPLETE,total,hist_gradient_boosting,,,,22.0,,,2.1584499659982863,0.02400485522671658,338.0,60.0,,,,,
39,-55.64789586357091,,4.729545473131078,4.771851534802652,19.032151386467703,COMPLETE,total,hist_gradient_boosting,,,,15.0,,,0.028667562213794493,0.005005129576287262,517.0,39.0,,,,,
40,-55.64789586357091,,4.729545473131078,4.771851534802652,19.032151386467703,COMPLETE,total,hist_gradient_boosting,,,,10.0,,,0.0036938981507117965,0.07545927445420439,667.0,46.0,,,,,
41,-2.0442903989738097,,1.090177065709101,1.106211249412776,4.738126488174921,COMPLETE,total,hist_gradient_boosting,,,,6.0,,,0.1771417291419521,0.018408317057688865,598.0,58.0,,,,,
42,-4.224474599171399,,1.3440422118653383,1.4491600153327668,5.803628744607816,COMPLETE,total,hist_gradient_boosting,,,,7.0,,,0.15118508429690652,0.020651484952365823,596.0,62.0,,,,,
43,-2.6529474759299676,,1.0839993194805018,1.2117603713389793,4.731026704607853,COMPLETE,total,hist_gradient_boosting,,,,5.0,,,2.341469684751232e-05,0.01225065636769666,635.0,54.0,,,,,
44,-4.16724504751169,,1.3453698187223118,1.441201018843403,5.806258722940604,COMPLETE,total,hist_gradient_boosting,,,,7.0,,,0.2814008879338113,0.027478034591303616,542.0,61.0,,,,,
45,-55.64789586357091,,4.729545473131078,4.771851534802652,19.032151386467703,COMPLETE,total,hist_gradient_boosting,,,,37.0,,,1.5335812073158013,0.009989246469677296,666.0,57.0,,,,,
46,-55.64789586357091,,4.729545473131078,4.771851534802652,19.032151386467703,COMPLETE,total,hist_gradient_boosting,,,,10.0,,,1.0138286093845424e-06,0.016624992072121546,494.0,44.0,,,,,
47,-55.64789586357091,,4.729545473131078,4.771851534802652,19.032151386467703,COMPLETE,total,hist_gradient_boosting,,,,14.0,,,0.019520502087193116,0.007435031715375073,437.0,58.0,,,,,
48,-4.173661494954277,,1.3480103949122253,1.4420955498305574,5.816025884536376,COMPLETE,total,hist_gradient_boosting,,,,7.0,,,0.04132774572844691,0.022190726909039993,694.0,49.0,,,,,
49,-55.64789586357091,,4.729545473131078,4.771851534802652,19.032151386467703,COMPLETE,total,hist_gradient_boosting,,,,30.0,,,2.986709465746719e-06,0.03048824180991697,629.0,53.0,,,,,
50,-55.64789586357091,,4.729545473131078,4.771851534802652,19.032151386467703,COMPLETE,total,hist_gradient_boosting,,,,12.0,,,0.09642402912060093,0.014359175426824496,592.0,34.0,,,,,
51,-2.0723819634883953,,1.006100072875957,1.1113033795818161,4.399153166068109,COMPLETE,total,hist_gradient_boosting,,,,5.0,,,0.13935260196271246,0.018165873990436614,556.0,58.0,,,,,
52,-2.574912808866329,,1.0726513919071745,1.1987476218519486,4.681548970929423,COMPLETE,total,hist_gradient_boosting,,,,5.0,,,0.19842792086579528,0.01935278775904736,528.0,62.0,,,,,
53,-55.64789586357091,,4.729545473131078,4.771851534802652,19.032151386467703,COMPLETE,total,hist_gradient_boosting,,,,9.0,,,0.062571330460356,0.017049063074897567,567.0,56.0,,,,,
54,-55.64789586357091,,4.729545473131078,4.771851534802652,19.032151386467703,COMPLETE,total,hist_gradient_boosting,,,,44.0,,,0.410219739603567,0.04006086825329922,561.0,64.0,,,,,
55,-10.138702562721097,,1.949840411295736,2.1159837842822364,8.285088919487578,COMPLETE,total,hist_gradient_boosting,,,,7.0,,,0.0006497533674487165,0.18260249328704203,596.0,58.0,,,,,
56,-1.0169480368516663,,0.8858450946907054,0.9004143056422429,3.868108868986838,COMPLETE,total,hist_gradient_boosting,,,,6.0,,,0.006266001117823994,0.024143045671234004,621.0,48.0,,,,,
57,-55.64789586357091,,4.729545473131078,4.771851534802652,19.032151386467703,COMPLETE,total,hist_gradient_boosting,,,,10.0,,,0.002742719663668979,0.012761237304389305,624.0,39.0,,,,,
58,-7.775326142757855,,1.7630817825493856,1.8781343891815971,7.567870736373228,COMPLETE,total,hist_gradient_boosting,,,,8.0,,,1.8223452347238537e-06,0.03397245249070914,677.0,49.0,,,,,
59,-7.7648625108924705,,1.8484752907966975,1.8770143186410204,7.90702859108845,COMPLETE,total,hist_gradient_boosting,,,,6.0,,,0.00743601634605281,0.022462992844505376,163.0,45.0,,,,,
60,-55.64789586357091,,4.729545473131078,4.771851534802652,19.032151386467703,COMPLETE,total,hist_gradient_boosting,,,,11.0,,,0.018784968161720546,0.018505871826312487,251.0,47.0,,,,,
61,-2.3298920725686143,,1.0305526663039128,1.1569380653638182,4.501478094898256,COMPLETE,total,hist_gradient_boosting,,,,5.0,,,0.11873028221342147,0.026073483455810773,616.0,54.0,,,,,
62,-8.343199596343828,,1.8300232760353552,1.9379512364981746,7.842704131691194,COMPLETE,total,hist_gradient_boosting,,,,8.0,,,5.0525279176985615e-06,0.015573718045407851,557.0,41.0,,,,,
63,-1.111521410899091,,0.907087622338769,0.9212824038933879,3.9587918309209105,COMPLETE,total,hist_gradient_boosting,,,,6.0,,,0.0023542442731672606,0.02476423903979269,585.0,62.0,,,,,
64,-55.64789586357091,,4.729545473131078,4.771851534802652,19.032151386467703,COMPLETE,total,hist_gradient_boosting,,,,9.0,,,8.202426503029328,0.030832438233232166,639.0,51.0,,,,,
65,-1.2802872134578158,,0.9424039679948439,0.9573920296248953,4.109386704936284,COMPLETE,total,hist_gradient_boosting,,,,6.0,,,0.000682802225991618,0.022997967777250692,595.0,62.0,,,,,
66,-55.64789586357091,,4.729545473131078,4.771851534802652,19.032151386467703,COMPLETE,total,hist_gradient_boosting,,,,13.0,,,0.00017865585178752078,0.022291019439918684,580.0,57.0,,,,,
67,-1.2792004247914082,,0.943765230889157,0.9571638551202818,4.115272839444904,COMPLETE,total,hist_gradient_boosting,,,,6.0,,,0.000807572653570811,0.02651904092473902,523.0,18.0,,,,,
68,-55.64789586357091,,4.729545473131078,4.771851534802652,19.032151386467703,COMPLETE,total,hist_gradient_boosting,,,,10.0,,,0.0004368068257525593,0.060370849252764466,656.0,14.0,,,,,
69,-0.2612098451500653,,0.6845214490774705,0.7120142864123084,3.001211205966654,COMPLETE,total,hist_gradient_boosting,,,,6.0,,,0.0008226515742892243,0.04513901866408212,497.0,20.0,,,,,
70,-55.64789586357091,,4.729545473131078,4.771851534802652,19.032151386467703,COMPLETE,total,hist_gradient_boosting,,,,50.0,,,0.000796464527403715,0.0456275663210168,474.0,18.0,,,,,
71,-1.0257708271807529,,0.8881632490856504,0.9023815100115892,3.877946915549417,COMPLETE,total,hist_gradient_boosting,,,,6.0,,,0.0010975543242541204,0.0278524681433402,528.0,23.0,,,,,
72,-7.81702003941899,,1.7681047761985067,1.882590858728525,7.58852421554773,COMPLETE,total,hist_gradient_boosting,,,,8.0,,,0.00021802651303614117,0.03635503733875412,496.0,23.0,,,,,
73,-1.107090267958525,,0.9062381102238385,0.9203152154955735,3.955147698302302,COMPLETE,total,hist_gradient_boosting,,,,6.0,,,0.0018812578837629251,0.0285617750788142,525.0,19.0,,,,,
74,-1.0518668917213851,,0.8937268221882716,0.908175169357974,3.9019402169773594,COMPLETE,total,hist_gradient_boosting,,,,6.0,,,0.002554278221129864,0.027650263848129266,523.0,19.0,,,,,
75,-4.051900728397667,,1.3377225744985701,1.4250248428733892,5.770510267586603,COMPLETE,total,hist_gradient_boosting,,,,7.0,,,0.002106216351547096,0.04089864848576234,452.0,18.0,,,,,
76,-55.64789586357091,,4.729545473131078,4.771851534802652,19.032151386467703,COMPLETE,total,hist_gradient_boosting,,,,11.0,,,0.0013966823545562975,0.02883606725116971,532.0,21.0,,,,,
77,-0.14866091044914742,,0.6417024199284972,0.6795023337413281,2.8156223892623133,COMPLETE,total,hist_gradient_boosting,,,,6.0,,,0.0010039362167364619,0.0519773896620984,491.0,15.0,,,,,
78,-55.64789586357091,,4.729545473131078,4.771851534802652,19.032151386467703,COMPLETE,total,hist_gradient_boosting,,,,9.0,,,0.004620459348383871,0.06547047411511864,512.0,15.0,,,,,
79,-55.64789586357091,,4.729545473131078,4.771851534802652,19.032151386467703,COMPLETE,total,hist_gradient_boosting,,,,13.0,,,0.001090682071255419,0.05613509001436403,490.0,27.0,,,,,
0,-2.162710469994692,,1.0292936389818539,1.127521286735978,4.4972436835786285,COMPLETE,total,xgboost,,10.0,,,,431.0,,0.08762050559064072,,,0.6202083881990965,3.96389588638785,3.3323645788192616e-08,0.6245760287469893,0.8193963178886665
1,-9.223949929594408,,1.9948399290616063,2.0272363673893516,8.507053661871648,COMPLETE,total,xgboost,,8.0,,,,601.0,,0.005419290634672375,,,0.9245991883601898,5.034443102887247,4.329370014459266e-07,4.4734294104626844e-07,0.9864594334728974
2,-2.775049290704958,,1.122599862533286,1.2318457937603509,4.891272954554379,COMPLETE,total,xgboost,,6.0,,,,378.0,,0.027091411597666194,,,0.8253338026250707,3.6503833523887947,4.258943089524393e-06,1.9826980964985924e-05,0.6810531130891189
3,-2.6790591776025012,,1.076179447290773,1.2160835628283473,4.701981333244462,COMPLETE,total,xgboost,,9.0,,,,492.0,,0.010919676461591487,,,0.8165865559879191,1.8825578416799567,0.0029369981104377003,3.425445902633376e-07,0.7814054972861253
4,-3.4520041620589295,,1.1800568327481298,1.3377433860880419,5.136659437857293,COMPLETE,total,xgboost,,10.0,,,,198.0,,0.21854952340652511,,,0.6870761961280168,2.8557701661212933,0.014391207615728067,9.148975058772307e-05,0.9137788066524075
5,-56.29880165555922,,4.757125479496991,4.799188422583888,19.132330082720763,COMPLETE,total,xgboost,,6.0,,,,241.0,,0.005719987374645638,,,0.6664509917200077,13.587923402725657,6.388511557344611e-06,0.0004793052550782129,0.959194180935452
6,-55.647889866091454,,4.729545218266522,4.771851282197662,19.032150460211827,COMPLETE,total,xgboost,,3.0,,,,560.0,,0.22195513835256983,,,0.9727745237038852,18.001719658125328,0.002404915432737351,1.9809253750493907,0.8988097705125015
7,-52.17259729148681,,4.5798777962897965,4.6231604789492415,18.486597597908393,COMPLETE,total,xgboost,,3.0,,,,216.0,,0.0059677388712406935,,,0.724904780360267,6.155631603704022,0.28749982347407854,1.6247252885719427e-05,0.696398648843469
8,-55.647889866091454,,4.729545218266522,4.771851282197662,19.032150460211827,COMPLETE,total,xgboost,,6.0,,,,360.0,,0.008677528234927538,,,0.5835477896558969,19.75085179540983,0.08916674715636537,6.143857495033091e-07,0.9109886413393178
9,-2.7259655815475226,,1.1127407774502782,1.2238112777756682,4.8551839307746505,COMPLETE,total,xgboost,,9.0,,,,154.0,,0.07941443105985017,,,0.8970716560086756,2.4068483829477167,1.683416412018213e-05,1.1036250149900698e-07,0.8780532256184443
10,-65.92718670917701,,5.147866827763592,5.186761953682908,20.53979165342098,COMPLETE,total,xgboost,,8.0,,,,822.0,,0.06512598745001827,,,0.556915481797647,9.323537621774772,1.3686680646913219e-08,6.099006535330827,0.5580828440266691
11,-60.5410103641393,,4.933099371708905,4.973674305675688,19.768916311276318,COMPLETE,total,xgboost,,10.0,,,,709.0,,0.019853016510528457,,,0.8114819858775539,8.506283520488303,3.4710664349752878,0.05043710774472841,0.8013361288506806
12,-2.669849081581174,,1.0891468748623876,1.2145604472357165,4.756725632645812,COMPLETE,total,xgboost,,8.0,,,,424.0,,0.014209533776572537,,,0.7568977576986475,1.147395983310878,0.00032126076915987655,0.012341345845574316,0.7911583164994832
13,-2.851737395594014,,1.0956366944784293,1.2442950305774494,4.7844550522428815,COMPLETE,total,xgboost,,8.0,,,,411.0,,0.08363368291457544,,,0.6302489745791546,1.0597791961156457,0.00010012611618412848,0.024232408232010377,0.7093592571455158
14,-5.6632713721844965,,1.5031550154263524,1.6365858129903512,6.467526889167448,COMPLETE,total,xgboost,,7.0,,,,466.0,,0.04707651533241174,,,0.7475582804104233,6.765479716882602,1.1983840487840342e-07,0.05214301749873966,0.8273822003110677
15,-58.561620067421316,,4.851785284794842,4.893034553069855,19.47532020169522,COMPLETE,total,xgboost,,4.0,,,,312.0,,0.015609997352284851,,,0.6099576691352011,12.278192464806658,0.000418241829177638,0.002651863902294411,0.7299913147226718
16,-2.480069563882843,,1.0540964827115087,1.1827392087231352,4.56813030878064,COMPLETE,total,xgboost,,10.0,,,,647.0,,0.12915989458699892,,,0.6878099157849124,5.018010245581638,1.1032173338053777e-08,0.8086092986337592,0.8513556924726725
17,-8.671992188411545,,1.8655194665168473,1.9717552242218348,7.988039658010347,COMPLETE,total,xgboost,,10.0,,,,730.0,,0.1339730611294792,,,0.6633955289379702,7.489451803774354,1.314053143275926e-08,0.6658004494571819,0.837090427993276
18,-63.256652662045354,,5.042525870121991,5.0822272517699645,20.162512050754202,COMPLETE,total,xgboost,,5.0,,,,607.0,,0.13092725618741885,,,0.6973707644392695,11.047230801516806,5.570233561542583e-07,0.3993811862020085,0.6204553154067857
19,-2.017554631349672,,0.9703899448290217,1.1013430166710751,4.214669305192963,COMPLETE,total,xgboost,,9.0,,,,898.0,,0.12807599664992048,,,0.6256682772929182,5.092464971556636,9.125119803766077e-08,0.21956774205104782,0.846857651900694
20,-55.647889866091454,,4.729545218266522,4.771851282197662,19.032150460211827,COMPLETE,total,xgboost,,9.0,,,,882.0,,0.04311837583135064,,,0.624147841342158,15.285097649655853,1.6038069405117523e-07,0.0017377542249006636,0.7441878095268185
21,-3.4212446605595446,,1.2227397983446469,1.3331140506673511,5.312535524638833,COMPLETE,total,xgboost,,10.0,,,,696.0,,0.12878904576737163,,,0.5643738231930314,4.922653773039425,3.984347606913917e-08,0.21843076475604112,0.8555078032101793
22,-3.1451477386118825,,1.1895382628018407,1.2908180765948867,5.171652834139938,COMPLETE,total,xgboost,,9.0,,,,799.0,,0.10815555090082335,,,0.649119604098716,4.572225669989563,1.0978412647709483e-06,8.158203260273458,0.9410587258887108
23,-12.982894262550785,,2.09678358089673,2.3707926295540798,8.83007562449684,COMPLETE,total,xgboost,,7.0,,,,891.0,,0.1600106606393755,,,0.5965432392134815,6.129662704193782,6.189776343666531e-08,0.24936563449095636,0.867202425598259
24,-60.040094778590294,,4.912648779667889,4.953391234311717,19.695166469417483,COMPLETE,total,xgboost,,10.0,,,,648.0,,0.05654597417583073,,,0.7122900358576018,8.612054979164641,1.1847468934976986e-06,1.738676514008924,0.8295806816575836
25,-2.910382386085648,,1.1445219740445165,1.2537318117136405,4.979657627437755,COMPLETE,total,xgboost,,2.0,,,,498.0,,0.09043090828403737,,,0.6520438433264151,3.9281697512492486,1.6064579012822554e-08,0.004150637927279544,0.7569146244261539
26,-58.23796586639432,,4.838359457768475,4.879722218565458,19.426752293213802,COMPLETE,total,xgboost,,9.0,,,,772.0,,0.1785843010621486,,,0.602284921179871,10.571499287318066,1.903271971809776e-07,1.656943326224823,0.814715349606556
27,-9.557308555305081,,1.959975185510988,2.06002095908926,8.373760997068945,COMPLETE,total,xgboost,,7.0,,,,544.0,,0.0652999008216399,,,0.6815476611109349,7.135409738829105,3.467895880218071e-05,0.10004064307716906,0.8772614325459259
28,-0.8447891184393346,,0.7475521788174658,0.8611293582259082,3.2744065659336097,COMPLETE,total,xgboost,,10.0,,,,283.0,,0.10380651733831048,,,0.7913403690420066,5.600795466524541,2.1803171950479945e-06,0.01127681771890285,0.6581752153905838
29,-3.1210077315404847,,1.1880365436449398,1.2870539336712181,5.1663540143124385,COMPLETE,total,xgboost,,9.0,,,,286.0,,0.030435200718897572,,,0.862493313986575,3.4117384479385695,2.3184174083072444e-06,0.009986352197593147,0.6534445408415268
30,-8.297445640266325,,1.9040917779182145,1.9332003074868693,8.138831929029948,COMPLETE,total,xgboost,,8.0,,,,336.0,,0.045439659527572604,,,0.7716378837745161,5.505276157076602,4.4284405493033705e-07,0.0007344653656581403,0.5690112745407963
31,-1.753085232091526,,0.9763586744839697,1.0519736460245517,4.270698755510435,COMPLETE,total,xgboost,,10.0,,,,610.0,,0.10573025804626321,,,0.736205899232065,4.993656655846529,4.904062955896915e-08,0.1322957678682174,0.7689797166720945
32,-4.164278502767994,,1.3508382861986508,1.440787258602212,5.851534596706448,COMPLETE,total,xgboost,,10.0,,,,275.0,,0.09843175445398403,,,0.7984082263971999,3.7828048161409096,8.315673868244232e-08,0.0410918446681837,0.6317640655688831
33,-16.014630380847155,,2.5371929233446466,2.6152083316733883,10.697447144713722,COMPLETE,total,xgboost,,9.0,,,,437.0,,0.17244412931911082,,,0.8591432246196081,7.815402912992191,8.384777063418121e-06,0.15960887129988366,0.7696792829394327
34,-2.7442535356982733,,1.1199731255744645,1.2268109846130464,4.885666862468585,COMPLETE,total,xgboost,,10.0,,,,386.0,,0.24832696062186907,,,0.7377305688463737,2.41991404578807,3.111999074781992e-07,0.013450017774036774,0.9993235093972391
35,-0.4297339607481936,,0.6514043895874787,0.758093282264059,2.8617064881964684,COMPLETE,total,xgboost,,9.0,,,,591.0,,0.07155030237945602,,,0.7852102389982725,5.604624008919443,3.660130151954212e-08,4.191524748892485e-05,0.6744515818586813
36,-62.40329881488142,,5.008397681035077,5.048367460791784,20.03994112699264,COMPLETE,total,xgboost,,9.0,,,,575.0,,0.06434053455877334,,,0.7890822078113057,9.612197192142535,4.8108548377543687e-08,0.00014004484884381306,0.6641304096542664
37,-3.2941617541494193,,1.2510022546027848,1.3138150467714633,5.429319231880146,COMPLETE,total,xgboost,,8.0,,,,637.0,,0.03458784642482237,,,0.8605616909362106,5.909485609037114,2.166496256658492e-06,1.3212838657325049e-05,0.5999970430254016
38,-1.002759066644185,,0.8215420469815283,0.8972415663843483,3.602976110895987,COMPLETE,total,xgboost,,7.0,,,,512.0,,0.07774545426827013,,,0.7720565804715205,4.346456798461952,8.416416095287818e-07,6.111681431939654e-06,0.7191575552031808
39,-2.728449505750426,,1.0767243132168798,1.224219138224632,4.699370683561466,COMPLETE,total,xgboost,,5.0,,,,525.0,,0.05409973669423113,,,0.836672355614631,3.2756577031072744,6.921832114821532e-05,1.4896499122761735e-06,0.7119062413568078
40,-9.081603029883844,,1.910835209009523,2.013074409323469,8.148728023552753,COMPLETE,total,xgboost,,6.0,,,,589.0,,0.07668020244044796,,,0.7738228617257578,6.642425966205666,7.281484630865024e-06,1.0074354722062371e-08,0.6856651024767976
41,-1.5783955477474718,,0.9674707477465022,1.0180516284179406,4.23010502941269,COMPLETE,total,xgboost,,7.0,,,,504.0,,0.10750292098481103,,,0.8372493064364805,4.452735960050625,3.881373903378204e-07,4.8920963316303006e-06,0.7292730542209707
42,-4.1562796100670605,,1.3355133757168798,1.4396710166373237,5.792214209459998,COMPLETE,total,xgboost,,7.0,,,,506.0,,0.09678679848331236,,,0.8365402722340358,2.1253365001369793,9.138377241642289e-07,3.77138216257597e-06,0.7300268413032469
43,-2.31581316725057,,1.109679800786053,1.15448968646301,4.83343684683324,COMPLETE,total,xgboost,,7.0,,,,621.0,,0.10937773202264536,,,0.9063999489750713,4.375156678596574,3.526818213758854e-06,7.496555274502449e-05,0.6661478825763258
44,-64.23717093891065,,5.081456763066327,5.120856327089861,20.302128081405797,COMPLETE,total,xgboost,,5.0,,,,472.0,,0.07620167369519057,,,0.811112608895005,8.006682471303483,3.211035188766795e-07,4.347854925717112e-06,0.6413977604773355
45,-2.2315755783861118,,1.0044739470059423,1.1397305521774537,4.389627029037651,COMPLETE,total,xgboost,,6.0,,,,550.0,,0.02412618163300187,,,0.7184057474833698,3.143827940085764,2.9080089689680624e-08,6.53016078459178e-05,0.6977186278236353
46,-2.9317443519770885,,1.135401350773846,1.2571516433496395,4.9179856084750675,COMPLETE,total,xgboost,,8.0,,,,664.0,,0.19901343056215995,,,0.9680989309482061,5.899985647094308,0.0009694331143626062,1.4040000577196733e-07,0.7741093772605225
47,-2.535588710037566,,1.0799381956631688,1.1921362686955814,4.717640651128549,COMPLETE,total,xgboost,,8.0,,,,227.0,,0.06940287938528422,,,0.7598185161626655,1.6312268869644955,1.8219107857717562e-05,2.1852304207906858e-05,0.603282091783253
48,-55.647889866091454,,4.729545218266522,4.771851282197662,19.032150460211827,COMPLETE,total,xgboost,,10.0,,,,463.0,,0.14914752156465683,,,0.7914999520529578,15.560097618854918,0.038723929433861264,0.00023337390011029052,0.7228417424227511
49,-1.222243180312883,,0.8833379174445817,0.945128420184473,3.866571530677043,COMPLETE,total,xgboost,,7.0,,,,680.0,,0.10776516300994285,,,0.7353607618726103,4.2111925665583,3.2365863206086914e-08,2.8694552873545705e-05,0.6776338049595811
50,-1.430658281120094,,0.9405704563036311,0.988455187854254,4.1140737388052955,COMPLETE,total,xgboost,,6.0,,,,741.0,,0.05268286924821896,,,0.8278897909844853,4.184169076682762,2.1158740147043694e-07,3.106831757797348e-05,0.6781368375458466
51,-3.49270742696104,,1.2060040856574723,1.3438447542766931,5.250423208828674,COMPLETE,total,xgboost,,6.0,,,,754.0,,0.053425005571345,,,0.8268412898940513,2.810898681776134,2.143504252886935e-07,3.0074461147400445e-05,0.6890889441614355
52,-1.5415346698803636,,0.9448101744229346,1.0107483728106506,4.132638620416858,COMPLETE,total,xgboost,,7.0,,,,682.0,,0.03704588059182026,,,0.8501419076902068,4.047457262094131,7.690476522257401e-07,7.797401073420096e-06,0.6709639315350979
53,-3.4996032436776714,,1.219514471806561,1.3448756865235292,5.300433303650535,COMPLETE,total,xgboost,,6.0,,,,685.0,,0.04222383060986673,,,0.8841849712171763,3.969846129107255,2.1574639606326824e-08,1.144530714172018e-06,0.6695148228552238
54,-21.85496085111143,,2.9675184314623224,3.0309953666656355,12.393491798472974,COMPLETE,total,xgboost,,6.0,,,,726.0,,0.03840343237063881,,,0.8067784949543659,6.765490479652801,8.107299942356385e-07,9.20927582092486e-06,0.6173245283411519
55,-23.705414200696538,,3.0973948861335465,3.1513098096790837,12.899135470271583,COMPLETE,total,xgboost,,7.0,,,,152.0,,0.02289876478910634,,,0.7869941998812768,5.397771760893637,1.471391188413944e-07,4.851524604734414e-05,0.6450582562747963
56,-3.177133868410748,,1.1891008441820492,1.2957888197983471,5.178382036983805,COMPLETE,total,xgboost,,5.0,,,,835.0,,0.03558055560659595,,,0.7577989393913962,2.267907317103398,4.023945680723206e-06,0.0003968304447418859,0.6749685850328584
57,-23.99588197070015,,3.105175914881105,3.169781046696429,12.929560296551362,COMPLETE,total,xgboost,,4.0,,,,752.0,,0.05934180624365127,,,0.8791377306046021,1.6786528496269195,7.81668258028897,0.0007435244232531528,0.7036418576295669
58,-6.994767072950349,,1.6199833639934031,1.7926600458303417,6.9308181207856245,COMPLETE,total,xgboost,,7.0,,,,674.0,,0.08522251287292339,,,0.9312729877881323,6.431890044593528,0.007669073264005684,0.0001601286785982252,0.7479184991517985
59,-2.764802284900903,,1.1406494205370297,1.2301727946196468,4.968367561503904,COMPLETE,total,xgboost,,8.0,,,,197.0,,0.07739428407398133,,,0.8221606106557435,3.9452999376989477,0.8980992068116189,1.6584292190245645e-06,0.58752577017084
60,-64.33375055381607,,5.085275275029217,5.124645481455984,20.315810556163292,COMPLETE,total,xgboost,,6.0,,,,804.0,,0.04979191845547234,,,0.7073174041107684,8.978997981262669,1.0854544610688277e-07,3.868385773199955e-07,0.6547076478858177
61,-1.606773756485961,,0.9313471540982275,1.023638711995725,4.078621114441557,COMPLETE,total,xgboost,,7.0,,,,726.0,,0.11239409626626598,,,0.7733608727808556,4.471450154780551,5.719733713939291e-07,7.484073666266713e-06,0.7188844182800995
62,-2.6011807752405764,,1.0703515435432145,1.20314367734447,4.676287603167539,COMPLETE,total,xgboost,,7.0,,,,528.0,,0.029803892631252993,,,0.849192874005582,2.8826873974939433,2.0528002895795537e-06,3.3972834939997528e-06,0.6828016802634692
63,-6.074370400075414,,1.6484921202237157,1.686315877252456,7.088652558812105,COMPLETE,total,xgboost,,7.0,,,,579.0,,0.007109210967146192,,,0.8368926906738464,4.580638053818539,2.4896282308601622e-08,3.155290813879568e-05,0.7371901292484325
64,-1.112970139870904,,0.8391892203166454,0.9215983987127341,3.67140674419682,COMPLETE,total,xgboost,,8.0,,,,652.0,,0.11935221491726516,,,0.7333574003582233,5.636118359818258,2.9031582594117983e-07,8.035883181081667e-06,0.6994798825578521
65,-1.0009412693864186,,0.7922019387458512,0.896834284862634,3.4753431096850336,COMPLETE,total,xgboost,,8.0,,,,701.0,,0.14701120682687446,,,0.733175439172068,5.6134788132674105,1.3171355782626282e-05,1.6110246888754256e-05,0.6349373974790496
66,-1.34792076209399,,0.852145137903566,0.9714864548297215,3.7256490637031217,COMPLETE,total,xgboost,,8.0,,,,637.0,,0.09009060481714952,,,0.7319164727144132,5.454391861735221,1.291298065825213e-05,1.3611598630074057e-05,0.629700526740663
67,-58.1949501144399,,4.83657227209953,4.877950187427682,19.420285180534705,COMPLETE,total,xgboost,,8.0,,,,632.0,,0.1498976719775455,,,0.728122423959047,7.260922777581808,0.00010738671306465809,1.5776148070030486e-05,0.6260640567418385
68,-0.9404745231825504,,0.7946299935554215,0.8831795495891209,3.4745085714876494,COMPLETE,total,xgboost,,8.0,,,,708.0,,0.19722636918312422,,,0.7494143068850319,5.508007284203052,1.867396789683326e-05,2.5499326930957586e-06,0.6474597023088671
69,-51.16485229826551,,4.535037619389569,4.579141065425082,18.322477666896773,COMPLETE,total,xgboost,,9.0,,,,705.0,,0.20130653708852256,,,0.6981173594185351,7.967726450724459,3.2059662175777636e-05,6.791912285133265e-07,0.6091775622135299
70,-55.647889866091454,,4.729545218266522,4.771851282197662,19.032150460211827,COMPLETE,total,xgboost,,9.0,,,,658.0,,0.141328604162124,,,0.6761468065595935,19.753932073005004,1.025932527406056e-08,2.463052247471923e-06,0.5886516813360215
71,-1.1291134285920132,,0.7911417707974463,0.9251122487606769,3.475703613233045,COMPLETE,total,xgboost,,8.0,,,,775.0,,0.18357517011914606,,,0.7431960696033674,5.490076587736778,1.000041363756168e-05,1.1877931982395419e-05,0.6350554004601915
72,-6.913046168863898,,1.6032193589681754,1.783474406538574,6.858809548542529,COMPLETE,total,xgboost,,8.0,,,,776.0,,0.17531074966890733,,,0.7415253087569116,6.176062619918804,0.00021858020965378504,0.00010770666718333216,0.651964864674917
73,-1.2061380741879852,,0.8394393349860856,0.9416974113137228,3.675791688320452,COMPLETE,total,xgboost,,9.0,,,,700.0,,0.12230161753323532,,,0.7523340298961393,5.605203135299005,1.6432906065177695e-06,4.510615438547937e-05,0.6415310465343009
74,-0.29056889148154985,,0.6549399781698355,0.7202539154114924,2.8799825902787393,COMPLETE,total,xgboost,,9.0,,,,832.0,,0.24981006567928596,,,0.7536073910285901,5.604252103302819,1.6642364090831267e-06,2.296278380408281e-07,0.6386640222440384
75,-51.91307012401649,,4.568076712407147,4.6118642150675075,18.443415033584067,COMPLETE,total,xgboost,,9.0,,,,850.0,,0.2192318143253494,,,0.7623585355967814,7.0166404613647275,3.8030091652927354e-05,5.0994263963805274e-08,0.5688731200546672
76,-2.090444530959829,,1.006922346867596,1.1145652748445598,4.381333670588663,COMPLETE,total,xgboost,,8.0,,,,783.0,,0.20002802266942166,,,0.7838654407139749,5.065330735963881,4.6077086949642195e-06,1.536309339931402e-07,0.6600438457765192
77,-51.204067321577924,,4.536775213994061,4.5808619309137235,18.328842028901605,COMPLETE,total,xgboost,,8.0,,,,806.0,,0.2442400901956702,,,0.7058319207659136,7.545873832917362,9.236875348694199e-06,3.170021265864377e-08,0.6365955365618248
78,-60.56516958370133,,4.934083563603436,4.974650470174295,19.772464026391443,COMPLETE,total,xgboost,,9.0,,,,856.0,,0.16274476302229712,,,0.7478066906464946,9.762660608289092,1.6832038845784226e-05,5.128049380459181e-07,0.6957251116297455
79,-57.889706843109884,,4.8238712375536315,4.865357171295952,19.374311848903073,COMPLETE,total,xgboost,,9.0,,,,866.0,,0.1909013783026107,,,0.8029652216009712,11.739148630158112,2.9305851889686525e-06,7.13644348060711e-07,0.6147660136045013
