mes,banco,rango_orden,rango_monto,suma_tasa_credito,total_creditos,registros_fuente,fecha_minima,fecha_maxima,tasa_ponderada
2023-09,BBVA Colombia,1,Menor o igual a 3 SMLMV,13163.74,385,189,2023-09-29,2023-09-29,34.19153246753247
2023-09,BBVA Colombia,2,Mayor a 3 SMLMV y menor o igual a 6 SMLMV,19855.53,578,244,2023-09-29,2023-09-29,34.35212802768166
2023-09,BBVA Colombia,3,Mayor a 6 SMLMV y menor o igual a 12 SMLMV,26798.8,805,307,2023-09-29,2023-09-29,33.29043478260869
2023-09,BBVA Colombia,4,Mayor a 12 SMLMV y menor o igual a 25 SMLMV,22025.510000000002,679,278,2023-09-29,2023-09-29,32.43815905743741
2023-09,BBVA Colombia,5,Mayor a 25 SMLMV y menor o igual a 100 SMLMV,18196.739999999998,616,299,2023-09-29,2023-09-29,29.540162337662334
2023-09,BBVA Colombia,6,Mayor a 100 SMLMV,585.39,23,21,2023-09-29,2023-09-29,25.45173913043478
2023-09,Bancien,1,Menor o igual a 3 SMLMV,676.5999999999999,17,12,2023-09-29,2023-09-29,39.8
2023-09,Bancien,2,Mayor a 3 SMLMV y menor o igual a 6 SMLMV,1233.8,31,23,2023-09-29,2023-09-29,39.8
2023-09,Bancien,3,Mayor a 6 SMLMV y menor o igual a 12 SMLMV,2507.3999999999996,63,34,2023-09-29,2023-09-29,39.8
2023-09,Bancien,4,Mayor a 12 SMLMV y menor o igual a 25 SMLMV,318.4,8,4,2023-09-29,2023-09-29,39.8
2023-09,Banco AV Villas,1,Menor o igual a 3 SMLMV,2114.12,60,52,2023-09-29,2023-09-29,35.23533333333333
2023-09,Banco AV Villas,2,Mayor a 3 SMLMV y menor o igual a 6 SMLMV,2670.88,81,62,2023-09-29,2023-09-29,32.973827160493826
2023-09,Banco AV Villas,3,Mayor a 6 SMLMV y menor o igual a 12 SMLMV,3006.03,99,70,2023-09-29,2023-09-29,30.363939393939397
2023-09,Banco AV Villas,4,Mayor a 12 SMLMV y menor o igual a 25 SMLMV,3256.0699999999997,119,74,2023-09-29,2023-09-29,27.361932773109242
2023-09,Banco AV Villas,5,Mayor a 25 SMLMV y menor o igual a 100 SMLMV,3204.73,128,71,2023-09-29,2023-09-29,25.036953125
2023-09,Banco AV Villas,6,Mayor a 100 SMLMV,206.36,9,9,2023-09-29,2023-09-29,22.928888888888892
2023-09,Banco Agrario,1,Menor o igual a 3 SMLMV,260.96000000000004,7,7,2023-09-29,2023-09-29,37.28000000000001
2023-09,Banco Agrario,2,Mayor a 3 SMLMV y menor o igual a 6 SMLMV,862.88,24,24,2023-09-29,2023-09-29,35.95333333333333
2023-09,Banco Agrario,3,Mayor a 6 SMLMV y menor o igual a 12 SMLMV,506.8,20,19,2023-09-29,2023-09-29,25.34
2023-09,Banco Agrario,4,Mayor a 12 SMLMV y menor o igual a 25 SMLMV,459.03999999999996,20,20,2023-09-29,2023-09-29,22.951999999999998
2023-09,Banco Agrario,5,Mayor a 25 SMLMV y menor o igual a 100 SMLMV,213.2,7,7,2023-09-29,2023-09-29,30.457142857142856
2023-09,Banco Caja Social,1,Menor o igual a 3 SMLMV,29100.42,771,546,2023-09-29,2023-09-29,37.74373540856031
2023-09,Banco Caja Social,2,Mayor a 3 SMLMV y menor o igual a 6 SMLMV,33739.21,918,559,2023-09-29,2023-09-29,36.75295206971678
2023-09,Banco Caja Social,3,Mayor a 6 SMLMV y menor o igual a 12 SMLMV,36806.61,1122,566,2023-09-29,2023-09-29,32.80446524064171
2023-09,Banco Caja Social,4,Mayor a 12 SMLMV y menor o igual a 25 SMLMV,17520.39,609,341,2023-09-29,2023-09-29,28.76911330049261
2023-09,Banco Caja Social,5,Mayor a 25 SMLMV y menor o igual a 100 SMLMV,4526.2300000000005,174,119,2023-09-29,2023-09-29,26.012816091954026
2023-09,Banco Caja Social,6,Mayor a 100 SMLMV,149.6,7,7,2023-09-29,2023-09-29,21.37142857142857
2023-09,Banco Davibank,1,Menor o igual a 3 SMLMV,66915.41,1592,544,2023-09-29,2023-09-29,42.03229271356784
2023-09,Banco Davibank,2,Mayor a 3 SMLMV y menor o igual a 6 SMLMV,40163.14,957,118,2023-09-29,2023-09-29,41.96775339602926
2023-09,Banco Davibank,3,Mayor a 6 SMLMV y menor o igual a 12 SMLMV,44733.92,1072,108,2023-09-29,2023-09-29,41.72940298507463
2023-09,Banco Davibank,4,Mayor a 12 SMLMV y menor o igual a 25 SMLMV,41520.68,1019,174,2023-09-29,2023-09-29,40.74649656526006
2023-09,Banco Davibank,5,Mayor a 25 SMLMV y menor o igual a 100 SMLMV,142202.36000000002,3457,193,2023-09-29,2023-09-29,41.13461382701765
2023-09,Banco Davibank,6,Mayor a 100 SMLMV,1172548.69,28032,53,2023-09-29,2023-09-29,41.828934432077624
2023-09,Banco Davivienda,1,Menor o igual a 3 SMLMV,63405.84,1927,723,2023-09-29,2023-09-29,32.903912817851584
2023-09,Banco Davivienda,2,Mayor a 3 SMLMV y menor o igual a 6 SMLMV,34317.86,1053,443,2023-09-29,2023-09-29,32.59056030389364
2023-09,Banco Davivienda,3,Mayor a 6 SMLMV y menor o igual a 12 SMLMV,37204.32,1149,500,2023-09-29,2023-09-29,32.379738903394255
2023-09,Banco Davivienda,4,Mayor a 12 SMLMV y menor o igual a 25 SMLMV,24880.73,796,375,2023-09-29,2023-09-29,31.25719849246231
2023-09,Banco Davivienda,5,Mayor a 25 SMLMV y menor o igual a 100 SMLMV,10614.34,359,192,2023-09-29,2023-09-29,29.566406685236768
2023-09,Banco Davivienda,6,Mayor a 100 SMLMV,28.32,1,1,2023-09-29,2023-09-29,28.32
2023-09,Banco Falabella,1,Menor o igual a 3 SMLMV,27205.99,750,283,2023-09-29,2023-09-29,36.27465333333333
2023-09,Banco Falabella,2,Mayor a 3 SMLMV y menor o igual a 6 SMLMV,22150.31,617,253,2023-09-29,2023-09-29,35.90001620745543
2023-09,Banco Falabella,3,Mayor a 6 SMLMV y menor o igual a 12 SMLMV,22919.18,661,278,2023-09-29,2023-09-29,34.673494704992436
2023-09,Banco Falabella,4,Mayor a 12 SMLMV y menor o igual a 25 SMLMV,11759.14,366,194,2023-09-29,2023-09-29,32.12879781420765
2023-09,Banco Falabella,5,Mayor a 25 SMLMV y menor o igual a 100 SMLMV,2598.84,91,61,2023-09-29,2023-09-29,28.55868131868132
2023-09,Banco Falabella,6,Mayor a 100 SMLMV,23.87,1,1,2023-09-29,2023-09-29,23.87
2023-09,Banco GNB Sudameris,4,Mayor a 12 SMLMV y menor o igual a 25 SMLMV,25.02,1,1,2023-09-29,2023-09-29,25.02
2023-09,Banco Mundo Mujer,1,Menor o igual a 3 SMLMV,39156.56,934,578,2023-09-29,2023-09-29,41.923511777301925
2023-09,Banco Mundo Mujer,2,Mayor a 3 SMLMV y menor o igual a 6 SMLMV,21425.27,511,276,2023-09-29,2023-09-29,41.928121330724075
2023-09,Banco Mundo Mujer,3,Mayor a 6 SMLMV y menor o igual a 12 SMLMV,6849.17,164,119,2023-09-29,2023-09-29,41.763231707317075
2023-09,Banco Mundo Mujer,4,Mayor a 12 SMLMV y menor o igual a 25 SMLMV,124.14999999999999,3,3,2023-09-29,2023-09-29,41.38333333333333
2023-09,Banco Pichincha,3,Mayor a 6 SMLMV y menor o igual a 12 SMLMV,108.07000000000001,3,3,2023-09-29,2023-09-29,36.02333333333333
2023-09,Banco Pichincha,5,Mayor a 25 SMLMV y menor o igual a 100 SMLMV,169.35,6,6,2023-09-29,2023-09-29,28.224999999999998
2023-09,Banco Pichincha,6,Mayor a 100 SMLMV,76.49,3,3,2023-09-29,2023-09-29,25.496666666666666
2023-09,Banco Popular,1,Menor o igual a 3 SMLMV,171.51999999999998,5,5,2023-09-29,2023-09-29,34.303999999999995
2023-09,Banco Popular,2,Mayor a 3 SMLMV y menor o igual a 6 SMLMV,308.72999999999996,9,9,2023-09-29,2023-09-29,34.30333333333333
2023-09,Banco Popular,3,Mayor a 6 SMLMV y menor o igual a 12 SMLMV,1005.67,31,24,2023-09-29,2023-09-29,32.44096774193548
2023-09,Banco Popular,4,Mayor a 12 SMLMV y menor o igual a 25 SMLMV,1373.75,47,36,2023-09-29,2023-09-29,29.22872340425532
2023-09,Banco Popular,5,Mayor a 25 SMLMV y menor o igual a 100 SMLMV,558.84,22,14,2023-09-29,2023-09-29,25.401818181818182
2023-09,Banco Popular,6,Mayor a 100 SMLMV,155.89000000000001,6,4,2023-09-29,2023-09-29,25.98166666666667
2023-09,Banco Serfinanza,1,Menor o igual a 3 SMLMV,1722.67,72,56,2023-09-29,2023-09-29,23.925972222222224
2023-09,Banco Serfinanza,2,Mayor a 3 SMLMV y menor o igual a 6 SMLMV,4851.64,212,124,2023-09-29,2023-09-29,22.885094339622643
2023-09,Banco Serfinanza,3,Mayor a 6 SMLMV y menor o igual a 12 SMLMV,1263.21,57,42,2023-09-29,2023-09-29,22.161578947368422
2023-09,Banco Serfinanza,4,Mayor a 12 SMLMV y menor o igual a 25 SMLMV,1620.75,78,58,2023-09-29,2023-09-29,20.778846153846153
2023-09,Banco Serfinanza,5,Mayor a 25 SMLMV y menor o igual a 100 SMLMV,2204.1000000000004,112,65,2023-09-29,2023-09-29,19.67946428571429
2023-09,Banco Serfinanza,6,Mayor a 100 SMLMV,25.53,1,1,2023-09-29,2023-09-29,25.53
2023-09,Banco Unión,1,Menor o igual a 3 SMLMV,125.25,3,3,2023-09-29,2023-09-29,41.75
2023-09,Banco de Bogotá,1,Menor o igual a 3 SMLMV,72945.92,1958,708,2023-09-29,2023-09-29,37.25532175689479
2023-09,Banco de Bogotá,2,Mayor a 3 SMLMV y menor o igual a 6 SMLMV,101687.73,2796,798,2023-09-29,2023-09-29,36.36900214592274
2023-09,Banco de Bogotá,3,Mayor a 6 SMLMV y menor o igual a 12 SMLMV,64976.42,1839,516,2023-09-29,2023-09-29,35.332474170744966
2023-09,Banco de Bogotá,4,Mayor a 12 SMLMV y menor o igual a 25 SMLMV,25863.149999999998,819,333,2023-09-29,2023-09-29,31.578937728937728
2023-09,Banco de Bogotá,5,Mayor a 25 SMLMV y menor o igual a 100 SMLMV,16390.28,589,297,2023-09-29,2023-09-29,27.82730050933786
2023-09,Banco de Bogotá,6,Mayor a 100 SMLMV,823.92,39,28,2023-09-29,2023-09-29,21.126153846153844
2023-09,Banco de Occidente,1,Menor o igual a 3 SMLMV,963.49,27,24,2023-09-29,2023-09-29,35.684814814814814
2023-09,Banco de Occidente,2,Mayor a 3 SMLMV y menor o igual a 6 SMLMV,2916.25,84,51,2023-09-29,2023-09-29,34.717261904761905
2023-09,Banco de Occidente,3,Mayor a 6 SMLMV y menor o igual a 12 SMLMV,5455.8,167,92,2023-09-29,2023-09-29,32.66946107784431
2023-09,Banco de Occidente,4,Mayor a 12 SMLMV y menor o igual a 25 SMLMV,9284.91,298,114,2023-09-29,2023-09-29,31.15741610738255
2023-09,Banco de Occidente,5,Mayor a 25 SMLMV y menor o igual a 100 SMLMV,18427.53,727,222,2023-09-29,2023-09-29,25.347359009628608
2023-09,Banco de Occidente,6,Mayor a 100 SMLMV,2054.87,98,62,2023-09-29,2023-09-29,20.968061224489794
2023-09,Bancolombia,1,Menor o igual a 3 SMLMV,61640.909999999996,1699,489,2023-09-29,2023-09-29,36.28070041200706
2023-09,Bancolombia,2,Mayor a 3 SMLMV y menor o igual a 6 SMLMV,23361.71,709,309,2023-09-29,2023-09-29,32.95022566995769
2023-09,Bancolombia,3,Mayor a 6 SMLMV y menor o igual a 12 SMLMV,30196.96,960,326,2023-09-29,2023-09-29,31.455166666666667
2023-09,Bancolombia,4,Mayor a 12 SMLMV y menor o igual a 25 SMLMV,26739.26,876,298,2023-09-29,2023-09-29,30.52426940639269
2023-09,Bancolombia,5,Mayor a 25 SMLMV y menor o igual a 100 SMLMV,25543.49,897,383,2023-09-29,2023-09-29,28.476577480490526
2023-09,Bancolombia,6,Mayor a 100 SMLMV,2717.42,113,81,2023-09-29,2023-09-29,24.047964601769912
2023-09,Bancoomeva,1,Menor o igual a 3 SMLMV,671.92,26,20,2023-09-29,2023-09-29,25.84307692307692
2023-09,Bancoomeva,2,Mayor a 3 SMLMV y menor o igual a 6 SMLMV,1981.22,77,54,2023-09-29,2023-09-29,25.730129870129872
2023-09,Bancoomeva,3,Mayor a 6 SMLMV y menor o igual a 12 SMLMV,4543.08,179,125,2023-09-29,2023-09-29,25.380335195530726
2023-09,Bancoomeva,4,Mayor a 12 SMLMV y menor o igual a 25 SMLMV,4359.68,176,121,2023-09-29,2023-09-29,24.770909090909093
2023-09,Bancoomeva,5,Mayor a 25 SMLMV y menor o igual a 100 SMLMV,4855.65,187,136,2023-09-29,2023-09-29,25.966042780748662
2023-09,Bancoomeva,6,Mayor a 100 SMLMV,125.05,5,5,2023-09-29,2023-09-29,25.009999999999998
2023-09,Coopcentral,2,Mayor a 3 SMLMV y menor o igual a 6 SMLMV,16.0,1,1,2023-09-29,2023-09-29,16.0
2023-09,Coopcentral,3,Mayor a 6 SMLMV y menor o igual a 12 SMLMV,59.64,3,2,2023-09-29,2023-09-29,19.88
2023-09,Coopcentral,4,Mayor a 12 SMLMV y menor o igual a 25 SMLMV,43.5,2,2,2023-09-29,2023-09-29,21.75
2023-09,Coopcentral,5,Mayor a 25 SMLMV y menor o igual a 100 SMLMV,38.03,3,3,2023-09-29,2023-09-29,12.676666666666668
2023-09,Coopcentral,6,Mayor a 100 SMLMV,20.0,1,1,2023-09-29,2023-09-29,20.0
2023-09,Finandina,1,Menor o igual a 3 SMLMV,110.44,3,3,2023-09-29,2023-09-29,36.81333333333333
2023-09,Finandina,2,Mayor a 3 SMLMV y menor o igual a 6 SMLMV,2158.81,60,43,2023-09-29,2023-09-29,35.98016666666667
2023-09,Finandina,3,Mayor a 6 SMLMV y menor o igual a 12 SMLMV,4784.9,139,93,2023-09-29,2023-09-29,34.423741007194245
2023-09,Finandina,4,Mayor a 12 SMLMV y menor o igual a 25 SMLMV,5434.86,187,109,2023-09-29,2023-09-29,29.063422459893047
2023-09,Finandina,5,Mayor a 25 SMLMV y menor o igual a 100 SMLMV,884.14,35,26,2023-09-29,2023-09-29,25.261142857142858
2023-09,Itaú,1,Menor o igual a 3 SMLMV,195.93,8,6,2023-09-29,2023-09-29,24.49125
2023-09,Itaú,2,Mayor a 3 SMLMV y menor o igual a 6 SMLMV,811.34,32,21,2023-09-29,2023-09-29,25.354375
2023-09,Itaú,3,Mayor a 6 SMLMV y menor o igual a 12 SMLMV,2057.75,81,43,2023-09-29,2023-09-29,25.40432098765432
2023-09,Itaú,4,Mayor a 12 SMLMV y menor o igual a 25 SMLMV,3200.57,130,47,2023-09-29,2023-09-29,24.619769230769233
2023-09,Itaú,5,Mayor a 25 SMLMV y menor o igual a 100 SMLMV,6394.82,271,119,2023-09-29,2023-09-29,23.59712177121771
2023-09,Itaú,6,Mayor a 100 SMLMV,1857.02,83,56,2023-09-29,2023-09-29,22.373734939759036
2023-09,Lulo Bank,1,Menor o igual a 3 SMLMV,1862.96,60,43,2023-09-29,2023-09-29,31.049333333333333
2023-09,Lulo Bank,2,Mayor a 3 SMLMV y menor o igual a 6 SMLMV,2353.26,76,51,2023-09-29,2023-09-29,30.963947368421056
2023-09,Lulo Bank,3,Mayor a 6 SMLMV y menor o igual a 12 SMLMV,3528.4,115,57,2023-09-29,2023-09-29,30.681739130434785
2023-09,Lulo Bank,4,Mayor a 12 SMLMV y menor o igual a 25 SMLMV,3005.5,98,41,2023-09-29,2023-09-29,30.668367346938776
2023-09,Lulo Bank,5,Mayor a 25 SMLMV y menor o igual a 100 SMLMV,1107.26,39,19,2023-09-29,2023-09-29,28.39128205128205
2023-09,MiBanco,1,Menor o igual a 3 SMLMV,41.75,1,1,2023-09-29,2023-09-29,41.75
2023-10,BBVA Colombia,1,Menor o igual a 3 SMLMV,51441.27,1505,767,2023-10-06,2023-10-27,34.180245847176074
2023-10,BBVA Colombia,2,Mayor a 3 SMLMV y menor o igual a 6 SMLMV,69736.59,2056,900,2023-10-06,2023-10-27,33.91857490272373
2023-10,BBVA Colombia,3,Mayor a 6 SMLMV y menor o igual a 12 SMLMV,88501.33,2659,1072,2023-10-06,2023-10-27,33.28368935690109
2023-10,BBVA Colombia,4,Mayor a 12 SMLMV y menor o igual a 25 SMLMV,75500.95,2344,1017,2023-10-06,2023-10-27,32.21030290102389
2023-10,BBVA Colombia,5,Mayor a 25 SMLMV y menor o igual a 100 SMLMV,52124.03,1777,980,2023-10-06,2023-10-27,29.33259988745076
2023-10,BBVA Colombia,6,Mayor a 100 SMLMV,1101.8899999999999,44,41,2023-10-06,2023-10-27,25.042954545454542
2023-10,Bancien,1,Menor o igual a 3 SMLMV,1074.6,27,26,2023-10-06,2023-10-27,39.8
2023-10,Bancien,2,Mayor a 3 SMLMV y menor o igual a 6 SMLMV,4218.799999999999,106,86,2023-10-06,2023-10-27,39.79999999999999
2023-10,Bancien,3,Mayor a 6 SMLMV y menor o igual a 12 SMLMV,10188.8,256,171,2023-10-06,2023-10-27,39.8
2023-10,Bancien,4,Mayor a 12 SMLMV y menor o igual a 25 SMLMV,1367.2299999999998,35,28,2023-10-06,2023-10-27,39.063714285714276
2023-10,Bancien,5,Mayor a 25 SMLMV y menor o igual a 100 SMLMV,28.06,2,1,2023-10-20,2023-10-20,14.03
2023-10,Banco AV Villas,1,Menor o igual a 3 SMLMV,6119.099999999999,175,148,2023-10-06,2023-10-27,34.96628571428571
2023-10,Banco AV Villas,2,Mayor a 3 SMLMV y menor o igual a 6 SMLMV,7501.92,234,179,2023-10-06,2023-10-27,32.05948717948718
2023-10,Banco AV Villas,3,Mayor a 6 SMLMV y menor o igual a 12 SMLMV,9092.28,314,219,2023-10-06,2023-10-27,28.95630573248408
2023-10,Banco AV Villas,4,Mayor a 12 SMLMV y menor o igual a 25 SMLMV,9488.08,369,234,2023-10-06,2023-10-27,25.712953929539296
2023-10,Banco AV Villas,5,Mayor a 25 SMLMV y menor o igual a 100 SMLMV,9420.49,415,262,2023-10-06,2023-10-27,22.699975903614458
2023-10,Banco AV Villas,6,Mayor a 100 SMLMV,617.14,31,26,2023-10-06,2023-10-27,19.90774193548387
2023-10,Banco Agrario,1,Menor o igual a 3 SMLMV,515.28,15,15,2023-10-06,2023-10-27,34.352
2023-10,Banco Agrario,2,Mayor a 3 SMLMV y menor o igual a 6 SMLMV,2388.08,70,68,2023-10-06,2023-10-27,34.11542857142857
2023-10,Banco Agrario,3,Mayor a 6 SMLMV y menor o igual a 12 SMLMV,1444.8,52,52,2023-10-06,2023-10-27,27.784615384615385
2023-10,Banco Agrario,4,Mayor a 12 SMLMV y menor o igual a 25 SMLMV,950.88,38,38,2023-10-06,2023-10-27,25.02315789473684
2023-10,Banco Agrario,5,Mayor a 25 SMLMV y menor o igual a 100 SMLMV,382.56,14,14,2023-10-06,2023-10-27,27.325714285714287
2023-10,Banco Caja Social,1,Menor o igual a 3 SMLMV,90221.79,2423,1755,2023-10-06,2023-10-27,37.23557160544779
2023-10,Banco Caja Social,2,Mayor a 3 SMLMV y menor o igual a 6 SMLMV,85927.44,2394,1536,2023-10-06,2023-10-27,35.8928320802005
2023-10,Banco Caja Social,3,Mayor a 6 SMLMV y menor o igual a 12 SMLMV,87391.06,2709,1572,2023-10-06,2023-10-27,32.25952750092285
2023-10,Banco Caja Social,4,Mayor a 12 SMLMV y menor o igual a 25 SMLMV,49275.39,1722,997,2023-10-06,2023-10-27,28.61520905923345
2023-10,Banco Caja Social,5,Mayor a 25 SMLMV y menor o igual a 100 SMLMV,12791.7,488,358,2023-10-06,2023-10-27,26.212500000000002
2023-10,Banco Caja Social,6,Mayor a 100 SMLMV,259.85,12,12,2023-10-06,2023-10-27,21.65416666666667
2023-10,Banco Davibank,1,Menor o igual a 3 SMLMV,264227.89,6644,2199,2023-10-06,2023-10-27,39.769399458157736
2023-10,Banco Davibank,2,Mayor a 3 SMLMV y menor o igual a 6 SMLMV,132756.49,3343,423,2023-10-06,2023-10-27,39.7117828297936
2023-10,Banco Davibank,3,Mayor a 6 SMLMV y menor o igual a 12 SMLMV,159066.0,4023,485,2023-10-06,2023-10-27,39.53914988814318
2023-10,Banco Davibank,4,Mayor a 12 SMLMV y menor o igual a 25 SMLMV,221372.66,5653,768,2023-10-06,2023-10-27,39.1602087387228
2023-10,Banco Davibank,5,Mayor a 25 SMLMV y menor o igual a 100 SMLMV,486777.35,12539,908,2023-10-06,2023-10-27,38.82106627322753
2023-10,Banco Davibank,6,Mayor a 100 SMLMV,4643298.109999999,117505,206,2023-10-06,2023-10-27,39.51574920216161
2023-10,Banco Davivienda,1,Menor o igual a 3 SMLMV,306243.52,9344,3177,2023-10-06,2023-10-27,32.7743493150685
2023-10,Banco Davivienda,2,Mayor a 3 SMLMV y menor o igual a 6 SMLMV,170537.97,5252,2201,2023-10-06,2023-10-27,32.471052932216296
2023-10,Banco Davivienda,3,Mayor a 6 SMLMV y menor o igual a 12 SMLMV,155499.86,4788,2014,2023-10-06,2023-10-27,32.476996658312444
2023-10,Banco Davivienda,4,Mayor a 12 SMLMV y menor o igual a 25 SMLMV,111449.12,3548,1549,2023-10-06,2023-10-27,31.41181510710259
2023-10,Banco Davivienda,5,Mayor a 25 SMLMV y menor o igual a 100 SMLMV,42311.47,1424,766,2023-10-06,2023-10-27,29.71311095505618
2023-10,Banco Davivienda,6,Mayor a 100 SMLMV,50.0,2,2,2023-10-06,2023-10-20,25.0
2023-10,Banco Falabella,1,Menor o igual a 3 SMLMV,216331.97,5727,1559,2023-10-06,2023-10-27,37.774047494325124
2023-10,Banco Falabella,2,Mayor a 3 SMLMV y menor o igual a 6 SMLMV,203580.37,5368,1457,2023-10-06,2023-10-27,37.92480812220566
2023-10,Banco Falabella,3,Mayor a 6 SMLMV y menor o igual a 12 SMLMV,169804.27,4522,1558,2023-10-06,2023-10-27,37.550701017249004
2023-10,Banco Falabella,4,Mayor a 12 SMLMV y menor o igual a 25 SMLMV,59864.89,1696,801,2023-10-06,2023-10-27,35.297694575471695
2023-10,Banco Falabella,5,Mayor a 25 SMLMV y menor o igual a 100 SMLMV,10664.86,328,198,2023-10-06,2023-10-27,32.51481707317073
2023-10,Banco Falabella,6,Mayor a 100 SMLMV,61.86,2,2,2023-10-13,2023-10-20,30.93
2023-10,Banco GNB Sudameris,2,Mayor a 3 SMLMV y menor o igual a 6 SMLMV,25.59,1,1,2023-10-13,2023-10-13,25.59
2023-10,Banco GNB Sudameris,3,Mayor a 6 SMLMV y menor o igual a 12 SMLMV,27.24,1,1,2023-10-27,2023-10-27,27.24
2023-10,Banco GNB Sudameris,5,Mayor a 25 SMLMV y menor o igual a 100 SMLMV,99.97,4,4,2023-10-20,2023-10-27,24.9925
2023-10,Banco GNB Sudameris,6,Mayor a 100 SMLMV,91.01,4,3,2023-10-06,2023-10-27,22.7525
2023-10,Banco Mundo Mujer,1,Menor o igual a 3 SMLMV,133217.98,3350,2132,2023-10-06,2023-10-27,39.766561194029855
2023-10,Banco Mundo Mujer,2,Mayor a 3 SMLMV y menor o igual a 6 SMLMV,71739.73,1804,1036,2023-10-06,2023-10-27,39.76703436807095
2023-10,Banco Mundo Mujer,3,Mayor a 6 SMLMV y menor o igual a 12 SMLMV,23119.21,585,417,2023-10-06,2023-10-27,39.52001709401709
2023-10,Banco Mundo Mujer,4,Mayor a 12 SMLMV y menor o igual a 25 SMLMV,552.38,14,14,2023-10-06,2023-10-27,39.455714285714286
2023-10,Banco Mundo Mujer,5,Mayor a 25 SMLMV y menor o igual a 100 SMLMV,39.79,1,1,2023-10-27,2023-10-27,39.79
2023-10,Banco Pichincha,1,Menor o igual a 3 SMLMV,29.84,1,1,2023-10-13,2023-10-13,29.84
2023-10,Banco Pichincha,2,Mayor a 3 SMLMV y menor o igual a 6 SMLMV,111.28999999999999,5,5,2023-10-06,2023-10-27,22.258
2023-10,Banco Pichincha,3,Mayor a 6 SMLMV y menor o igual a 12 SMLMV,81.88,4,4,2023-10-06,2023-10-20,20.47
2023-10,Banco Pichincha,4,Mayor a 12 SMLMV y menor o igual a 25 SMLMV,147.43,5,5,2023-10-06,2023-10-27,29.486
2023-10,Banco Pichincha,5,Mayor a 25 SMLMV y menor o igual a 100 SMLMV,301.75,13,12,2023-10-06,2023-10-27,23.21153846153846
2023-10,Banco Popular,1,Menor o igual a 3 SMLMV,485.37999999999994,14,12,2023-10-06,2023-10-27,34.669999999999995
2023-10,Banco Popular,2,Mayor a 3 SMLMV y menor o igual a 6 SMLMV,1567.23,47,44,2023-10-06,2023-10-27,33.34531914893617
2023-10,Banco Popular,3,Mayor a 6 SMLMV y menor o igual a 12 SMLMV,2605.2799999999997,82,68,2023-10-06,2023-10-27,31.77170731707317
2023-10,Banco Popular,4,Mayor a 12 SMLMV y menor o igual a 25 SMLMV,2918.75,98,66,2023-10-06,2023-10-27,29.783163265306122
2023-10,Banco Popular,5,Mayor a 25 SMLMV y menor o igual a 100 SMLMV,1810.5700000000002,71,44,2023-10-06,2023-10-27,25.50098591549296
2023-10,Banco Popular,6,Mayor a 100 SMLMV,302.06,12,9,2023-10-06,2023-10-27,25.171666666666667
2023-10,Banco Serfinanza,1,Menor o igual a 3 SMLMV,3154.9900000000002,131,108,2023-10-06,2023-10-27,24.083893129770996
2023-10,Banco Serfinanza,2,Mayor a 3 SMLMV y menor o igual a 6 SMLMV,12965.76,559,316,2023-10-06,2023-10-27,23.194561717352414
2023-10,Banco Serfinanza,3,Mayor a 6 SMLMV y menor o igual a 12 SMLMV,3379.96,146,108,2023-10-06,2023-10-27,23.15041095890411
2023-10,Banco Serfinanza,4,Mayor a 12 SMLMV y menor o igual a 25 SMLMV,2853.78,130,87,2023-10-06,2023-10-27,21.95215384615385
2023-10,Banco Serfinanza,5,Mayor a 25 SMLMV y menor o igual a 100 SMLMV,2552.9100000000003,127,90,2023-10-06,2023-10-27,20.10165354330709
2023-10,Banco Serfinanza,6,Mayor a 100 SMLMV,75.05,3,3,2023-10-06,2023-10-13,25.016666666666666
2023-10,Banco Unión,1,Menor o igual a 3 SMLMV,355.05,9,9,2023-10-06,2023-10-27,39.45
2023-10,Banco Unión,2,Mayor a 3 SMLMV y menor o igual a 6 SMLMV,78.9,2,2,2023-10-13,2023-10-27,39.45
2023-10,Banco Unión,3,Mayor a 6 SMLMV y menor o igual a 12 SMLMV,78.9,2,2,2023-10-13,2023-10-13,39.45
2023-10,Banco Unión,4,Mayor a 12 SMLMV y menor o igual a 25 SMLMV,78.9,2,2,2023-10-20,2023-10-27,39.45
2023-10,Banco de Bogotá,1,Menor o igual a 3 SMLMV,292070.89,7857,3560,2023-10-06,2023-10-27,37.17333460608375
2023-10,Banco de Bogotá,2,Mayor a 3 SMLMV y menor o igual a 6 SMLMV,378501.0,10359,3857,2023-10-06,2023-10-27,36.538372429771215
2023-10,Banco de Bogotá,3,Mayor a 6 SMLMV y menor o igual a 12 SMLMV,244628.05,6952,2637,2023-10-06,2023-10-27,35.188154487917146
2023-10,Banco de Bogotá,4,Mayor a 12 SMLMV y menor o igual a 25 SMLMV,96056.64,3054,1430,2023-10-06,2023-10-27,31.452730844793713
2023-10,Banco de Bogotá,5,Mayor a 25 SMLMV y menor o igual a 100 SMLMV,54589.3,1958,1108,2023-10-06,2023-10-27,27.880132788559756
2023-10,Banco de Bogotá,6,Mayor a 100 SMLMV,2578.35,126,100,2023-10-06,2023-10-27,20.46309523809524
2023-10,Banco de Occidente,1,Menor o igual a 3 SMLMV,3648.06,107,97,2023-10-06,2023-10-27,34.094018691588786
2023-10,Banco de Occidente,2,Mayor a 3 SMLMV y menor o igual a 6 SMLMV,8630.79,253,179,2023-10-06,2023-10-27,34.113794466403164
2023-10,Banco de Occidente,3,Mayor a 6 SMLMV y menor o igual a 12 SMLMV,18059.95,556,327,2023-10-06,2023-10-27,32.48192446043166
2023-10,Banco de Occidente,4,Mayor a 12 SMLMV y menor o igual a 25 SMLMV,27337.02,888,382,2023-10-06,2023-10-27,30.784932432432434
2023-10,Banco de Occidente,5,Mayor a 25 SMLMV y menor o igual a 100 SMLMV,50269.06,1991,771,2023-10-06,2023-10-27,25.248146659969862
2023-10,Banco de Occidente,6,Mayor a 100 SMLMV,6151.83,284,180,2023-10-06,2023-10-27,21.66137323943662
2023-10,Bancolombia,1,Menor o igual a 3 SMLMV,497199.79,13553,3949,2023-10-06,2023-10-27,36.68558916844979
2023-10,Bancolombia,2,Mayor a 3 SMLMV y menor o igual a 6 SMLMV,113219.36,3464,1445,2023-10-06,2023-10-27,32.6845727482679
2023-10,Bancolombia,3,Mayor a 6 SMLMV y menor o igual a 12 SMLMV,128113.92,4153,1525,2023-10-06,2023-10-27,30.848523958584156
2023-10,Bancolombia,4,Mayor a 12 SMLMV y menor o igual a 25 SMLMV,107578.01,3602,1462,2023-10-06,2023-10-27,29.866188228761796
2023-10,Bancolombia,5,Mayor a 25 SMLMV y menor o igual a 100 SMLMV,86443.65,3078,1564,2023-10-06,2023-10-27,28.084356725146197
2023-10,Bancolombia,6,Mayor a 100 SMLMV,9586.73,382,319,2023-10-06,2023-10-27,25.09615183246073
2023-10,Bancoomeva,1,Menor o igual a 3 SMLMV,2416.61,87,81,2023-10-06,2023-10-27,27.77712643678161
2023-10,Bancoomeva,2,Mayor a 3 SMLMV y menor o igual a 6 SMLMV,5681.43,210,179,2023-10-06,2023-10-27,27.054428571428573
2023-10,Bancoomeva,3,Mayor a 6 SMLMV y menor o igual a 12 SMLMV,11185.82,422,315,2023-10-06,2023-10-27,26.506682464454975
2023-10,Bancoomeva,4,Mayor a 12 SMLMV y menor o igual a 25 SMLMV,12232.88,459,318,2023-10-06,2023-10-27,26.651154684095857
2023-10,Bancoomeva,5,Mayor a 25 SMLMV y menor o igual a 100 SMLMV,10875.59,400,332,2023-10-06,2023-10-27,27.188975
2023-10,Bancoomeva,6,Mayor a 100 SMLMV,314.91,13,13,2023-10-06,2023-10-27,24.223846153846157
2023-10,Coopcentral,1,Menor o igual a 3 SMLMV,56.0,2,2,2023-10-06,2023-10-20,28.0
2023-10,Coopcentral,2,Mayor a 3 SMLMV y menor o igual a 6 SMLMV,147.0,6,6,2023-10-06,2023-10-27,24.5
2023-10,Coopcentral,3,Mayor a 6 SMLMV y menor o igual a 12 SMLMV,201.0,8,8,2023-10-13,2023-10-27,25.125
2023-10,Coopcentral,4,Mayor a 12 SMLMV y menor o igual a 25 SMLMV,214.5,10,10,2023-10-06,2023-10-27,21.45
2023-10,Coopcentral,5,Mayor a 25 SMLMV y menor o igual a 100 SMLMV,138.0,8,8,2023-10-13,2023-10-27,17.25
2023-10,Coopcentral,6,Mayor a 100 SMLMV,16.0,1,1,2023-10-13,2023-10-13,16.0
2023-10,Finandina,1,Menor o igual a 3 SMLMV,153.63,5,5,2023-10-06,2023-10-20,30.726
2023-10,Finandina,2,Mayor a 3 SMLMV y menor o igual a 6 SMLMV,4083.09,114,96,2023-10-06,2023-10-27,35.81657894736842
2023-10,Finandina,3,Mayor a 6 SMLMV y menor o igual a 12 SMLMV,7590.57,226,168,2023-10-06,2023-10-27,33.58659292035398
2023-10,Finandina,4,Mayor a 12 SMLMV y menor o igual a 25 SMLMV,5929.11,201,152,2023-10-06,2023-10-27,29.498059701492537
2023-10,Finandina,5,Mayor a 25 SMLMV y menor o igual a 100 SMLMV,1594.34,63,52,2023-10-06,2023-10-27,25.306984126984126
2023-10,Itaú,1,Menor o igual a 3 SMLMV,275.34,11,10,2023-10-06,2023-10-27,25.030909090909088
2023-10,Itaú,2,Mayor a 3 SMLMV y menor o igual a 6 SMLMV,1292.35,47,38,2023-10-06,2023-10-27,27.496808510638296
2023-10,Itaú,3,Mayor a 6 SMLMV y menor o igual a 12 SMLMV,3014.55,112,70,2023-10-06,2023-10-27,26.915625000000002
2023-10,Itaú,4,Mayor a 12 SMLMV y menor o igual a 25 SMLMV,6364.7300000000005,245,124,2023-10-06,2023-10-27,25.97848979591837
2023-10,Itaú,5,Mayor a 25 SMLMV y menor o igual a 100 SMLMV,11993.07,488,287,2023-10-06,2023-10-27,24.5759631147541
2023-10,Itaú,6,Mayor a 100 SMLMV,2254.4500000000003,98,91,2023-10-06,2023-10-27,23.004591836734697
2023-10,Lulo Bank,1,Menor o igual a 3 SMLMV,9755.960000000001,318,209,2023-10-06,2023-10-27,30.67911949685535
2023-10,Lulo Bank,2,Mayor a 3 SMLMV y menor o igual a 6 SMLMV,10872.720000000001,358,218,2023-10-06,2023-10-27,30.370726256983243
2023-10,Lulo Bank,3,Mayor a 6 SMLMV y menor o igual a 12 SMLMV,15734.77,517,268,2023-10-06,2023-10-27,30.434758220502903
2023-10,Lulo Bank,4,Mayor a 12 SMLMV y menor o igual a 25 SMLMV,14397.93,472,238,2023-10-06,2023-10-27,30.50408898305085
2023-10,Lulo Bank,5,Mayor a 25 SMLMV y menor o igual a 100 SMLMV,4703.07,162,88,2023-10-06,2023-10-27,29.031296296296293
2023-10,MiBanco,1,Menor o igual a 3 SMLMV,79.0,2,2,2023-10-20,2023-10-20,39.5
2023-10,MiBanco,2,Mayor a 3 SMLMV y menor o igual a 6 SMLMV,158.0,4,4,2023-10-06,2023-10-20,39.5
2023-10,MiBanco,4,Mayor a 12 SMLMV y menor o igual a 25 SMLMV,39.5,1,1,2023-10-27,2023-10-27,39.5
2023-11,BBVA Colombia,1,Menor o igual a 3 SMLMV,78722.16,2344,1068,2023-11-03,2023-11-24,33.58453924914676
2023-11,BBVA Colombia,2,Mayor a 3 SMLMV y menor o igual a 6 SMLMV,100209.63,2993,1167,2023-11-03,2023-11-24,33.48133311059138
2023-11,BBVA Colombia,3,Mayor a 6 SMLMV y menor o igual a 12 SMLMV,149171.46,4490,1546,2023-11-03,2023-11-24,33.22304231625835
2023-11,BBVA Colombia,4,Mayor a 12 SMLMV y menor o igual a 25 SMLMV,134408.37,4170,1465,2023-11-03,2023-11-24,32.23222302158273
2023-11,BBVA Colombia,5,Mayor a 25 SMLMV y menor o igual a 100 SMLMV,89091.73,2989,1484,2023-11-03,2023-11-24,29.80653395784543
2023-11,BBVA Colombia,6,Mayor a 100 SMLMV,1241.86,54,51,2023-11-03,2023-11-24,22.997407407407405
2023-11,Bancien,1,Menor o igual a 3 SMLMV,1378.08,36,34,2023-11-03,2023-11-24,38.28
2023-11,Bancien,2,Mayor a 3 SMLMV y menor o igual a 6 SMLMV,4249.08,111,90,2023-11-03,2023-11-24,38.28
2023-11,Bancien,3,Mayor a 6 SMLMV y menor o igual a 12 SMLMV,10756.68,281,186,2023-11-03,2023-11-24,38.28
2023-11,Bancien,4,Mayor a 12 SMLMV y menor o igual a 25 SMLMV,957.0,25,24,2023-11-03,2023-11-24,38.28
2023-11,Banco AV Villas,1,Menor o igual a 3 SMLMV,4669.31,143,126,2023-11-03,2023-11-24,32.65251748251749
2023-11,Banco AV Villas,2,Mayor a 3 SMLMV y menor o igual a 6 SMLMV,5842.09,189,155,2023-11-03,2023-11-24,30.9105291005291
2023-11,Banco AV Villas,3,Mayor a 6 SMLMV y menor o igual a 12 SMLMV,7841.18,268,195,2023-11-03,2023-11-24,29.25813432835821
2023-11,Banco AV Villas,4,Mayor a 12 SMLMV y menor o igual a 25 SMLMV,8639.5,314,199,2023-11-03,2023-11-24,27.514331210191084
2023-11,Banco AV Villas,5,Mayor a 25 SMLMV y menor o igual a 100 SMLMV,7352.1900000000005,310,202,2023-11-03,2023-11-24,23.716741935483874
2023-11,Banco AV Villas,6,Mayor a 100 SMLMV,507.96,24,23,2023-11-03,2023-11-24,21.165
2023-11,Banco Agrario,1,Menor o igual a 3 SMLMV,602.36,18,18,2023-11-03,2023-11-24,33.464444444444446
2023-11,Banco Agrario,2,Mayor a 3 SMLMV y menor o igual a 6 SMLMV,1761.52,55,55,2023-11-03,2023-11-24,32.02763636363636
2023-11,Banco Agrario,3,Mayor a 6 SMLMV y menor o igual a 12 SMLMV,1286.04,47,47,2023-11-03,2023-11-24,27.36255319148936
2023-11,Banco Agrario,4,Mayor a 12 SMLMV y menor o igual a 25 SMLMV,833.36,33,33,2023-11-03,2023-11-24,25.253333333333334
2023-11,Banco Agrario,5,Mayor a 25 SMLMV y menor o igual a 100 SMLMV,247.54,11,11,2023-11-03,2023-11-24,22.503636363636364
2023-11,Banco Caja Social,1,Menor o igual a 3 SMLMV,82193.22,2237,1540,2023-11-03,2023-11-24,36.742610639248994
2023-11,Banco Caja Social,2,Mayor a 3 SMLMV y menor o igual a 6 SMLMV,68872.95999999999,1949,1308,2023-11-03,2023-11-24,35.33758850692662
2023-11,Banco Caja Social,3,Mayor a 6 SMLMV y menor o igual a 12 SMLMV,67447.58,2089,1233,2023-11-03,2023-11-24,32.28701771182384
2023-11,Banco Caja Social,4,Mayor a 12 SMLMV y menor o igual a 25 SMLMV,34711.64,1211,697,2023-11-03,2023-11-24,28.663616845582162
2023-11,Banco Caja Social,5,Mayor a 25 SMLMV y menor o igual a 100 SMLMV,8408.25,315,228,2023-11-03,2023-11-24,26.692857142857143
2023-11,Banco Caja Social,6,Mayor a 100 SMLMV,151.6,7,7,2023-11-03,2023-11-10,21.657142857142855
2023-11,Banco Davibank,1,Menor o igual a 3 SMLMV,249576.57,6523,2296,2023-11-03,2023-11-24,38.26101027134754
2023-11,Banco Davibank,2,Mayor a 3 SMLMV y menor o igual a 6 SMLMV,137767.62000000002,3605,458,2023-11-03,2023-11-24,38.21570596393898
2023-11,Banco Davibank,3,Mayor a 6 SMLMV y menor o igual a 12 SMLMV,164373.11000000002,4316,508,2023-11-03,2023-11-24,38.084594531974055
2023-11,Banco Davibank,4,Mayor a 12 SMLMV y menor o igual a 25 SMLMV,202055.14,5354,802,2023-11-03,2023-11-24,37.73909973851326
2023-11,Banco Davibank,5,Mayor a 25 SMLMV y menor o igual a 100 SMLMV,536349.3300000001,14254,934,2023-11-03,2023-11-24,37.62798723165428
2023-11,Banco Davibank,6,Mayor a 100 SMLMV,4542937.970000001,119423,262,2023-11-03,2023-11-24,38.04072892156453
2023-11,Banco Davivienda,1,Menor o igual a 3 SMLMV,350270.0,10900,3152,2023-11-03,2023-11-24,32.1348623853211
2023-11,Banco Davivienda,2,Mayor a 3 SMLMV y menor o igual a 6 SMLMV,215325.51,6875,3203,2023-11-03,2023-11-24,31.320074181818182
2023-11,Banco Davivienda,3,Mayor a 6 SMLMV y menor o igual a 12 SMLMV,174730.59,5481,2036,2023-11-03,2023-11-24,31.879326765188832
2023-11,Banco Davivienda,4,Mayor a 12 SMLMV y menor o igual a 25 SMLMV,126531.45999999999,4077,1609,2023-11-03,2023-11-24,31.035432916360065
2023-11,Banco Davivienda,5,Mayor a 25 SMLMV y menor o igual a 100 SMLMV,50669.98,1742,812,2023-11-03,2023-11-24,29.08724454649828
2023-11,Banco Davivienda,6,Mayor a 100 SMLMV,66.76,3,3,2023-11-03,2023-11-24,22.253333333333334
2023-11,Banco Falabella,1,Menor o igual a 3 SMLMV,236343.29,6458,1725,2023-11-03,2023-11-24,36.59697894084856
2023-11,Banco Falabella,2,Mayor a 3 SMLMV y menor o igual a 6 SMLMV,188404.74,5135,1574,2023-11-03,2023-11-24,36.69030963972736
2023-11,Banco Falabella,3,Mayor a 6 SMLMV y menor o igual a 12 SMLMV,130224.53,3619,1381,2023-11-03,2023-11-24,35.98356728378005
2023-11,Banco Falabella,4,Mayor a 12 SMLMV y menor o igual a 25 SMLMV,50346.66,1541,770,2023-11-03,2023-11-24,32.671421155094095
2023-11,Banco Falabella,5,Mayor a 25 SMLMV y menor o igual a 100 SMLMV,9203.13,313,206,2023-11-03,2023-11-24,29.402971246006388
2023-11,Banco Falabella,6,Mayor a 100 SMLMV,53.06,2,2,2023-11-24,2023-11-24,26.53
2023-11,Banco GNB Sudameris,4,Mayor a 12 SMLMV y menor o igual a 25 SMLMV,76.25,3,3,2023-11-03,2023-11-24,25.416666666666668
2023-11,Banco GNB Sudameris,6,Mayor a 100 SMLMV,24.97,1,1,2023-11-03,2023-11-03,24.97
2023-11,Banco Mundo Mujer,1,Menor o igual a 3 SMLMV,126474.85,3307,2097,2023-11-03,2023-11-24,38.2445872391896
2023-11,Banco Mundo Mujer,2,Mayor a 3 SMLMV y menor o igual a 6 SMLMV,68175.68000000001,1781,1028,2023-11-03,2023-11-24,38.2794385176867
2023-11,Banco Mundo Mujer,3,Mayor a 6 SMLMV y menor o igual a 12 SMLMV,20427.13,536,385,2023-11-03,2023-11-24,38.11031716417911
2023-11,Banco Mundo Mujer,4,Mayor a 12 SMLMV y menor o igual a 25 SMLMV,695.12,18,17,2023-11-03,2023-11-24,38.617777777777775
2023-11,Banco Pichincha,1,Menor o igual a 3 SMLMV,47.66,2,2,2023-11-03,2023-11-24,23.83
2023-11,Banco Pichincha,3,Mayor a 6 SMLMV y menor o igual a 12 SMLMV,130.49,5,5,2023-11-03,2023-11-24,26.098000000000003
2023-11,Banco Pichincha,4,Mayor a 12 SMLMV y menor o igual a 25 SMLMV,279.3,11,10,2023-11-03,2023-11-24,25.39090909090909
2023-11,Banco Pichincha,5,Mayor a 25 SMLMV y menor o igual a 100 SMLMV,116.38,4,4,2023-11-10,2023-11-24,29.095
2023-11,Banco Pichincha,6,Mayor a 100 SMLMV,29.53,1,1,2023-11-10,2023-11-10,29.53
2023-11,Banco Popular,1,Menor o igual a 3 SMLMV,432.56,13,12,2023-11-03,2023-11-24,33.27384615384615
2023-11,Banco Popular,2,Mayor a 3 SMLMV y menor o igual a 6 SMLMV,1718.54,50,44,2023-11-03,2023-11-24,34.3708
2023-11,Banco Popular,3,Mayor a 6 SMLMV y menor o igual a 12 SMLMV,3943.47,121,93,2023-11-03,2023-11-24,32.59066115702479
2023-11,Banco Popular,4,Mayor a 12 SMLMV y menor o igual a 25 SMLMV,3752.01,126,86,2023-11-03,2023-11-24,29.777857142857144
2023-11,Banco Popular,5,Mayor a 25 SMLMV y menor o igual a 100 SMLMV,1825.0300000000002,71,51,2023-11-03,2023-11-24,25.704647887323947
2023-11,Banco Popular,6,Mayor a 100 SMLMV,224.60000000000002,9,7,2023-11-03,2023-11-17,24.95555555555556
2023-11,Banco Serfinanza,1,Menor o igual a 3 SMLMV,2512.33,106,88,2023-11-03,2023-11-24,23.70122641509434
2023-11,Banco Serfinanza,2,Mayor a 3 SMLMV y menor o igual a 6 SMLMV,9244.59,398,262,2023-11-03,2023-11-24,23.227613065326633
2023-11,Banco Serfinanza,3,Mayor a 6 SMLMV y menor o igual a 12 SMLMV,2959.54,129,100,2023-11-03,2023-11-24,22.942170542635658
2023-11,Banco Serfinanza,4,Mayor a 12 SMLMV y menor o igual a 25 SMLMV,1896.11,88,74,2023-11-03,2023-11-24,21.546704545454546
2023-11,Banco Serfinanza,5,Mayor a 25 SMLMV y menor o igual a 100 SMLMV,1610.0800000000002,79,63,2023-11-03,2023-11-24,20.380759493670887
2023-11,Banco Serfinanza,6,Mayor a 100 SMLMV,47.65,2,2,2023-11-17,2023-11-24,23.825
2023-11,Banco Unión,1,Menor o igual a 3 SMLMV,37.99,1,1,2023-11-10,2023-11-10,37.99
2023-11,Banco Unión,2,Mayor a 3 SMLMV y menor o igual a 6 SMLMV,174.67000000000002,5,5,2023-11-03,2023-11-24,34.934000000000005
2023-11,Banco Unión,3,Mayor a 6 SMLMV y menor o igual a 12 SMLMV,113.97,3,3,2023-11-03,2023-11-17,37.99
2023-11,Banco Unión,5,Mayor a 25 SMLMV y menor o igual a 100 SMLMV,37.99,1,1,2023-11-24,2023-11-24,37.99
2023-11,Banco de Bogotá,1,Menor o igual a 3 SMLMV,247952.93,6827,3118,2023-11-03,2023-11-24,36.319456569503444
2023-11,Banco de Bogotá,2,Mayor a 3 SMLMV y menor o igual a 6 SMLMV,321122.1,8934,3504,2023-11-03,2023-11-24,35.943821356615175
2023-11,Banco de Bogotá,3,Mayor a 6 SMLMV y menor o igual a 12 SMLMV,213274.06,6110,2425,2023-11-03,2023-11-24,34.90573813420622
2023-11,Banco de Bogotá,4,Mayor a 12 SMLMV y menor o igual a 25 SMLMV,84193.82,2647,1278,2023-11-03,2023-11-24,31.807261050245565
2023-11,Banco de Bogotá,5,Mayor a 25 SMLMV y menor o igual a 100 SMLMV,49594.68,1746,1006,2023-11-03,2023-11-24,28.404742268041236
2023-11,Banco de Bogotá,6,Mayor a 100 SMLMV,1953.19,95,82,2023-11-03,2023-11-24,20.559894736842107
2023-11,Banco de Occidente,1,Menor o igual a 3 SMLMV,3352.78,94,84,2023-11-03,2023-11-24,35.66787234042553
2023-11,Banco de Occidente,2,Mayor a 3 SMLMV y menor o igual a 6 SMLMV,6987.97,203,157,2023-11-03,2023-11-24,34.42349753694582
2023-11,Banco de Occidente,3,Mayor a 6 SMLMV y menor o igual a 12 SMLMV,16386.35,492,281,2023-11-03,2023-11-24,33.30558943089431
2023-11,Banco de Occidente,4,Mayor a 12 SMLMV y menor o igual a 25 SMLMV,26251.52,817,357,2023-11-03,2023-11-24,32.131603427172585
2023-11,Banco de Occidente,5,Mayor a 25 SMLMV y menor o igual a 100 SMLMV,45684.17,1651,667,2023-11-03,2023-11-24,27.67060569351908
2023-11,Banco de Occidente,6,Mayor a 100 SMLMV,5467.07,243,151,2023-11-03,2023-11-24,22.498230452674896
2023-11,Bancolombia,1,Menor o igual a 3 SMLMV,467454.64999999997,12818,3984,2023-11-03,2023-11-24,36.46861054766734
2023-11,Bancolombia,2,Mayor a 3 SMLMV y menor o igual a 6 SMLMV,112985.62,3515,1550,2023-11-03,2023-11-24,32.14384637268848
2023-11,Bancolombia,3,Mayor a 6 SMLMV y menor o igual a 12 SMLMV,109965.35,3645,1425,2023-11-03,2023-11-24,30.168820301783267
2023-11,Bancolombia,4,Mayor a 12 SMLMV y menor o igual a 25 SMLMV,95219.51,3267,1382,2023-11-03,2023-11-24,29.145855524946434
2023-11,Bancolombia,5,Mayor a 25 SMLMV y menor o igual a 100 SMLMV,81553.83,2997,1513,2023-11-03,2023-11-24,27.21182182182182
2023-11,Bancolombia,6,Mayor a 100 SMLMV,8032.79,332,271,2023-11-03,2023-11-24,24.195150602409637
2023-11,Bancoomeva,1,Menor o igual a 3 SMLMV,2084.52,70,65,2023-11-03,2023-11-24,29.77885714285714
2023-11,Bancoomeva,2,Mayor a 3 SMLMV y menor o igual a 6 SMLMV,4401.25,149,136,2023-11-03,2023-11-24,29.538590604026847
2023-11,Bancoomeva,3,Mayor a 6 SMLMV y menor o igual a 12 SMLMV,9072.41,307,238,2023-11-03,2023-11-24,29.551824104234527
2023-11,Bancoomeva,4,Mayor a 12 SMLMV y menor o igual a 25 SMLMV,10634.22,370,299,2023-11-03,2023-11-24,28.741135135135135
2023-11,Bancoomeva,5,Mayor a 25 SMLMV y menor o igual a 100 SMLMV,10853.16,371,317,2023-11-03,2023-11-24,29.253800539083556
2023-11,Bancoomeva,6,Mayor a 100 SMLMV,401.65,14,14,2023-11-03,2023-11-24,28.689285714285713
2023-11,Coopcentral,1,Menor o igual a 3 SMLMV,51.0,2,2,2023-11-17,2023-11-17,25.5
2023-11,Coopcentral,2,Mayor a 3 SMLMV y menor o igual a 6 SMLMV,113.0,4,4,2023-11-10,2023-11-24,28.25
2023-11,Coopcentral,3,Mayor a 6 SMLMV y menor o igual a 12 SMLMV,96.0,4,4,2023-11-03,2023-11-24,24.0
2023-11,Coopcentral,4,Mayor a 12 SMLMV y menor o igual a 25 SMLMV,148.2,7,7,2023-11-03,2023-11-24,21.17142857142857
2023-11,Coopcentral,5,Mayor a 25 SMLMV y menor o igual a 100 SMLMV,54.0,3,3,2023-11-03,2023-11-24,18.0
2023-11,Finandina,1,Menor o igual a 3 SMLMV,342.32,11,11,2023-11-03,2023-11-24,31.12
2023-11,Finandina,2,Mayor a 3 SMLMV y menor o igual a 6 SMLMV,3764.41,110,89,2023-11-03,2023-11-24,34.22190909090909
2023-11,Finandina,3,Mayor a 6 SMLMV y menor o igual a 12 SMLMV,5073.16,149,117,2023-11-03,2023-11-24,34.048053691275165
2023-11,Finandina,4,Mayor a 12 SMLMV y menor o igual a 25 SMLMV,4641.7699999999995,151,126,2023-11-03,2023-11-24,30.740198675496686
2023-11,Finandina,5,Mayor a 25 SMLMV y menor o igual a 100 SMLMV,735.61,29,26,2023-11-03,2023-11-24,25.36586206896552
2023-11,Itaú,1,Menor o igual a 3 SMLMV,117.21000000000001,4,4,2023-11-10,2023-11-24,29.302500000000002
2023-11,Itaú,2,Mayor a 3 SMLMV y menor o igual a 6 SMLMV,1295.45,46,34,2023-11-03,2023-11-24,28.161956521739132
2023-11,Itaú,3,Mayor a 6 SMLMV y menor o igual a 12 SMLMV,3706.55,136,88,2023-11-03,2023-11-24,27.25404411764706
2023-11,Itaú,4,Mayor a 12 SMLMV y menor o igual a 25 SMLMV,6799.85,259,117,2023-11-03,2023-11-24,26.254247104247106
2023-11,Itaú,5,Mayor a 25 SMLMV y menor o igual a 100 SMLMV,12811.12,506,270,2023-11-03,2023-11-24,25.31841897233202
2023-11,Itaú,6,Mayor a 100 SMLMV,2964.27,120,96,2023-11-03,2023-11-24,24.70225
2023-11,Lulo Bank,1,Menor o igual a 3 SMLMV,9587.800000000001,310,212,2023-11-03,2023-11-24,30.9283870967742
2023-11,Lulo Bank,2,Mayor a 3 SMLMV y menor o igual a 6 SMLMV,11420.19,368,224,2023-11-03,2023-11-24,31.033125000000002
2023-11,Lulo Bank,3,Mayor a 6 SMLMV y menor o igual a 12 SMLMV,13854.41,448,237,2023-11-03,2023-11-24,30.92502232142857
2023-11,Lulo Bank,4,Mayor a 12 SMLMV y menor o igual a 25 SMLMV,13445.87,443,223,2023-11-03,2023-11-24,30.351851015801355
2023-11,Lulo Bank,5,Mayor a 25 SMLMV y menor o igual a 100 SMLMV,4528.09,154,84,2023-11-03,2023-11-24,29.403181818181817
2023-11,MiBanco,1,Menor o igual a 3 SMLMV,75.96,2,2,2023-11-24,2023-11-24,37.98
2023-11,MiBanco,2,Mayor a 3 SMLMV y menor o igual a 6 SMLMV,37.98,1,1,2023-11-17,2023-11-17,37.98
2023-11,MiBanco,3,Mayor a 6 SMLMV y menor o igual a 12 SMLMV,75.96,2,2,2023-11-03,2023-11-24,37.98
2023-12,BBVA Colombia,1,Menor o igual a 3 SMLMV,68282.45,2031,985,2023-12-01,2023-12-29,33.62011324470704
2023-12,BBVA Colombia,2,Mayor a 3 SMLMV y menor o igual a 6 SMLMV,89990.79,2701,1218,2023-12-01,2023-12-29,33.31758237689744
2023-12,BBVA Colombia,3,Mayor a 6 SMLMV y menor o igual a 12 SMLMV,127616.95,3888,1509,2023-12-01,2023-12-29,32.8232896090535
2023-12,BBVA Colombia,4,Mayor a 12 SMLMV y menor o igual a 25 SMLMV,112814.68,3569,1495,2023-12-01,2023-12-29,31.609604931353317
2023-12,BBVA Colombia,5,Mayor a 25 SMLMV y menor o igual a 100 SMLMV,75272.74,2606,1425,2023-12-01,2023-12-29,28.884397544128934
2023-12,BBVA Colombia,6,Mayor a 100 SMLMV,2078.9,88,78,2023-12-01,2023-12-29,23.623863636363637
2023-12,Bancien,1,Menor o igual a 3 SMLMV,1389.72,37,37,2023-12-01,2023-12-29,37.56
2023-12,Bancien,2,Mayor a 3 SMLMV y menor o igual a 6 SMLMV,5709.120000000001,152,129,2023-12-01,2023-12-29,37.56
2023-12,Bancien,3,Mayor a 6 SMLMV y menor o igual a 12 SMLMV,11005.08,294,210,2023-12-01,2023-12-29,37.43224489795919
2023-12,Bancien,4,Mayor a 12 SMLMV y menor o igual a 25 SMLMV,1389.72,37,35,2023-12-01,2023-12-29,37.56
2023-12,Banco AV Villas,1,Menor o igual a 3 SMLMV,5127.7300000000005,156,135,2023-12-01,2023-12-29,32.87006410256411
2023-12,Banco AV Villas,2,Mayor a 3 SMLMV y menor o igual a 6 SMLMV,7109.7,223,186,2023-12-01,2023-12-29,31.882062780269056
2023-12,Banco AV Villas,3,Mayor a 6 SMLMV y menor o igual a 12 SMLMV,9052.38,302,227,2023-12-01,2023-12-29,29.974768211920527
2023-12,Banco AV Villas,4,Mayor a 12 SMLMV y menor o igual a 25 SMLMV,8750.41,323,218,2023-12-01,2023-12-29,27.091052631578947
2023-12,Banco AV Villas,5,Mayor a 25 SMLMV y menor o igual a 100 SMLMV,6891.8,282,197,2023-12-01,2023-12-29,24.439007092198583
2023-12,Banco AV Villas,6,Mayor a 100 SMLMV,397.83,18,18,2023-12-01,2023-12-29,22.101666666666667
2023-12,Banco Agrario,1,Menor o igual a 3 SMLMV,924.3,28,28,2023-12-01,2023-12-29,33.010714285714286
2023-12,Banco Agrario,2,Mayor a 3 SMLMV y menor o igual a 6 SMLMV,2561.8399999999997,79,79,2023-12-01,2023-12-29,32.42835443037974
2023-12,Banco Agrario,3,Mayor a 6 SMLMV y menor o igual a 12 SMLMV,2261.2799999999997,81,81,2023-12-01,2023-12-29,27.917037037037034
2023-12,Banco Agrario,4,Mayor a 12 SMLMV y menor o igual a 25 SMLMV,1245.22,51,51,2023-12-01,2023-12-29,24.41607843137255
2023-12,Banco Agrario,5,Mayor a 25 SMLMV y menor o igual a 100 SMLMV,614.48,22,22,2023-12-01,2023-12-29,27.930909090909093
2023-12,Banco Caja Social,1,Menor o igual a 3 SMLMV,92637.67,2541,1857,2023-12-01,2023-12-29,36.45717040535222
2023-12,Banco Caja Social,2,Mayor a 3 SMLMV y menor o igual a 6 SMLMV,63436.729999999996,1821,1305,2023-12-01,2023-12-29,34.83620538165843
2023-12,Banco Caja Social,3,Mayor a 6 SMLMV y menor o igual a 12 SMLMV,48245.67,1521,1019,2023-12-01,2023-12-29,31.71970414201183
2023-12,Banco Caja Social,4,Mayor a 12 SMLMV y menor o igual a 25 SMLMV,20056.0,699,478,2023-12-01,2023-12-29,28.69241773962804
2023-12,Banco Caja Social,5,Mayor a 25 SMLMV y menor o igual a 100 SMLMV,5926.27,227,181,2023-12-01,2023-12-29,26.106916299559472
2023-12,Banco Caja Social,6,Mayor a 100 SMLMV,130.05,6,6,2023-12-01,2023-12-29,21.675
2023-12,Banco Davibank,1,Menor o igual a 3 SMLMV,274919.43,7323,2831,2023-12-01,2023-12-29,37.541913150348215
2023-12,Banco Davibank,2,Mayor a 3 SMLMV y menor o igual a 6 SMLMV,147992.47999999998,3950,541,2023-12-01,2023-12-29,37.46645063291139
2023-12,Banco Davibank,3,Mayor a 6 SMLMV y menor o igual a 12 SMLMV,206583.49,5525,668,2023-12-01,2023-12-29,37.390676923076924
2023-12,Banco Davibank,4,Mayor a 12 SMLMV y menor o igual a 25 SMLMV,245385.99,6609,937,2023-12-01,2023-12-29,37.129064911484335
2023-12,Banco Davibank,5,Mayor a 25 SMLMV y menor o igual a 100 SMLMV,672547.13,18190,1089,2023-12-01,2023-12-29,36.973454095656955
2023-12,Banco Davibank,6,Mayor a 100 SMLMV,5471676.779999999,146496,330,2023-12-01,2023-12-29,37.3503493610747
2023-12,Banco Davivienda,1,Menor o igual a 3 SMLMV,314670.25,9988,3278,2023-12-01,2023-12-29,31.504830796956348
2023-12,Banco Davivienda,2,Mayor a 3 SMLMV y menor o igual a 6 SMLMV,202519.31,6548,2935,2023-12-01,2023-12-29,30.928422419059256
2023-12,Banco Davivienda,3,Mayor a 6 SMLMV y menor o igual a 12 SMLMV,161271.97,5161,2075,2023-12-01,2023-12-29,31.24820189885681
2023-12,Banco Davivienda,4,Mayor a 12 SMLMV y menor o igual a 25 SMLMV,124184.09,4100,1703,2023-12-01,2023-12-29,30.28880243902439
2023-12,Banco Davivienda,5,Mayor a 25 SMLMV y menor o igual a 100 SMLMV,50801.64,1775,855,2023-12-01,2023-12-29,28.620642253521126
2023-12,Banco Davivienda,6,Mayor a 100 SMLMV,25.04,1,1,2023-12-08,2023-12-08,25.04
2023-12,Banco Falabella,1,Menor o igual a 3 SMLMV,90818.85,2646,1010,2023-12-01,2023-12-29,34.32307256235828
2023-12,Banco Falabella,2,Mayor a 3 SMLMV y menor o igual a 6 SMLMV,84630.76,2447,1107,2023-12-01,2023-12-29,34.585516959542296
2023-12,Banco Falabella,3,Mayor a 6 SMLMV y menor o igual a 12 SMLMV,75288.97,2240,1056,2023-12-01,2023-12-29,33.611147321428575
2023-12,Banco Falabella,4,Mayor a 12 SMLMV y menor o igual a 25 SMLMV,42301.43,1345,732,2023-12-01,2023-12-29,31.450877323420073
2023-12,Banco Falabella,5,Mayor a 25 SMLMV y menor o igual a 100 SMLMV,8516.17,291,217,2023-12-01,2023-12-29,29.265189003436426
2023-12,Banco Falabella,6,Mayor a 100 SMLMV,194.13,7,7,2023-12-01,2023-12-29,27.732857142857142
2023-12,Banco GNB Sudameris,4,Mayor a 12 SMLMV y menor o igual a 25 SMLMV,23.8,1,1,2023-12-08,2023-12-08,23.8
2023-12,Banco GNB Sudameris,6,Mayor a 100 SMLMV,70.17,3,3,2023-12-01,2023-12-29,23.39
2023-12,Banco Mundo Mujer,1,Menor o igual a 3 SMLMV,153547.43,4093,2497,2023-12-01,2023-12-29,37.514642071829954
2023-12,Banco Mundo Mujer,2,Mayor a 3 SMLMV y menor o igual a 6 SMLMV,85274.23,2271,1256,2023-12-01,2023-12-29,37.5491985909291
2023-12,Banco Mundo Mujer,3,Mayor a 6 SMLMV y menor o igual a 12 SMLMV,29816.13,799,561,2023-12-01,2023-12-29,37.316808510638296
2023-12,Banco Mundo Mujer,4,Mayor a 12 SMLMV y menor o igual a 25 SMLMV,1087.68,29,28,2023-12-01,2023-12-29,37.506206896551724
2023-12,Banco Mundo Mujer,5,Mayor a 25 SMLMV y menor o igual a 100 SMLMV,75.84,2,2,2023-12-01,2023-12-29,37.92
2023-12,Banco Pichincha,1,Menor o igual a 3 SMLMV,169.52,9,9,2023-12-08,2023-12-22,18.83555555555556
2023-12,Banco Pichincha,2,Mayor a 3 SMLMV y menor o igual a 6 SMLMV,206.04,11,10,2023-12-08,2023-12-29,18.73090909090909
2023-12,Banco Pichincha,3,Mayor a 6 SMLMV y menor o igual a 12 SMLMV,347.68,19,16,2023-12-08,2023-12-29,18.298947368421054
2023-12,Banco Pichincha,4,Mayor a 12 SMLMV y menor o igual a 25 SMLMV,370.07,19,17,2023-12-01,2023-12-29,19.47736842105263
2023-12,Banco Pichincha,5,Mayor a 25 SMLMV y menor o igual a 100 SMLMV,343.6,18,15,2023-12-01,2023-12-29,19.08888888888889
2023-12,Banco Popular,1,Menor o igual a 3 SMLMV,233.68,7,7,2023-12-01,2023-12-15,33.38285714285714
2023-12,Banco Popular,2,Mayor a 3 SMLMV y menor o igual a 6 SMLMV,2017.73,58,53,2023-12-01,2023-12-29,34.788448275862066
2023-12,Banco Popular,3,Mayor a 6 SMLMV y menor o igual a 12 SMLMV,2936.38,90,67,2023-12-01,2023-12-29,32.626444444444445
2023-12,Banco Popular,4,Mayor a 12 SMLMV y menor o igual a 25 SMLMV,3808.16,129,86,2023-12-01,2023-12-29,29.52062015503876
2023-12,Banco Popular,5,Mayor a 25 SMLMV y menor o igual a 100 SMLMV,1844.45,67,43,2023-12-01,2023-12-29,27.52910447761194
2023-12,Banco Popular,6,Mayor a 100 SMLMV,194.85,7,5,2023-12-01,2023-12-29,27.835714285714285
2023-12,Banco Serfinanza,1,Menor o igual a 3 SMLMV,3738.05,156,125,2023-12-01,2023-12-29,23.961858974358975
2023-12,Banco Serfinanza,2,Mayor a 3 SMLMV y menor o igual a 6 SMLMV,15880.7,684,348,2023-12-01,2023-12-29,23.217397660818715
2023-12,Banco Serfinanza,3,Mayor a 6 SMLMV y menor o igual a 12 SMLMV,2129.76,86,70,2023-12-01,2023-12-29,24.7646511627907
2023-12,Banco Serfinanza,4,Mayor a 12 SMLMV y menor o igual a 25 SMLMV,1495.3700000000001,63,52,2023-12-01,2023-12-29,23.73603174603175
2023-12,Banco Serfinanza,5,Mayor a 25 SMLMV y menor o igual a 100 SMLMV,999.89,44,37,2023-12-01,2023-12-29,22.724772727272725
2023-12,Banco Serfinanza,6,Mayor a 100 SMLMV,250.23,11,10,2023-12-01,2023-12-29,22.748181818181816
2023-12,Banco Unión,1,Menor o igual a 3 SMLMV,292.11,8,8,2023-12-01,2023-12-29,36.51375
2023-12,Banco Unión,2,Mayor a 3 SMLMV y menor o igual a 6 SMLMV,74.7,2,2,2023-12-08,2023-12-22,37.35
2023-12,Banco Unión,3,Mayor a 6 SMLMV y menor o igual a 12 SMLMV,187.17000000000002,5,3,2023-12-01,2023-12-15,37.434000000000005
2023-12,Banco Unión,4,Mayor a 12 SMLMV y menor o igual a 25 SMLMV,37.35,1,1,2023-12-15,2023-12-15,37.35
2023-12,Banco de Bogotá,1,Menor o igual a 3 SMLMV,326106.77,9168,3946,2023-12-01,2023-12-29,35.57011016579407
2023-12,Banco de Bogotá,2,Mayor a 3 SMLMV y menor o igual a 6 SMLMV,380480.23,10793,4097,2023-12-01,2023-12-29,35.25249976836839
2023-12,Banco de Bogotá,3,Mayor a 6 SMLMV y menor o igual a 12 SMLMV,231702.22,6746,2655,2023-12-01,2023-12-29,34.34660836050993
2023-12,Banco de Bogotá,4,Mayor a 12 SMLMV y menor o igual a 25 SMLMV,96930.07,3069,1448,2023-12-01,2023-12-29,31.583600521342458
2023-12,Banco de Bogotá,5,Mayor a 25 SMLMV y menor o igual a 100 SMLMV,58830.92,2093,1215,2023-12-01,2023-12-29,28.108418537983756
2023-12,Banco de Bogotá,6,Mayor a 100 SMLMV,3222.31,163,135,2023-12-01,2023-12-29,19.768773006134968
2023-12,Banco de Occidente,1,Menor o igual a 3 SMLMV,3352.18,97,83,2023-12-01,2023-12-29,34.55855670103092
2023-12,Banco de Occidente,2,Mayor a 3 SMLMV y menor o igual a 6 SMLMV,6827.44,200,168,2023-12-01,2023-12-29,34.1372
2023-12,Banco de Occidente,3,Mayor a 6 SMLMV y menor o igual a 12 SMLMV,15783.44,471,295,2023-12-01,2023-12-29,33.51048832271762
2023-12,Banco de Occidente,4,Mayor a 12 SMLMV y menor o igual a 25 SMLMV,25431.98,802,375,2023-12-01,2023-12-29,31.71069825436409
2023-12,Banco de Occidente,5,Mayor a 25 SMLMV y menor o igual a 100 SMLMV,50918.21,1898,738,2023-12-01,2023-12-29,26.827297154899895
2023-12,Banco de Occidente,6,Mayor a 100 SMLMV,5808.86,245,158,2023-12-01,2023-12-29,23.709632653061224
2023-12,Bancolombia,1,Menor o igual a 3 SMLMV,425116.02,12195,4063,2023-12-01,2023-12-29,34.85986223862239
2023-12,Bancolombia,2,Mayor a 3 SMLMV y menor o igual a 6 SMLMV,137771.14,4360,1855,2023-12-01,2023-12-29,31.59888532110092
2023-12,Bancolombia,3,Mayor a 6 SMLMV y menor o igual a 12 SMLMV,128508.41,4285,1673,2023-12-01,2023-12-29,29.99029404900817
2023-12,Bancolombia,4,Mayor a 12 SMLMV y menor o igual a 25 SMLMV,112446.99,3852,1547,2023-12-01,2023-12-29,29.191845794392524
2023-12,Bancolombia,5,Mayor a 25 SMLMV y menor o igual a 100 SMLMV,99957.87,3649,1829,2023-12-01,2023-12-29,27.393222800767333
2023-12,Bancolombia,6,Mayor a 100 SMLMV,13437.84,555,433,2023-12-01,2023-12-29,24.212324324324324
2023-12,Bancoomeva,1,Menor o igual a 3 SMLMV,1625.43,55,54,2023-12-01,2023-12-29,29.553272727272727
2023-12,Bancoomeva,2,Mayor a 3 SMLMV y menor o igual a 6 SMLMV,4426.08,153,137,2023-12-01,2023-12-29,28.928627450980393
2023-12,Bancoomeva,3,Mayor a 6 SMLMV y menor o igual a 12 SMLMV,9123.81,323,271,2023-12-01,2023-12-29,28.247089783281734
2023-12,Bancoomeva,4,Mayor a 12 SMLMV y menor o igual a 25 SMLMV,10089.51,353,299,2023-12-01,2023-12-29,28.582181303116148
2023-12,Bancoomeva,5,Mayor a 25 SMLMV y menor o igual a 100 SMLMV,10428.22,358,320,2023-12-01,2023-12-29,29.129106145251395
2023-12,Bancoomeva,6,Mayor a 100 SMLMV,565.94,22,22,2023-12-01,2023-12-29,25.724545454545456
2023-12,Coopcentral,1,Menor o igual a 3 SMLMV,132.0,5,5,2023-12-01,2023-12-08,26.4
2023-12,Coopcentral,2,Mayor a 3 SMLMV y menor o igual a 6 SMLMV,22.0,1,1,2023-12-01,2023-12-01,22.0
2023-12,Coopcentral,3,Mayor a 6 SMLMV y menor o igual a 12 SMLMV,130.5,5,5,2023-12-01,2023-12-29,26.1
2023-12,Coopcentral,4,Mayor a 12 SMLMV y menor o igual a 25 SMLMV,196.7,9,9,2023-12-01,2023-12-29,21.855555555555554
2023-12,Coopcentral,5,Mayor a 25 SMLMV y menor o igual a 100 SMLMV,159.5,8,8,2023-12-01,2023-12-29,19.9375
2023-12,Coopcentral,6,Mayor a 100 SMLMV,32.0,2,2,2023-12-01,2023-12-08,16.0
2023-12,Finandina,1,Menor o igual a 3 SMLMV,308.82,10,10,2023-12-01,2023-12-29,30.881999999999998
2023-12,Finandina,2,Mayor a 3 SMLMV y menor o igual a 6 SMLMV,4040.0099999999998,118,100,2023-12-01,2023-12-29,34.23737288135593
2023-12,Finandina,3,Mayor a 6 SMLMV y menor o igual a 12 SMLMV,5990.57,187,154,2023-12-01,2023-12-29,32.03513368983957
2023-12,Finandina,4,Mayor a 12 SMLMV y menor o igual a 25 SMLMV,4595.53,154,122,2023-12-01,2023-12-29,29.841103896103895
2023-12,Finandina,5,Mayor a 25 SMLMV y menor o igual a 100 SMLMV,1345.67,52,49,2023-12-01,2023-12-29,25.87826923076923
2023-12,Itaú,1,Menor o igual a 3 SMLMV,363.71,13,12,2023-12-01,2023-12-29,27.977692307692305
2023-12,Itaú,2,Mayor a 3 SMLMV y menor o igual a 6 SMLMV,1671.69,61,43,2023-12-01,2023-12-29,27.404754098360655
2023-12,Itaú,3,Mayor a 6 SMLMV y menor o igual a 12 SMLMV,5859.27,211,112,2023-12-01,2023-12-29,27.769052132701425
2023-12,Itaú,4,Mayor a 12 SMLMV y menor o igual a 25 SMLMV,10523.34,391,179,2023-12-01,2023-12-29,26.91391304347826
2023-12,Itaú,5,Mayor a 25 SMLMV y menor o igual a 100 SMLMV,20130.55,781,393,2023-12-01,2023-12-29,25.775352112676057
2023-12,Itaú,6,Mayor a 100 SMLMV,4893.32,197,155,2023-12-01,2023-12-29,24.839187817258882
2023-12,Lulo Bank,1,Menor o igual a 3 SMLMV,9225.43,315,231,2023-12-01,2023-12-29,29.287079365079364
2023-12,Lulo Bank,2,Mayor a 3 SMLMV y menor o igual a 6 SMLMV,9915.78,347,232,2023-12-01,2023-12-29,28.575734870317003
2023-12,Lulo Bank,3,Mayor a 6 SMLMV y menor o igual a 12 SMLMV,13993.3,488,288,2023-12-01,2023-12-29,28.67479508196721
2023-12,Lulo Bank,4,Mayor a 12 SMLMV y menor o igual a 25 SMLMV,13006.87,464,254,2023-12-01,2023-12-29,28.032047413793105
2023-12,Lulo Bank,5,Mayor a 25 SMLMV y menor o igual a 100 SMLMV,5426.8,204,125,2023-12-01,2023-12-29,26.601960784313725
2023-12,MiBanco,2,Mayor a 3 SMLMV y menor o igual a 6 SMLMV,37.56,1,1,2023-12-01,2023-12-01,37.56
2023-12,MiBanco,3,Mayor a 6 SMLMV y menor o igual a 12 SMLMV,37.56,1,1,2023-12-01,2023-12-01,37.56
2024-01,BBVA Colombia,1,Menor o igual a 3 SMLMV,29234.73,895,516,2024-01-05,2024-01-26,32.66450279329609
2024-01,BBVA Colombia,2,Mayor a 3 SMLMV y menor o igual a 6 SMLMV,31987.79,993,519,2024-01-05,2024-01-26,32.21328298086606
2024-01,BBVA Colombia,3,Mayor a 6 SMLMV y menor o igual a 12 SMLMV,31574.12,1013,557,2024-01-05,2024-01-26,31.168923988153995
2024-01,BBVA Colombia,4,Mayor a 12 SMLMV y menor o igual a 25 SMLMV,25753.55,858,498,2024-01-05,2024-01-26,30.01579254079254
2024-01,BBVA Colombia,5,Mayor a 25 SMLMV y menor o igual a 100 SMLMV,13952.39,513,367,2024-01-05,2024-01-26,27.19764132553606
2024-01,BBVA Colombia,6,Mayor a 100 SMLMV,494.63,25,24,2024-01-05,2024-01-26,19.7852
2024-01,Bancien,1,Menor o igual a 3 SMLMV,874.4999999999999,25,23,2024-01-05,2024-01-26,34.98
2024-01,Bancien,2,Mayor a 3 SMLMV y menor o igual a 6 SMLMV,5456.879999999999,156,117,2024-01-05,2024-01-26,34.98
2024-01,Bancien,3,Mayor a 6 SMLMV y menor o igual a 12 SMLMV,8185.32,234,158,2024-01-05,2024-01-26,34.98
2024-01,Banco AV Villas,1,Menor o igual a 3 SMLMV,3421.7999999999997,109,99,2024-01-05,2024-01-26,31.392660550458714
2024-01,Banco AV Villas,2,Mayor a 3 SMLMV y menor o igual a 6 SMLMV,4924.5,166,141,2024-01-05,2024-01-26,29.66566265060241
2024-01,Banco AV Villas,3,Mayor a 6 SMLMV y menor o igual a 12 SMLMV,5849.35,212,159,2024-01-05,2024-01-26,27.59127358490566
2024-01,Banco AV Villas,4,Mayor a 12 SMLMV y menor o igual a 25 SMLMV,4417.98,178,128,2024-01-05,2024-01-26,24.82011235955056
2024-01,Banco AV Villas,5,Mayor a 25 SMLMV y menor o igual a 100 SMLMV,3736.88,176,119,2024-01-05,2024-01-26,21.23227272727273
2024-01,Banco AV Villas,6,Mayor a 100 SMLMV,135.65,7,7,2024-01-05,2024-01-26,19.37857142857143
2024-01,Banco Agrario,1,Menor o igual a 3 SMLMV,434.28,14,14,2024-01-05,2024-01-26,31.02
2024-01,Banco Agrario,2,Mayor a 3 SMLMV y menor o igual a 6 SMLMV,1397.94,46,45,2024-01-05,2024-01-26,30.39
2024-01,Banco Agrario,3,Mayor a 6 SMLMV y menor o igual a 12 SMLMV,1375.08,49,49,2024-01-05,2024-01-26,28.06285714285714
2024-01,Banco Agrario,4,Mayor a 12 SMLMV y menor o igual a 25 SMLMV,886.92,37,37,2024-01-05,2024-01-26,23.97081081081081
2024-01,Banco Agrario,5,Mayor a 25 SMLMV y menor o igual a 100 SMLMV,323.94,12,12,2024-01-05,2024-01-26,26.995
2024-01,Banco Caja Social,1,Menor o igual a 3 SMLMV,58299.46,1701,1211,2024-01-05,2024-01-26,34.27363903586126
2024-01,Banco Caja Social,2,Mayor a 3 SMLMV y menor o igual a 6 SMLMV,37622.869999999995,1141,850,2024-01-05,2024-01-26,32.973593339176155
2024-01,Banco Caja Social,3,Mayor a 6 SMLMV y menor o igual a 12 SMLMV,26605.26,872,588,2024-01-05,2024-01-26,30.510619266055045
2024-01,Banco Caja Social,4,Mayor a 12 SMLMV y menor o igual a 25 SMLMV,7783.57,281,220,2024-01-05,2024-01-26,27.699537366548043
2024-01,Banco Caja Social,5,Mayor a 25 SMLMV y menor o igual a 100 SMLMV,1940.8400000000001,76,65,2024-01-05,2024-01-26,25.537368421052633
2024-01,Banco Davibank,1,Menor o igual a 3 SMLMV,2391.2,70,70,2024-01-05,2024-01-26,34.16
2024-01,Banco Davibank,2,Mayor a 3 SMLMV y menor o igual a 6 SMLMV,6494.72,193,191,2024-01-05,2024-01-26,33.65139896373057
2024-01,Banco Davibank,3,Mayor a 6 SMLMV y menor o igual a 12 SMLMV,14328.539999999999,428,423,2024-01-05,2024-01-26,33.47789719626168
2024-01,Banco Davibank,4,Mayor a 12 SMLMV y menor o igual a 25 SMLMV,24021.11,750,667,2024-01-05,2024-01-26,32.028146666666665
2024-01,Banco Davibank,5,Mayor a 25 SMLMV y menor o igual a 100 SMLMV,46549.24,1554,842,2024-01-05,2024-01-26,29.954465894465894
2024-01,Banco Davibank,6,Mayor a 100 SMLMV,103324.90000000001,3624,214,2024-01-05,2024-01-26,28.51128587196468
2024-01,Banco Davivienda,1,Menor o igual a 3 SMLMV,266994.86,8796,2802,2024-01-05,2024-01-26,30.35412232833106
2024-01,Banco Davivienda,2,Mayor a 3 SMLMV y menor o igual a 6 SMLMV,150353.12,4961,1847,2024-01-05,2024-01-26,30.307018746220518
2024-01,Banco Davivienda,3,Mayor a 6 SMLMV y menor o igual a 12 SMLMV,145251.02,4845,1880,2024-01-05,2024-01-26,29.979570691434468
2024-01,Banco Davivienda,4,Mayor a 12 SMLMV y menor o igual a 25 SMLMV,84851.53,2922,1187,2024-01-05,2024-01-26,29.038853524982887
2024-01,Banco Davivienda,5,Mayor a 25 SMLMV y menor o igual a 100 SMLMV,25730.0,945,479,2024-01-05,2024-01-26,27.227513227513228
2024-01,Banco Falabella,1,Menor o igual a 3 SMLMV,58742.81,1747,662,2024-01-05,2024-01-26,33.62496279336005
2024-01,Banco Falabella,2,Mayor a 3 SMLMV y menor o igual a 6 SMLMV,81182.05,2384,702,2024-01-05,2024-01-26,34.052873322147654
2024-01,Banco Falabella,3,Mayor a 6 SMLMV y menor o igual a 12 SMLMV,15454.43,506,320,2024-01-05,2024-01-26,30.542351778656126
2024-01,Banco Falabella,4,Mayor a 12 SMLMV y menor o igual a 25 SMLMV,10952.29,372,262,2024-01-05,2024-01-26,29.44163978494624
2024-01,Banco Falabella,5,Mayor a 25 SMLMV y menor o igual a 100 SMLMV,2275.24,80,69,2024-01-05,2024-01-26,28.440499999999997
2024-01,Banco GNB Sudameris,4,Mayor a 12 SMLMV y menor o igual a 25 SMLMV,71.3,3,3,2024-01-26,2024-01-26,23.766666666666666
2024-01,Banco GNB Sudameris,5,Mayor a 25 SMLMV y menor o igual a 100 SMLMV,26.82,1,1,2024-01-26,2024-01-26,26.82
2024-01,Banco Mundo Mujer,1,Menor o igual a 3 SMLMV,117076.71999999999,3359,2081,2024-01-05,2024-01-26,34.85463530812741
2024-01,Banco Mundo Mujer,2,Mayor a 3 SMLMV y menor o igual a 6 SMLMV,61830.1,1770,1030,2024-01-05,2024-01-26,34.93225988700565
2024-01,Banco Mundo Mujer,3,Mayor a 6 SMLMV y menor o igual a 12 SMLMV,19395.36,558,415,2024-01-05,2024-01-26,34.758709677419354
2024-01,Banco Mundo Mujer,4,Mayor a 12 SMLMV y menor o igual a 25 SMLMV,763.4399999999999,22,21,2024-01-05,2024-01-26,34.701818181818176
2024-01,Banco Pichincha,1,Menor o igual a 3 SMLMV,209.0,11,10,2024-01-05,2024-01-26,19.0
2024-01,Banco Pichincha,2,Mayor a 3 SMLMV y menor o igual a 6 SMLMV,266.0,14,12,2024-01-05,2024-01-26,19.0
2024-01,Banco Pichincha,3,Mayor a 6 SMLMV y menor o igual a 12 SMLMV,513.0,27,25,2024-01-05,2024-01-26,19.0
2024-01,Banco Pichincha,4,Mayor a 12 SMLMV y menor o igual a 25 SMLMV,703.0,37,27,2024-01-05,2024-01-26,19.0
2024-01,Banco Popular,1,Menor o igual a 3 SMLMV,394.7,12,12,2024-01-05,2024-01-26,32.891666666666666
2024-01,Banco Popular,2,Mayor a 3 SMLMV y menor o igual a 6 SMLMV,1615.08,48,41,2024-01-05,2024-01-26,33.6475
2024-01,Banco Popular,3,Mayor a 6 SMLMV y menor o igual a 12 SMLMV,1820.7,57,46,2024-01-05,2024-01-26,31.942105263157895
2024-01,Banco Popular,4,Mayor a 12 SMLMV y menor o igual a 25 SMLMV,1054.16,36,25,2024-01-05,2024-01-26,29.282222222222224
2024-01,Banco Popular,5,Mayor a 25 SMLMV y menor o igual a 100 SMLMV,329.84,12,11,2024-01-05,2024-01-26,27.486666666666665
2024-01,Banco Popular,6,Mayor a 100 SMLMV,101.02,4,4,2024-01-19,2024-01-19,25.255
2024-01,Banco Serfinanza,1,Menor o igual a 3 SMLMV,2371.75,99,82,2024-01-05,2024-01-26,23.957070707070706
2024-01,Banco Serfinanza,2,Mayor a 3 SMLMV y menor o igual a 6 SMLMV,8623.31,372,201,2024-01-05,2024-01-26,23.180940860215053
2024-01,Banco Serfinanza,3,Mayor a 6 SMLMV y menor o igual a 12 SMLMV,1078.3600000000001,42,34,2024-01-05,2024-01-26,25.675238095238097
2024-01,Banco Serfinanza,4,Mayor a 12 SMLMV y menor o igual a 25 SMLMV,417.02000000000004,18,17,2024-01-05,2024-01-26,23.16777777777778
2024-01,Banco Serfinanza,5,Mayor a 25 SMLMV y menor o igual a 100 SMLMV,201.44,9,9,2024-01-05,2024-01-26,22.38222222222222
2024-01,Banco Unión,1,Menor o igual a 3 SMLMV,139.2,4,4,2024-01-05,2024-01-26,34.8
2024-01,Banco Unión,2,Mayor a 3 SMLMV y menor o igual a 6 SMLMV,104.39999999999999,3,3,2024-01-19,2024-01-19,34.8
2024-01,Banco Unión,3,Mayor a 6 SMLMV y menor o igual a 12 SMLMV,34.8,1,1,2024-01-26,2024-01-26,34.8
2024-01,Banco Unión,4,Mayor a 12 SMLMV y menor o igual a 25 SMLMV,34.8,1,1,2024-01-19,2024-01-19,34.8
2024-01,Banco Unión,5,Mayor a 25 SMLMV y menor o igual a 100 SMLMV,34.8,1,1,2024-01-26,2024-01-26,34.8
2024-01,Banco de Bogotá,1,Menor o igual a 3 SMLMV,250116.83,7405,3436,2024-01-05,2024-01-26,33.77674949358541
2024-01,Banco de Bogotá,2,Mayor a 3 SMLMV y menor o igual a 6 SMLMV,249778.56,7507,3136,2024-01-05,2024-01-26,33.27275343013188
2024-01,Banco de Bogotá,3,Mayor a 6 SMLMV y menor o igual a 12 SMLMV,175492.54,5434,2249,2024-01-05,2024-01-26,32.29527788001472
2024-01,Banco de Bogotá,4,Mayor a 12 SMLMV y menor o igual a 25 SMLMV,75577.64,2573,1196,2024-01-05,2024-01-26,29.373354061406918
2024-01,Banco de Bogotá,5,Mayor a 25 SMLMV y menor o igual a 100 SMLMV,48782.29,1962,968,2024-01-05,2024-01-26,24.86355249745158
2024-01,Banco de Bogotá,6,Mayor a 100 SMLMV,2173.69,117,87,2024-01-05,2024-01-26,18.57854700854701
2024-01,Banco de Occidente,1,Menor o igual a 3 SMLMV,1682.3999999999999,52,50,2024-01-05,2024-01-26,32.35384615384615
2024-01,Banco de Occidente,2,Mayor a 3 SMLMV y menor o igual a 6 SMLMV,4599.41,143,120,2024-01-05,2024-01-26,32.16370629370629
2024-01,Banco de Occidente,3,Mayor a 6 SMLMV y menor o igual a 12 SMLMV,10396.88,332,213,2024-01-05,2024-01-26,31.315903614457827
2024-01,Banco de Occidente,4,Mayor a 12 SMLMV y menor o igual a 25 SMLMV,15700.31,527,244,2024-01-05,2024-01-26,29.791859582542692
2024-01,Banco de Occidente,5,Mayor a 25 SMLMV y menor o igual a 100 SMLMV,26156.68,1018,450,2024-01-05,2024-01-26,25.694184675834972
2024-01,Banco de Occidente,6,Mayor a 100 SMLMV,2665.58,119,74,2024-01-05,2024-01-26,22.399831932773107
2024-01,Bancolombia,1,Menor o igual a 3 SMLMV,471767.45,14445,4114,2024-01-05,2024-01-26,32.65956732433368
2024-01,Bancolombia,2,Mayor a 3 SMLMV y menor o igual a 6 SMLMV,126878.1,4306,1660,2024-01-05,2024-01-26,29.46542034370646
2024-01,Bancolombia,3,Mayor a 6 SMLMV y menor o igual a 12 SMLMV,126655.48,4389,1630,2024-01-05,2024-01-26,28.85748006379585
2024-01,Bancolombia,4,Mayor a 12 SMLMV y menor o igual a 25 SMLMV,97415.23,3456,1341,2024-01-05,2024-01-26,28.187277199074074
2024-01,Bancolombia,5,Mayor a 25 SMLMV y menor o igual a 100 SMLMV,67416.43,2505,1303,2024-01-05,2024-01-26,26.912746506986025
2024-01,Bancolombia,6,Mayor a 100 SMLMV,5457.35,224,190,2024-01-05,2024-01-26,24.363169642857144
2024-01,Bancoomeva,1,Menor o igual a 3 SMLMV,1174.02,41,39,2024-01-05,2024-01-26,28.63463414634146
2024-01,Bancoomeva,2,Mayor a 3 SMLMV y menor o igual a 6 SMLMV,2947.1,107,99,2024-01-05,2024-01-26,27.542990654205607
2024-01,Bancoomeva,3,Mayor a 6 SMLMV y menor o igual a 12 SMLMV,4758.04,172,155,2024-01-05,2024-01-26,27.663023255813954
2024-01,Bancoomeva,4,Mayor a 12 SMLMV y menor o igual a 25 SMLMV,4404.43,154,141,2024-01-05,2024-01-26,28.600194805194807
2024-01,Bancoomeva,5,Mayor a 25 SMLMV y menor o igual a 100 SMLMV,4497.45,153,142,2024-01-05,2024-01-26,29.395098039215686
2024-01,Bancoomeva,6,Mayor a 100 SMLMV,22.71,1,1,2024-01-26,2024-01-26,22.71
2024-01,Coopcentral,1,Menor o igual a 3 SMLMV,76.0,3,3,2024-01-12,2024-01-26,25.333333333333332
2024-01,Coopcentral,2,Mayor a 3 SMLMV y menor o igual a 6 SMLMV,119.5,5,5,2024-01-12,2024-01-26,23.9
2024-01,Coopcentral,4,Mayor a 12 SMLMV y menor o igual a 25 SMLMV,51.0,2,2,2024-01-12,2024-01-12,25.5
2024-01,Coopcentral,5,Mayor a 25 SMLMV y menor o igual a 100 SMLMV,92.0,5,5,2024-01-05,2024-01-26,18.4
2024-01,Finandina,2,Mayor a 3 SMLMV y menor o igual a 6 SMLMV,2358.47,73,67,2024-01-05,2024-01-26,32.30780821917808
2024-01,Finandina,3,Mayor a 6 SMLMV y menor o igual a 12 SMLMV,6250.42,200,151,2024-01-05,2024-01-26,31.2521
2024-01,Finandina,4,Mayor a 12 SMLMV y menor o igual a 25 SMLMV,5348.3,184,134,2024-01-05,2024-01-26,29.066847826086956
2024-01,Finandina,5,Mayor a 25 SMLMV y menor o igual a 100 SMLMV,905.3,37,34,2024-01-05,2024-01-26,24.467567567567567
2024-01,Itaú,1,Menor o igual a 3 SMLMV,192.85000000000002,7,7,2024-01-05,2024-01-26,27.550000000000004
2024-01,Itaú,2,Mayor a 3 SMLMV y menor o igual a 6 SMLMV,840.83,30,25,2024-01-05,2024-01-26,28.02766666666667
2024-01,Itaú,3,Mayor a 6 SMLMV y menor o igual a 12 SMLMV,2879.11,105,73,2024-01-05,2024-01-26,27.42009523809524
2024-01,Itaú,4,Mayor a 12 SMLMV y menor o igual a 25 SMLMV,5017.89,189,107,2024-01-05,2024-01-26,26.549682539682543
2024-01,Itaú,5,Mayor a 25 SMLMV y menor o igual a 100 SMLMV,7317.33,282,191,2024-01-05,2024-01-26,25.947978723404255
2024-01,Itaú,6,Mayor a 100 SMLMV,1653.79,65,52,2024-01-05,2024-01-26,25.442923076923076
2024-01,Lulo Bank,1,Menor o igual a 3 SMLMV,5775.33,205,159,2024-01-05,2024-01-26,28.172341463414632
2024-01,Lulo Bank,2,Mayor a 3 SMLMV y menor o igual a 6 SMLMV,7362.58,267,181,2024-01-05,2024-01-26,27.575205992509364
2024-01,Lulo Bank,3,Mayor a 6 SMLMV y menor o igual a 12 SMLMV,10382.460000000001,367,211,2024-01-05,2024-01-26,28.290081743869212
2024-01,Lulo Bank,4,Mayor a 12 SMLMV y menor o igual a 25 SMLMV,7087.53,258,129,2024-01-05,2024-01-26,27.471046511627907
2024-01,Lulo Bank,5,Mayor a 25 SMLMV y menor o igual a 100 SMLMV,2333.77,90,59,2024-01-05,2024-01-26,25.930777777777777
2024-02,BBVA Colombia,1,Menor o igual a 3 SMLMV,24806.25,762,435,2024-02-02,2024-02-23,32.55413385826772
2024-02,BBVA Colombia,2,Mayor a 3 SMLMV y menor o igual a 6 SMLMV,24883.86,776,445,2024-02-02,2024-02-23,32.066829896907215
2024-02,BBVA Colombia,3,Mayor a 6 SMLMV y menor o igual a 12 SMLMV,26121.26,840,495,2024-02-02,2024-02-23,31.096738095238095
2024-02,BBVA Colombia,4,Mayor a 12 SMLMV y menor o igual a 25 SMLMV,22545.61,753,462,2024-02-02,2024-02-23,29.94104913678619
2024-02,BBVA Colombia,5,Mayor a 25 SMLMV y menor o igual a 100 SMLMV,15172.09,570,385,2024-02-02,2024-02-23,26.617701754385966
2024-02,BBVA Colombia,6,Mayor a 100 SMLMV,630.87,28,28,2024-02-02,2024-02-23,22.53107142857143
2024-02,Bancien,1,Menor o igual a 3 SMLMV,839.28,24,24,2024-02-02,2024-02-23,34.97
2024-02,Bancien,2,Mayor a 3 SMLMV y menor o igual a 6 SMLMV,6224.66,178,140,2024-02-02,2024-02-23,34.97
2024-02,Bancien,3,Mayor a 6 SMLMV y menor o igual a 12 SMLMV,8217.949999999999,235,139,2024-02-02,2024-02-23,34.97
2024-02,Banco AV Villas,1,Menor o igual a 3 SMLMV,3325.93,110,96,2024-02-02,2024-02-23,30.23572727272727
2024-02,Banco AV Villas,2,Mayor a 3 SMLMV y menor o igual a 6 SMLMV,5475.1900000000005,181,143,2024-02-02,2024-02-23,30.249668508287296
2024-02,Banco AV Villas,3,Mayor a 6 SMLMV y menor o igual a 12 SMLMV,6470.03,230,171,2024-02-02,2024-02-23,28.130565217391304
2024-02,Banco AV Villas,4,Mayor a 12 SMLMV y menor o igual a 25 SMLMV,5103.23,204,126,2024-02-02,2024-02-23,25.01583333333333
2024-02,Banco AV Villas,5,Mayor a 25 SMLMV y menor o igual a 100 SMLMV,5625.4,240,166,2024-02-02,2024-02-23,23.439166666666665
2024-02,Banco AV Villas,6,Mayor a 100 SMLMV,329.28,16,15,2024-02-02,2024-02-23,20.58
2024-02,Banco Agrario,1,Menor o igual a 3 SMLMV,693.78,23,23,2024-02-02,2024-02-23,30.164347826086956
2024-02,Banco Agrario,2,Mayor a 3 SMLMV y menor o igual a 6 SMLMV,1728.67,58,58,2024-02-02,2024-02-23,29.804655172413796
2024-02,Banco Agrario,3,Mayor a 6 SMLMV y menor o igual a 12 SMLMV,2088.42,77,76,2024-02-02,2024-02-23,27.122337662337664
2024-02,Banco Agrario,4,Mayor a 12 SMLMV y menor o igual a 25 SMLMV,770.3199999999999,32,32,2024-02-02,2024-02-23,24.072499999999998
2024-02,Banco Agrario,5,Mayor a 25 SMLMV y menor o igual a 100 SMLMV,281.18,10,10,2024-02-02,2024-02-23,28.118000000000002
2024-02,Banco Caja Social,1,Menor o igual a 3 SMLMV,57570.09,1678,1260,2024-02-02,2024-02-23,34.308754469606676
2024-02,Banco Caja Social,2,Mayor a 3 SMLMV y menor o igual a 6 SMLMV,44614.409999999996,1350,983,2024-02-02,2024-02-23,33.047711111111106
2024-02,Banco Caja Social,3,Mayor a 6 SMLMV y menor o igual a 12 SMLMV,29018.05,955,655,2024-02-02,2024-02-23,30.385392670157067
2024-02,Banco Caja Social,4,Mayor a 12 SMLMV y menor o igual a 25 SMLMV,8727.47,314,245,2024-02-02,2024-02-23,27.79449044585987
2024-02,Banco Caja Social,5,Mayor a 25 SMLMV y menor o igual a 100 SMLMV,2327.43,94,77,2024-02-02,2024-02-23,24.759893617021273
2024-02,Banco Caja Social,6,Mayor a 100 SMLMV,64.95,3,3,2024-02-02,2024-02-23,21.650000000000002
2024-02,Banco Davibank,1,Menor o igual a 3 SMLMV,2829.41,83,83,2024-02-02,2024-02-23,34.089277108433734
2024-02,Banco Davibank,2,Mayor a 3 SMLMV y menor o igual a 6 SMLMV,6370.51,189,188,2024-02-02,2024-02-23,33.70640211640212
2024-02,Banco Davibank,3,Mayor a 6 SMLMV y menor o igual a 12 SMLMV,17321.31,516,498,2024-02-02,2024-02-23,33.56843023255814
2024-02,Banco Davibank,4,Mayor a 12 SMLMV y menor o igual a 25 SMLMV,29330.59,901,800,2024-02-02,2024-02-23,32.55337402885682
2024-02,Banco Davibank,5,Mayor a 25 SMLMV y menor o igual a 100 SMLMV,51217.13,1671,900,2024-02-02,2024-02-23,30.65058647516457
2024-02,Banco Davibank,6,Mayor a 100 SMLMV,119590.53,4098,238,2024-02-02,2024-02-23,29.182657393850658
2024-02,Banco Davivienda,1,Menor o igual a 3 SMLMV,248306.13,8533,2719,2024-02-02,2024-02-23,29.09951130903551
2024-02,Banco Davivienda,2,Mayor a 3 SMLMV y menor o igual a 6 SMLMV,142973.37,4953,1923,2024-02-02,2024-02-23,28.866014536644457
2024-02,Banco Davivienda,3,Mayor a 6 SMLMV y menor o igual a 12 SMLMV,141762.94,4967,1961,2024-02-02,2024-02-23,28.540958324944636
2024-02,Banco Davivienda,4,Mayor a 12 SMLMV y menor o igual a 25 SMLMV,87751.09,3179,1336,2024-02-02,2024-02-23,27.60336269267065
2024-02,Banco Davivienda,5,Mayor a 25 SMLMV y menor o igual a 100 SMLMV,28026.24,1081,533,2024-02-02,2024-02-23,25.92621646623497
2024-02,Banco Davivienda,6,Mayor a 100 SMLMV,30.14,1,1,2024-02-16,2024-02-16,30.14
2024-02,Banco Falabella,1,Menor o igual a 3 SMLMV,138120.46,4043,1113,2024-02-02,2024-02-23,34.16286420974524
2024-02,Banco Falabella,2,Mayor a 3 SMLMV y menor o igual a 6 SMLMV,174939.48,5074,1080,2024-02-02,2024-02-23,34.47762711864407
2024-02,Banco Falabella,3,Mayor a 6 SMLMV y menor o igual a 12 SMLMV,17599.82,589,380,2024-02-02,2024-02-23,29.880848896434635
2024-02,Banco Falabella,4,Mayor a 12 SMLMV y menor o igual a 25 SMLMV,10974.68,378,283,2024-02-02,2024-02-23,29.033544973544974
2024-02,Banco Falabella,5,Mayor a 25 SMLMV y menor o igual a 100 SMLMV,2722.7,99,82,2024-02-02,2024-02-23,27.5020202020202
2024-02,Banco Falabella,6,Mayor a 100 SMLMV,59.550000000000004,2,2,2024-02-02,2024-02-16,29.775000000000002
2024-02,Banco GNB Sudameris,4,Mayor a 12 SMLMV y menor o igual a 25 SMLMV,48.730000000000004,2,2,2024-02-02,2024-02-16,24.365000000000002
2024-02,Banco GNB Sudameris,5,Mayor a 25 SMLMV y menor o igual a 100 SMLMV,23.84,1,1,2024-02-23,2024-02-23,23.84
2024-02,Banco GNB Sudameris,6,Mayor a 100 SMLMV,24.19,1,1,2024-02-02,2024-02-02,24.19
2024-02,Banco Mundo Mujer,1,Menor o igual a 3 SMLMV,133329.55,3826,2357,2024-02-02,2024-02-23,34.84828802927339
2024-02,Banco Mundo Mujer,2,Mayor a 3 SMLMV y menor o igual a 6 SMLMV,75222.51,2158,1243,2024-02-02,2024-02-23,34.85751158480074
2024-02,Banco Mundo Mujer,3,Mayor a 6 SMLMV y menor o igual a 12 SMLMV,23641.25,681,500,2024-02-02,2024-02-23,34.7154919236417
2024-02,Banco Mundo Mujer,4,Mayor a 12 SMLMV y menor o igual a 25 SMLMV,695.76,20,20,2024-02-02,2024-02-23,34.788
2024-02,Banco Pichincha,1,Menor o igual a 3 SMLMV,247.0,13,11,2024-02-02,2024-02-23,19.0
2024-02,Banco Pichincha,2,Mayor a 3 SMLMV y menor o igual a 6 SMLMV,456.0,24,21,2024-02-02,2024-02-23,19.0
2024-02,Banco Pichincha,3,Mayor a 6 SMLMV y menor o igual a 12 SMLMV,798.0,42,31,2024-02-02,2024-02-23,19.0
2024-02,Banco Pichincha,4,Mayor a 12 SMLMV y menor o igual a 25 SMLMV,1007.0,53,33,2024-02-02,2024-02-23,19.0
2024-02,Banco Popular,1,Menor o igual a 3 SMLMV,194.84,6,6,2024-02-02,2024-02-16,32.473333333333336
2024-02,Banco Popular,2,Mayor a 3 SMLMV y menor o igual a 6 SMLMV,1244.92,38,36,2024-02-02,2024-02-23,32.76105263157895
2024-02,Banco Popular,3,Mayor a 6 SMLMV y menor o igual a 12 SMLMV,1946.26,62,53,2024-02-02,2024-02-23,31.391290322580645
2024-02,Banco Popular,4,Mayor a 12 SMLMV y menor o igual a 25 SMLMV,1616.79,55,41,2024-02-02,2024-02-23,29.396181818181816
2024-02,Banco Popular,5,Mayor a 25 SMLMV y menor o igual a 100 SMLMV,448.12,17,15,2024-02-02,2024-02-23,26.36
2024-02,Banco Popular,6,Mayor a 100 SMLMV,20.98,1,1,2024-02-09,2024-02-09,20.98
2024-02,Banco Serfinanza,1,Menor o igual a 3 SMLMV,3207.91,134,99,2024-02-02,2024-02-23,23.93962686567164
2024-02,Banco Serfinanza,2,Mayor a 3 SMLMV y menor o igual a 6 SMLMV,9197.17,393,228,2024-02-02,2024-02-23,23.402468193384223
2024-02,Banco Serfinanza,3,Mayor a 6 SMLMV y menor o igual a 12 SMLMV,1567.5,62,50,2024-02-02,2024-02-23,25.282258064516128
2024-02,Banco Serfinanza,4,Mayor a 12 SMLMV y menor o igual a 25 SMLMV,562.28,23,23,2024-02-02,2024-02-23,24.44695652173913
2024-02,Banco Serfinanza,5,Mayor a 25 SMLMV y menor o igual a 100 SMLMV,220.61,10,10,2024-02-02,2024-02-23,22.061
2024-02,Banco Unión,1,Menor o igual a 3 SMLMV,104.39999999999999,3,3,2024-02-02,2024-02-23,34.8
2024-02,Banco Unión,2,Mayor a 3 SMLMV y menor o igual a 6 SMLMV,174.0,5,5,2024-02-09,2024-02-23,34.8
2024-02,Banco Unión,3,Mayor a 6 SMLMV y menor o igual a 12 SMLMV,139.2,4,4,2024-02-02,2024-02-23,34.8
2024-02,Banco Unión,4,Mayor a 12 SMLMV y menor o igual a 25 SMLMV,34.8,1,1,2024-02-23,2024-02-23,34.8
2024-02,Banco Unión,6,Mayor a 100 SMLMV,18.75,1,1,2024-02-16,2024-02-16,18.75
2024-02,Banco de Bogotá,1,Menor o igual a 3 SMLMV,311028.62,9180,4021,2024-02-02,2024-02-23,33.88111328976035
2024-02,Banco de Bogotá,2,Mayor a 3 SMLMV y menor o igual a 6 SMLMV,261078.34,7832,3339,2024-02-02,2024-02-23,33.33482379979571
2024-02,Banco de Bogotá,3,Mayor a 6 SMLMV y menor o igual a 12 SMLMV,185710.12,5747,2336,2024-02-02,2024-02-23,32.314271793979465
2024-02,Banco de Bogotá,4,Mayor a 12 SMLMV y menor o igual a 25 SMLMV,76683.51,2599,1250,2024-02-02,2024-02-23,29.505005771450556
2024-02,Banco de Bogotá,5,Mayor a 25 SMLMV y menor o igual a 100 SMLMV,48521.61,1947,1049,2024-02-02,2024-02-23,24.921217257318954
2024-02,Banco de Bogotá,6,Mayor a 100 SMLMV,3085.58,167,124,2024-02-02,2024-02-23,18.476526946107786
2024-02,Banco de Occidente,1,Menor o igual a 3 SMLMV,2134.25,69,61,2024-02-02,2024-02-23,30.931159420289855
2024-02,Banco de Occidente,2,Mayor a 3 SMLMV y menor o igual a 6 SMLMV,5076.26,166,129,2024-02-02,2024-02-23,30.57987951807229
2024-02,Banco de Occidente,3,Mayor a 6 SMLMV y menor o igual a 12 SMLMV,13681.39,447,255,2024-02-02,2024-02-23,30.607136465324384
2024-02,Banco de Occidente,4,Mayor a 12 SMLMV y menor o igual a 25 SMLMV,20789.35,715,327,2024-02-02,2024-02-23,29.076013986013983
2024-02,Banco de Occidente,5,Mayor a 25 SMLMV y menor o igual a 100 SMLMV,37530.96,1466,591,2024-02-02,2024-02-23,25.600927694406547
2024-02,Banco de Occidente,6,Mayor a 100 SMLMV,3951.66,175,110,2024-02-02,2024-02-23,22.580914285714286
2024-02,Bancolombia,1,Menor o igual a 3 SMLMV,336110.65,10458,3332,2024-02-02,2024-02-23,32.13909447313062
2024-02,Bancolombia,2,Mayor a 3 SMLMV y menor o igual a 6 SMLMV,117316.57,4026,1652,2024-02-02,2024-02-23,29.139734227521114
2024-02,Bancolombia,3,Mayor a 6 SMLMV y menor o igual a 12 SMLMV,142398.97,5048,1745,2024-02-02,2024-02-23,28.208987717908084
2024-02,Bancolombia,4,Mayor a 12 SMLMV y menor o igual a 25 SMLMV,126247.9,4650,1654,2024-02-02,2024-02-23,27.150086021505373
2024-02,Bancolombia,5,Mayor a 25 SMLMV y menor o igual a 100 SMLMV,104248.3,4088,1893,2024-02-02,2024-02-23,25.501051859099807
2024-02,Bancolombia,6,Mayor a 100 SMLMV,10279.94,443,343,2024-02-02,2024-02-23,23.205282167042892
2024-02,Bancoomeva,1,Menor o igual a 3 SMLMV,1904.37,65,65,2024-02-02,2024-02-23,29.298
2024-02,Bancoomeva,2,Mayor a 3 SMLMV y menor o igual a 6 SMLMV,3312.2599999999998,116,110,2024-02-02,2024-02-23,28.553965517241377
2024-02,Bancoomeva,3,Mayor a 6 SMLMV y menor o igual a 12 SMLMV,8105.58,282,236,2024-02-02,2024-02-23,28.743191489361703
2024-02,Bancoomeva,4,Mayor a 12 SMLMV y menor o igual a 25 SMLMV,8088.98,284,237,2024-02-02,2024-02-23,28.48232394366197
2024-02,Bancoomeva,5,Mayor a 25 SMLMV y menor o igual a 100 SMLMV,7633.51,263,238,2024-02-02,2024-02-23,29.02475285171103
2024-02,Bancoomeva,6,Mayor a 100 SMLMV,129.47,5,5,2024-02-09,2024-02-23,25.894
2024-02,Coopcentral,1,Menor o igual a 3 SMLMV,50.0,2,2,2024-02-02,2024-02-09,25.0
2024-02,Coopcentral,2,Mayor a 3 SMLMV y menor o igual a 6 SMLMV,28.0,1,1,2024-02-09,2024-02-09,28.0
2024-02,Coopcentral,3,Mayor a 6 SMLMV y menor o igual a 12 SMLMV,58.0,2,2,2024-02-02,2024-02-23,29.0
2024-02,Coopcentral,4,Mayor a 12 SMLMV y menor o igual a 25 SMLMV,45.5,2,2,2024-02-09,2024-02-23,22.75
2024-02,Coopcentral,5,Mayor a 25 SMLMV y menor o igual a 100 SMLMV,39.0,2,2,2024-02-09,2024-02-16,19.5
2024-02,Coopcentral,6,Mayor a 100 SMLMV,14.0,1,1,2024-02-09,2024-02-09,14.0
2024-02,Finandina,1,Menor o igual a 3 SMLMV,65.38,2,2,2024-02-23,2024-02-23,32.69
2024-02,Finandina,2,Mayor a 3 SMLMV y menor o igual a 6 SMLMV,2241.08,69,63,2024-02-02,2024-02-23,32.47942028985507
2024-02,Finandina,3,Mayor a 6 SMLMV y menor o igual a 12 SMLMV,6426.87,201,156,2024-02-02,2024-02-23,31.974477611940298
2024-02,Finandina,4,Mayor a 12 SMLMV y menor o igual a 25 SMLMV,6993.54,238,179,2024-02-02,2024-02-23,29.384621848739496
2024-02,Finandina,5,Mayor a 25 SMLMV y menor o igual a 100 SMLMV,778.02,31,28,2024-02-02,2024-02-16,25.09741935483871
2024-02,Itaú,1,Menor o igual a 3 SMLMV,156.42000000000002,6,6,2024-02-02,2024-02-23,26.070000000000004
2024-02,Itaú,2,Mayor a 3 SMLMV y menor o igual a 6 SMLMV,904.36,34,31,2024-02-02,2024-02-23,26.598823529411764
2024-02,Itaú,3,Mayor a 6 SMLMV y menor o igual a 12 SMLMV,3598.4700000000003,136,85,2024-02-02,2024-02-23,26.45933823529412
2024-02,Itaú,4,Mayor a 12 SMLMV y menor o igual a 25 SMLMV,6962.2300000000005,267,133,2024-02-02,2024-02-23,26.075767790262173
2024-02,Itaú,5,Mayor a 25 SMLMV y menor o igual a 100 SMLMV,12758.82,513,290,2024-02-02,2024-02-23,24.870994152046784
2024-02,Itaú,6,Mayor a 100 SMLMV,3560.94,150,111,2024-02-02,2024-02-23,23.7396
2024-02,Lulo Bank,1,Menor o igual a 3 SMLMV,15135.94,495,334,2024-02-02,2024-02-23,30.577656565656568
2024-02,Lulo Bank,2,Mayor a 3 SMLMV y menor o igual a 6 SMLMV,9562.289999999999,343,218,2024-02-02,2024-02-23,27.878396501457722
2024-02,Lulo Bank,3,Mayor a 6 SMLMV y menor o igual a 12 SMLMV,15053.460000000001,538,276,2024-02-02,2024-02-23,27.980408921933087
2024-02,Lulo Bank,4,Mayor a 12 SMLMV y menor o igual a 25 SMLMV,8720.33,321,177,2024-02-02,2024-02-23,27.16613707165109
2024-02,Lulo Bank,5,Mayor a 25 SMLMV y menor o igual a 100 SMLMV,3346.41,126,86,2024-02-02,2024-02-23,26.558809523809522
2024-02,MiBanco,1,Menor o igual a 3 SMLMV,138.68,4,4,2024-02-02,2024-02-23,34.67
2024-02,MiBanco,2,Mayor a 3 SMLMV y menor o igual a 6 SMLMV,34.67,1,1,2024-02-16,2024-02-16,34.67
2024-02,MiBanco,3,Mayor a 6 SMLMV y menor o igual a 12 SMLMV,34.67,1,1,2024-02-09,2024-02-09,34.67
2024-03,BBVA Colombia,1,Menor o igual a 3 SMLMV,30727.24,969,526,2024-03-01,2024-03-29,31.71025799793602
2024-03,BBVA Colombia,2,Mayor a 3 SMLMV y menor o igual a 6 SMLMV,31287.29,998,535,2024-03-01,2024-03-29,31.349989979959922
2024-03,BBVA Colombia,3,Mayor a 6 SMLMV y menor o igual a 12 SMLMV,40026.74,1297,670,2024-03-01,2024-03-29,30.86101773323053
2024-03,BBVA Colombia,4,Mayor a 12 SMLMV y menor o igual a 25 SMLMV,33011.92,1107,596,2024-03-01,2024-03-29,29.82106594399277
2024-03,BBVA Colombia,5,Mayor a 25 SMLMV y menor o igual a 100 SMLMV,21831.68,822,553,2024-03-01,2024-03-29,26.559221411192215
2024-03,BBVA Colombia,6,Mayor a 100 SMLMV,947.23,44,43,2024-03-01,2024-03-29,21.527954545454545
2024-03,Bancien,1,Menor o igual a 3 SMLMV,998.5799999999999,30,29,2024-03-01,2024-03-29,33.285999999999994
2024-03,Bancien,2,Mayor a 3 SMLMV y menor o igual a 6 SMLMV,5889.69,177,139,2024-03-01,2024-03-29,33.27508474576271
2024-03,Bancien,3,Mayor a 6 SMLMV y menor o igual a 12 SMLMV,8484.779999999999,255,180,2024-03-01,2024-03-29,33.27364705882353
2024-03,Banco AV Villas,1,Menor o igual a 3 SMLMV,3170.24,110,100,2024-03-01,2024-03-29,28.820363636363634
2024-03,Banco AV Villas,2,Mayor a 3 SMLMV y menor o igual a 6 SMLMV,5724.4,198,165,2024-03-01,2024-03-29,28.911111111111108
2024-03,Banco AV Villas,3,Mayor a 6 SMLMV y menor o igual a 12 SMLMV,6582.99,242,203,2024-03-01,2024-03-29,27.202438016528923
2024-03,Banco AV Villas,4,Mayor a 12 SMLMV y menor o igual a 25 SMLMV,4238.11,174,129,2024-03-01,2024-03-29,24.356954022988504
2024-03,Banco AV Villas,5,Mayor a 25 SMLMV y menor o igual a 100 SMLMV,4707.9,211,149,2024-03-01,2024-03-29,22.312322274881513
2024-03,Banco AV Villas,6,Mayor a 100 SMLMV,489.66,22,21,2024-03-01,2024-03-29,22.257272727272728
2024-03,Banco Agrario,1,Menor o igual a 3 SMLMV,1045.31,35,35,2024-03-01,2024-03-29,29.866
2024-03,Banco Agrario,2,Mayor a 3 SMLMV y menor o igual a 6 SMLMV,3034.34,104,104,2024-03-01,2024-03-29,29.176346153846154
2024-03,Banco Agrario,3,Mayor a 6 SMLMV y menor o igual a 12 SMLMV,3105.96,111,111,2024-03-01,2024-03-29,27.98162162162162
2024-03,Banco Agrario,4,Mayor a 12 SMLMV y menor o igual a 25 SMLMV,1226.75,48,48,2024-03-01,2024-03-29,25.557291666666668
2024-03,Banco Agrario,5,Mayor a 25 SMLMV y menor o igual a 100 SMLMV,370.89,15,15,2024-03-01,2024-03-29,24.726
2024-03,Banco Caja Social,1,Menor o igual a 3 SMLMV,69241.45999999999,2098,1562,2024-03-01,2024-03-29,33.003555767397515
2024-03,Banco Caja Social,2,Mayor a 3 SMLMV y menor o igual a 6 SMLMV,44717.21,1413,1049,2024-03-01,2024-03-29,31.646999292285916
2024-03,Banco Caja Social,3,Mayor a 6 SMLMV y menor o igual a 12 SMLMV,31973.59,1107,775,2024-03-01,2024-03-29,28.88309846431798
2024-03,Banco Caja Social,4,Mayor a 12 SMLMV y menor o igual a 25 SMLMV,9045.210000000001,346,255,2024-03-01,2024-03-29,26.142225433526015
2024-03,Banco Caja Social,5,Mayor a 25 SMLMV y menor o igual a 100 SMLMV,2365.51,102,91,2024-03-01,2024-03-29,23.191274509803925
2024-03,Banco Caja Social,6,Mayor a 100 SMLMV,40.75,2,2,2024-03-22,2024-03-29,20.375
2024-03,Banco Contactar,1,Menor o igual a 3 SMLMV,19380.6,582,541,2024-03-08,2024-03-29,33.3
2024-03,Banco Contactar,2,Mayor a 3 SMLMV y menor o igual a 6 SMLMV,8658.0,260,238,2024-03-08,2024-03-29,33.3
2024-03,Banco Contactar,3,Mayor a 6 SMLMV y menor o igual a 12 SMLMV,1098.8999999999999,33,33,2024-03-08,2024-03-29,33.3
2024-03,Banco Contactar,4,Mayor a 12 SMLMV y menor o igual a 25 SMLMV,99.89999999999999,3,3,2024-03-15,2024-03-29,33.3
2024-03,Banco Davibank,1,Menor o igual a 3 SMLMV,2757.68,84,84,2024-03-01,2024-03-29,32.829523809523806
2024-03,Banco Davibank,2,Mayor a 3 SMLMV y menor o igual a 6 SMLMV,8577.779999999999,264,260,2024-03-01,2024-03-29,32.4915909090909
2024-03,Banco Davibank,3,Mayor a 6 SMLMV y menor o igual a 12 SMLMV,18751.59,584,559,2024-03-01,2024-03-29,32.10888698630137
2024-03,Banco Davibank,4,Mayor a 12 SMLMV y menor o igual a 25 SMLMV,31488.85,1003,877,2024-03-01,2024-03-29,31.39466600199402
2024-03,Banco Davibank,5,Mayor a 25 SMLMV y menor o igual a 100 SMLMV,52502.37,1780,992,2024-03-01,2024-03-29,29.49571348314607
2024-03,Banco Davibank,6,Mayor a 100 SMLMV,108424.71,3862,244,2024-03-01,2024-03-29,28.07475660279648
2024-03,Banco Davivienda,1,Menor o igual a 3 SMLMV,203665.19,6964,2202,2024-03-01,2024-03-29,29.245432222860426
2024-03,Banco Davivienda,2,Mayor a 3 SMLMV y menor o igual a 6 SMLMV,170173.66,5902,2425,2024-03-01,2024-03-29,28.83321924771264
2024-03,Banco Davivienda,3,Mayor a 6 SMLMV y menor o igual a 12 SMLMV,147958.82,5183,2026,2024-03-01,2024-03-29,28.54694578429481
2024-03,Banco Davivienda,4,Mayor a 12 SMLMV y menor o igual a 25 SMLMV,93240.23,3453,1467,2024-03-01,2024-03-29,27.002673037938024
2024-03,Banco Davivienda,5,Mayor a 25 SMLMV y menor o igual a 100 SMLMV,34534.39,1397,745,2024-03-01,2024-03-29,24.7203937007874
2024-03,Banco Davivienda,6,Mayor a 100 SMLMV,210.21,10,9,2024-03-15,2024-03-29,21.021
2024-03,Banco Falabella,1,Menor o igual a 3 SMLMV,167188.34999999998,5106,1515,2024-03-01,2024-03-29,32.74350763807285
2024-03,Banco Falabella,2,Mayor a 3 SMLMV y menor o igual a 6 SMLMV,183184.69999999998,5555,1328,2024-03-01,2024-03-29,32.976543654365436
2024-03,Banco Falabella,3,Mayor a 6 SMLMV y menor o igual a 12 SMLMV,25820.62,867,555,2024-03-01,2024-03-29,29.78156862745098
2024-03,Banco Falabella,4,Mayor a 12 SMLMV y menor o igual a 25 SMLMV,15362.02,534,396,2024-03-01,2024-03-29,28.767827715355807
2024-03,Banco Falabella,5,Mayor a 25 SMLMV y menor o igual a 100 SMLMV,4546.43,168,148,2024-03-01,2024-03-29,27.062083333333334
2024-03,Banco GNB Sudameris,2,Mayor a 3 SMLMV y menor o igual a 6 SMLMV,26.22,1,1,2024-03-22,2024-03-22,26.22
2024-03,Banco GNB Sudameris,3,Mayor a 6 SMLMV y menor o igual a 12 SMLMV,50.58,2,2,2024-03-22,2024-03-22,25.29
2024-03,Banco GNB Sudameris,5,Mayor a 25 SMLMV y menor o igual a 100 SMLMV,71.14,3,3,2024-03-15,2024-03-15,23.713333333333335
2024-03,Banco Mundo Mujer,1,Menor o igual a 3 SMLMV,165128.27,4926,2931,2024-03-01,2024-03-29,33.52177628907836
2024-03,Banco Mundo Mujer,2,Mayor a 3 SMLMV y menor o igual a 6 SMLMV,76640.76999999999,2283,1363,2024-03-01,2024-03-29,33.5702014892685
2024-03,Banco Mundo Mujer,3,Mayor a 6 SMLMV y menor o igual a 12 SMLMV,24440.88,729,554,2024-03-01,2024-03-29,33.52658436213992
2024-03,Banco Mundo Mujer,4,Mayor a 12 SMLMV y menor o igual a 25 SMLMV,936.8199999999999,28,28,2024-03-01,2024-03-29,33.457857142857144
2024-03,Banco Pichincha,1,Menor o igual a 3 SMLMV,304.0,16,14,2024-03-01,2024-03-22,19.0
2024-03,Banco Pichincha,2,Mayor a 3 SMLMV y menor o igual a 6 SMLMV,399.0,21,19,2024-03-01,2024-03-22,19.0
2024-03,Banco Pichincha,3,Mayor a 6 SMLMV y menor o igual a 12 SMLMV,285.0,15,13,2024-03-01,2024-03-22,19.0
2024-03,Banco Pichincha,4,Mayor a 12 SMLMV y menor o igual a 25 SMLMV,627.0,33,26,2024-03-01,2024-03-22,19.0
2024-03,Banco Popular,1,Menor o igual a 3 SMLMV,424.92,13,12,2024-03-01,2024-03-29,32.68615384615385
2024-03,Banco Popular,2,Mayor a 3 SMLMV y menor o igual a 6 SMLMV,908.18,28,23,2024-03-01,2024-03-22,32.434999999999995
2024-03,Banco Popular,3,Mayor a 6 SMLMV y menor o igual a 12 SMLMV,1655.28,54,43,2024-03-01,2024-03-22,30.653333333333332
2024-03,Banco Popular,4,Mayor a 12 SMLMV y menor o igual a 25 SMLMV,1320.31,46,32,2024-03-01,2024-03-29,28.702391304347824
2024-03,Banco Popular,5,Mayor a 25 SMLMV y menor o igual a 100 SMLMV,145.49,5,4,2024-03-01,2024-03-22,29.098000000000003
2024-03,Banco Serfinanza,1,Menor o igual a 3 SMLMV,1937.67,82,73,2024-03-01,2024-03-29,23.630121951219515
2024-03,Banco Serfinanza,2,Mayor a 3 SMLMV y menor o igual a 6 SMLMV,5854.67,249,169,2024-03-01,2024-03-29,23.51273092369478
2024-03,Banco Serfinanza,3,Mayor a 6 SMLMV y menor o igual a 12 SMLMV,1170.25,44,40,2024-03-01,2024-03-29,26.59659090909091
2024-03,Banco Serfinanza,4,Mayor a 12 SMLMV y menor o igual a 25 SMLMV,758.66,30,27,2024-03-01,2024-03-29,25.288666666666664
2024-03,Banco Serfinanza,5,Mayor a 25 SMLMV y menor o igual a 100 SMLMV,228.12,10,10,2024-03-01,2024-03-29,22.812
2024-03,Banco Serfinanza,6,Mayor a 100 SMLMV,23.87,1,1,2024-03-22,2024-03-22,23.87
2024-03,Banco Unión,1,Menor o igual a 3 SMLMV,132.54,4,4,2024-03-01,2024-03-22,33.135
2024-03,Banco Unión,2,Mayor a 3 SMLMV y menor o igual a 6 SMLMV,33.08,1,1,2024-03-15,2024-03-15,33.08
2024-03,Banco Unión,3,Mayor a 6 SMLMV y menor o igual a 12 SMLMV,165.83999999999997,5,5,2024-03-01,2024-03-29,33.16799999999999
2024-03,Banco Unión,4,Mayor a 12 SMLMV y menor o igual a 25 SMLMV,99.46,3,3,2024-03-01,2024-03-08,33.15333333333333
2024-03,Banco Unión,5,Mayor a 25 SMLMV y menor o igual a 100 SMLMV,51.83,2,2,2024-03-08,2024-03-29,25.915
2024-03,Banco Unión,6,Mayor a 100 SMLMV,18.75,1,1,2024-03-15,2024-03-15,18.75
2024-03,Banco de Bogotá,1,Menor o igual a 3 SMLMV,405526.63,12462,5076,2024-03-01,2024-03-29,32.54105520783181
2024-03,Banco de Bogotá,2,Mayor a 3 SMLMV y menor o igual a 6 SMLMV,294325.5,9143,3632,2024-03-01,2024-03-29,32.19134857267855
2024-03,Banco de Bogotá,3,Mayor a 6 SMLMV y menor o igual a 12 SMLMV,202068.57,6434,2639,2024-03-01,2024-03-29,31.406367733913584
2024-03,Banco de Bogotá,4,Mayor a 12 SMLMV y menor o igual a 25 SMLMV,87200.04,3019,1406,2024-03-01,2024-03-29,28.883749585955613
2024-03,Banco de Bogotá,5,Mayor a 25 SMLMV y menor o igual a 100 SMLMV,60969.92,2506,1374,2024-03-01,2024-03-29,24.329577015163608
2024-03,Banco de Bogotá,6,Mayor a 100 SMLMV,3517.66,188,144,2024-03-01,2024-03-29,18.71095744680851
2024-03,Banco de Occidente,1,Menor o igual a 3 SMLMV,1932.28,64,59,2024-03-01,2024-03-29,30.191875
2024-03,Banco de Occidente,2,Mayor a 3 SMLMV y menor o igual a 6 SMLMV,4846.29,161,149,2024-03-01,2024-03-29,30.101180124223603
2024-03,Banco de Occidente,3,Mayor a 6 SMLMV y menor o igual a 12 SMLMV,12599.19,426,296,2024-03-01,2024-03-29,29.575563380281693
2024-03,Banco de Occidente,4,Mayor a 12 SMLMV y menor o igual a 25 SMLMV,24300.21,850,408,2024-03-01,2024-03-29,28.588482352941174
2024-03,Banco de Occidente,5,Mayor a 25 SMLMV y menor o igual a 100 SMLMV,46434.63,1846,726,2024-03-01,2024-03-29,25.154187432286022
2024-03,Banco de Occidente,6,Mayor a 100 SMLMV,5010.37,220,144,2024-03-01,2024-03-29,22.774409090909092
2024-03,Bancolombia,1,Menor o igual a 3 SMLMV,339830.59,11073,3700,2024-03-01,2024-03-29,30.69001986814775
2024-03,Bancolombia,2,Mayor a 3 SMLMV y menor o igual a 6 SMLMV,122925.35,4310,1767,2024-03-01,2024-03-29,28.520962877030165
2024-03,Bancolombia,3,Mayor a 6 SMLMV y menor o igual a 12 SMLMV,162622.98,5881,2006,2024-03-01,2024-03-29,27.652266621322905
2024-03,Bancolombia,4,Mayor a 12 SMLMV y menor o igual a 25 SMLMV,149230.87,5572,2004,2024-03-01,2024-03-29,26.78228104809763
2024-03,Bancolombia,5,Mayor a 25 SMLMV y menor o igual a 100 SMLMV,124701.14,4952,2265,2024-03-01,2024-03-29,25.181974959612276
2024-03,Bancolombia,6,Mayor a 100 SMLMV,15534.74,668,497,2024-03-01,2024-03-29,23.25559880239521
2024-03,Bancoomeva,1,Menor o igual a 3 SMLMV,2956.94,103,95,2024-03-01,2024-03-29,28.708155339805824
2024-03,Bancoomeva,2,Mayor a 3 SMLMV y menor o igual a 6 SMLMV,6324.01,222,197,2024-03-01,2024-03-29,28.486531531531533
2024-03,Bancoomeva,3,Mayor a 6 SMLMV y menor o igual a 12 SMLMV,14719.43,528,371,2024-03-01,2024-03-29,27.877708333333334
2024-03,Bancoomeva,4,Mayor a 12 SMLMV y menor o igual a 25 SMLMV,21903.43,794,491,2024-03-01,2024-03-29,27.5861838790932
2024-03,Bancoomeva,5,Mayor a 25 SMLMV y menor o igual a 100 SMLMV,18743.07,680,477,2024-03-01,2024-03-29,27.56333823529412
2024-03,Bancoomeva,6,Mayor a 100 SMLMV,236.62,9,8,2024-03-01,2024-03-29,26.29111111111111
2024-03,Coopcentral,1,Menor o igual a 3 SMLMV,28.0,1,1,2024-03-15,2024-03-15,28.0
2024-03,Coopcentral,2,Mayor a 3 SMLMV y menor o igual a 6 SMLMV,44.0,2,2,2024-03-01,2024-03-29,22.0
2024-03,Coopcentral,3,Mayor a 6 SMLMV y menor o igual a 12 SMLMV,42.0,2,2,2024-03-22,2024-03-22,21.0
2024-03,Coopcentral,4,Mayor a 12 SMLMV y menor o igual a 25 SMLMV,99.5,4,4,2024-03-01,2024-03-15,24.875
2024-03,Coopcentral,5,Mayor a 25 SMLMV y menor o igual a 100 SMLMV,82.2,5,5,2024-03-01,2024-03-29,16.44
2024-03,Finandina,1,Menor o igual a 3 SMLMV,82.92,3,3,2024-03-08,2024-03-22,27.64
2024-03,Finandina,2,Mayor a 3 SMLMV y menor o igual a 6 SMLMV,1512.6299999999999,52,45,2024-03-01,2024-03-29,29.089038461538458
2024-03,Finandina,3,Mayor a 6 SMLMV y menor o igual a 12 SMLMV,5591.53,208,168,2024-03-01,2024-03-29,26.882355769230767
2024-03,Finandina,4,Mayor a 12 SMLMV y menor o igual a 25 SMLMV,9011.73,368,284,2024-03-01,2024-03-29,24.488396739130433
2024-03,Finandina,5,Mayor a 25 SMLMV y menor o igual a 100 SMLMV,533.02,23,21,2024-03-01,2024-03-29,23.17478260869565
2024-03,Itaú,1,Menor o igual a 3 SMLMV,71.61,3,3,2024-03-01,2024-03-22,23.87
2024-03,Itaú,2,Mayor a 3 SMLMV y menor o igual a 6 SMLMV,1072.99,39,37,2024-03-01,2024-03-29,27.512564102564102
2024-03,Itaú,3,Mayor a 6 SMLMV y menor o igual a 12 SMLMV,3294.67,125,88,2024-03-01,2024-03-29,26.35736
2024-03,Itaú,4,Mayor a 12 SMLMV y menor o igual a 25 SMLMV,5752.66,225,122,2024-03-01,2024-03-29,25.56737777777778
2024-03,Itaú,5,Mayor a 25 SMLMV y menor o igual a 100 SMLMV,13171.460000000001,544,316,2024-03-01,2024-03-29,24.212242647058826
2024-03,Itaú,6,Mayor a 100 SMLMV,3296.7000000000003,143,116,2024-03-01,2024-03-29,23.053846153846155
2024-03,Lulo Bank,1,Menor o igual a 3 SMLMV,54057.159999999996,1710,810,2024-03-01,2024-03-29,31.612374269005844
2024-03,Lulo Bank,2,Mayor a 3 SMLMV y menor o igual a 6 SMLMV,22612.21,783,403,2024-03-01,2024-03-29,28.878939974457214
2024-03,Lulo Bank,3,Mayor a 6 SMLMV y menor o igual a 12 SMLMV,24635.13,878,429,2024-03-01,2024-03-29,28.058234624145786
2024-03,Lulo Bank,4,Mayor a 12 SMLMV y menor o igual a 25 SMLMV,12878.93,472,237,2024-03-01,2024-03-29,27.285868644067797
2024-03,Lulo Bank,5,Mayor a 25 SMLMV y menor o igual a 100 SMLMV,4678.03,180,104,2024-03-01,2024-03-29,25.989055555555556
2024-03,MiBanco,1,Menor o igual a 3 SMLMV,132.0,4,4,2024-03-15,2024-03-29,33.0
2024-03,MiBanco,2,Mayor a 3 SMLMV y menor o igual a 6 SMLMV,33.0,1,1,2024-03-22,2024-03-22,33.0
2024-03,MiBanco,3,Mayor a 6 SMLMV y menor o igual a 12 SMLMV,66.0,2,2,2024-03-15,2024-03-22,33.0
2024-04,BBVA Colombia,1,Menor o igual a 3 SMLMV,22402.46,782,396,2024-04-05,2024-04-26,28.647647058823527
2024-04,BBVA Colombia,2,Mayor a 3 SMLMV y menor o igual a 6 SMLMV,22531.61,813,465,2024-04-05,2024-04-26,27.714157441574418
2024-04,BBVA Colombia,3,Mayor a 6 SMLMV y menor o igual a 12 SMLMV,27177.4,1001,549,2024-04-05,2024-04-26,27.150249750249753
2024-04,BBVA Colombia,4,Mayor a 12 SMLMV y menor o igual a 25 SMLMV,21049.11,786,458,2024-04-05,2024-04-26,26.780038167938933
2024-04,BBVA Colombia,5,Mayor a 25 SMLMV y menor o igual a 100 SMLMV,14490.85,585,399,2024-04-05,2024-04-26,24.77068376068376
2024-04,BBVA Colombia,6,Mayor a 100 SMLMV,906.8199999999999,45,42,2024-04-05,2024-04-26,20.151555555555554
2024-04,Bancien,1,Menor o igual a 3 SMLMV,761.07,23,21,2024-04-05,2024-04-26,33.09
2024-04,Bancien,2,Mayor a 3 SMLMV y menor o igual a 6 SMLMV,3706.0800000000004,112,85,2024-04-05,2024-04-26,33.09
2024-04,Bancien,3,Mayor a 6 SMLMV y menor o igual a 12 SMLMV,4864.2300000000005,147,110,2024-04-05,2024-04-26,33.09
2024-04,Banco AV Villas,1,Menor o igual a 3 SMLMV,3515.42,125,115,2024-04-05,2024-04-26,28.12336
2024-04,Banco AV Villas,2,Mayor a 3 SMLMV y menor o igual a 6 SMLMV,5993.18,213,167,2024-04-05,2024-04-26,28.13699530516432
2024-04,Banco AV Villas,3,Mayor a 6 SMLMV y menor o igual a 12 SMLMV,5880.47,229,163,2024-04-05,2024-04-26,25.678908296943234
2024-04,Banco AV Villas,4,Mayor a 12 SMLMV y menor o igual a 25 SMLMV,4583.42,188,140,2024-04-05,2024-04-26,24.379893617021278
2024-04,Banco AV Villas,5,Mayor a 25 SMLMV y menor o igual a 100 SMLMV,3836.2,175,124,2024-04-05,2024-04-26,21.921142857142858
2024-04,Banco AV Villas,6,Mayor a 100 SMLMV,397.4,18,17,2024-04-05,2024-04-26,22.077777777777776
2024-04,Banco Agrario,1,Menor o igual a 3 SMLMV,813.54,28,28,2024-04-05,2024-04-26,29.055
2024-04,Banco Agrario,2,Mayor a 3 SMLMV y menor o igual a 6 SMLMV,2931.61,101,100,2024-04-05,2024-04-26,29.025841584158417
2024-04,Banco Agrario,3,Mayor a 6 SMLMV y menor o igual a 12 SMLMV,2235.72,83,83,2024-04-05,2024-04-26,26.936385542168672
2024-04,Banco Agrario,4,Mayor a 12 SMLMV y menor o igual a 25 SMLMV,1070.29,43,43,2024-04-05,2024-04-26,24.89046511627907
2024-04,Banco Agrario,5,Mayor a 25 SMLMV y menor o igual a 100 SMLMV,248.1,9,9,2024-04-12,2024-04-26,27.566666666666666
2024-04,Banco Caja Social,1,Menor o igual a 3 SMLMV,61845.420000000006,1923,1420,2024-04-05,2024-04-26,32.16090483619345
2024-04,Banco Caja Social,2,Mayor a 3 SMLMV y menor o igual a 6 SMLMV,43263.63,1409,973,2024-04-05,2024-04-26,30.705202271114263
2024-04,Banco Caja Social,3,Mayor a 6 SMLMV y menor o igual a 12 SMLMV,33344.8,1202,836,2024-04-05,2024-04-26,27.74109816971714
2024-04,Banco Caja Social,4,Mayor a 12 SMLMV y menor o igual a 25 SMLMV,10943.19,439,299,2024-04-05,2024-04-26,24.92753986332574
2024-04,Banco Caja Social,5,Mayor a 25 SMLMV y menor o igual a 100 SMLMV,3232.4500000000003,149,118,2024-04-05,2024-04-26,21.694295302013426
2024-04,Banco Caja Social,6,Mayor a 100 SMLMV,21.25,1,1,2024-04-19,2024-04-19,21.25
2024-04,Banco Contactar,1,Menor o igual a 3 SMLMV,15554.060000000001,470,432,2024-04-05,2024-04-26,33.09374468085107
2024-04,Banco Contactar,2,Mayor a 3 SMLMV y menor o igual a 6 SMLMV,7347.3,222,201,2024-04-05,2024-04-26,33.09594594594595
2024-04,Banco Contactar,3,Mayor a 6 SMLMV y menor o igual a 12 SMLMV,1025.85,31,30,2024-04-05,2024-04-26,33.09193548387096
2024-04,Banco Davibank,1,Menor o igual a 3 SMLMV,2426.7,75,75,2024-04-05,2024-04-26,32.355999999999995
2024-04,Banco Davibank,2,Mayor a 3 SMLMV y menor o igual a 6 SMLMV,6536.03,205,201,2024-04-05,2024-04-26,31.883073170731706
2024-04,Banco Davibank,3,Mayor a 6 SMLMV y menor o igual a 12 SMLMV,19308.03,602,580,2024-04-05,2024-04-26,32.07313953488372
2024-04,Banco Davibank,4,Mayor a 12 SMLMV y menor o igual a 25 SMLMV,32153.2,1023,901,2024-04-05,2024-04-26,31.43030303030303
2024-04,Banco Davibank,5,Mayor a 25 SMLMV y menor o igual a 100 SMLMV,50462.66,1723,896,2024-04-05,2024-04-26,29.287672663958215
2024-04,Banco Davibank,6,Mayor a 100 SMLMV,153826.88,5609,312,2024-04-05,2024-04-26,27.42500980566946
2024-04,Banco Davivienda,1,Menor o igual a 3 SMLMV,157905.71,5377,1759,2024-04-05,2024-04-26,29.36687930072531
2024-04,Banco Davivienda,2,Mayor a 3 SMLMV y menor o igual a 6 SMLMV,135424.31,4781,2037,2024-04-05,2024-04-26,28.325519765739383
2024-04,Banco Davivienda,3,Mayor a 6 SMLMV y menor o igual a 12 SMLMV,124887.56,4543,1818,2024-04-05,2024-04-26,27.49010785824345
2024-04,Banco Davivienda,4,Mayor a 12 SMLMV y menor o igual a 25 SMLMV,77096.93000000001,2992,1294,2024-04-05,2024-04-26,25.767690508021392
2024-04,Banco Davivienda,5,Mayor a 25 SMLMV y menor o igual a 100 SMLMV,38522.95,1707,867,2024-04-05,2024-04-26,22.567633274751024
2024-04,Banco Davivienda,6,Mayor a 100 SMLMV,311.07,16,14,2024-04-05,2024-04-26,19.441875
2024-04,Banco Falabella,1,Menor o igual a 3 SMLMV,102787.31,3212,1112,2024-04-05,2024-04-26,32.0010305105853
2024-04,Banco Falabella,2,Mayor a 3 SMLMV y menor o igual a 6 SMLMV,103075.54,3195,975,2024-04-05,2024-04-26,32.26151486697965
2024-04,Banco Falabella,3,Mayor a 6 SMLMV y menor o igual a 12 SMLMV,25524.94,861,540,2024-04-05,2024-04-26,29.645691056910568
2024-04,Banco Falabella,4,Mayor a 12 SMLMV y menor o igual a 25 SMLMV,14710.59,513,371,2024-04-05,2024-04-26,28.67561403508772
2024-04,Banco Falabella,5,Mayor a 25 SMLMV y menor o igual a 100 SMLMV,3753.95,141,122,2024-04-05,2024-04-26,26.623758865248227
2024-04,Banco GNB Sudameris,2,Mayor a 3 SMLMV y menor o igual a 6 SMLMV,25.96,1,1,2024-04-12,2024-04-12,25.96
2024-04,Banco GNB Sudameris,4,Mayor a 12 SMLMV y menor o igual a 25 SMLMV,49.72,2,2,2024-04-19,2024-04-26,24.86
2024-04,Banco GNB Sudameris,5,Mayor a 25 SMLMV y menor o igual a 100 SMLMV,73.72,3,3,2024-04-05,2024-04-12,24.573333333333334
2024-04,Banco GNB Sudameris,6,Mayor a 100 SMLMV,23.4,1,1,2024-04-19,2024-04-19,23.4
2024-04,Banco Mundo Mujer,1,Menor o igual a 3 SMLMV,127400.36000000002,3855,2369,2024-04-05,2024-04-26,33.04808300907912
2024-04,Banco Mundo Mujer,2,Mayor a 3 SMLMV y menor o igual a 6 SMLMV,65286.44,1975,1084,2024-04-05,2024-04-26,33.056425316455694
2024-04,Banco Mundo Mujer,3,Mayor a 6 SMLMV y menor o igual a 12 SMLMV,21805.14,661,428,2024-04-05,2024-04-26,32.988108925869895
2024-04,Banco Mundo Mujer,4,Mayor a 12 SMLMV y menor o igual a 25 SMLMV,462.27000000000004,14,14,2024-04-05,2024-04-26,33.019285714285715
2024-04,Banco Pichincha,1,Menor o igual a 3 SMLMV,19.0,1,1,2024-04-12,2024-04-12,19.0
2024-04,Banco Pichincha,2,Mayor a 3 SMLMV y menor o igual a 6 SMLMV,19.0,1,1,2024-04-26,2024-04-26,19.0
2024-04,Banco Popular,2,Mayor a 3 SMLMV y menor o igual a 6 SMLMV,120.73,4,4,2024-04-12,2024-04-26,30.1825
2024-04,Banco Popular,3,Mayor a 6 SMLMV y menor o igual a 12 SMLMV,169.16,6,6,2024-04-05,2024-04-26,28.19333333333333
2024-04,Banco Popular,4,Mayor a 12 SMLMV y menor o igual a 25 SMLMV,193.04,7,7,2024-04-05,2024-04-26,27.577142857142857
2024-04,Banco Popular,5,Mayor a 25 SMLMV y menor o igual a 100 SMLMV,75.28999999999999,3,3,2024-04-05,2024-04-26,25.096666666666664
2024-04,Banco Popular,6,Mayor a 100 SMLMV,25.93,1,1,2024-04-05,2024-04-05,25.93
2024-04,Banco Serfinanza,1,Menor o igual a 3 SMLMV,1076.89,51,43,2024-04-05,2024-04-26,21.115490196078433
2024-04,Banco Serfinanza,2,Mayor a 3 SMLMV y menor o igual a 6 SMLMV,3167.38,151,107,2024-04-05,2024-04-26,20.976026490066225
2024-04,Banco Serfinanza,3,Mayor a 6 SMLMV y menor o igual a 12 SMLMV,1365.45,60,55,2024-04-05,2024-04-26,22.7575
2024-04,Banco Serfinanza,4,Mayor a 12 SMLMV y menor o igual a 25 SMLMV,696.44,33,30,2024-04-05,2024-04-26,21.104242424242425
2024-04,Banco Serfinanza,5,Mayor a 25 SMLMV y menor o igual a 100 SMLMV,304.65000000000003,15,15,2024-04-05,2024-04-26,20.310000000000002
2024-04,Banco Serfinanza,6,Mayor a 100 SMLMV,57.91,3,3,2024-04-12,2024-04-26,19.30333333333333
2024-04,Banco Unión,1,Menor o igual a 3 SMLMV,164.60000000000002,5,5,2024-04-05,2024-04-19,32.92
2024-04,Banco Unión,2,Mayor a 3 SMLMV y menor o igual a 6 SMLMV,117.08,4,4,2024-04-05,2024-04-26,29.27
2024-04,Banco Unión,3,Mayor a 6 SMLMV y menor o igual a 12 SMLMV,32.92,1,1,2024-04-12,2024-04-12,32.92
2024-04,Banco Unión,4,Mayor a 12 SMLMV y menor o igual a 25 SMLMV,32.92,1,1,2024-04-05,2024-04-05,32.92
2024-04,Banco Unión,5,Mayor a 25 SMLMV y menor o igual a 100 SMLMV,32.92,1,1,2024-04-12,2024-04-12,32.92
2024-04,Banco de Bogotá,1,Menor o igual a 3 SMLMV,375997.38,11658,4584,2024-04-05,2024-04-26,32.252305712815236
2024-04,Banco de Bogotá,2,Mayor a 3 SMLMV y menor o igual a 6 SMLMV,282845.74,8887,3421,2024-04-05,2024-04-26,31.82690896815573
2024-04,Banco de Bogotá,3,Mayor a 6 SMLMV y menor o igual a 12 SMLMV,191019.55,6149,2479,2024-04-05,2024-04-26,31.065140673280208
2024-04,Banco de Bogotá,4,Mayor a 12 SMLMV y menor o igual a 25 SMLMV,79530.59,2820,1341,2024-04-05,2024-04-26,28.20233687943262
2024-04,Banco de Bogotá,5,Mayor a 25 SMLMV y menor o igual a 100 SMLMV,50472.94,2117,1149,2024-04-05,2024-04-26,23.8417288615966
2024-04,Banco de Bogotá,6,Mayor a 100 SMLMV,3094.0,173,126,2024-04-05,2024-04-26,17.884393063583815
2024-04,Banco de Occidente,1,Menor o igual a 3 SMLMV,1549.53,53,50,2024-04-05,2024-04-26,29.236415094339623
2024-04,Banco de Occidente,2,Mayor a 3 SMLMV y menor o igual a 6 SMLMV,4332.82,152,119,2024-04-05,2024-04-26,28.505394736842103
2024-04,Banco de Occidente,3,Mayor a 6 SMLMV y menor o igual a 12 SMLMV,10742.26,380,242,2024-04-05,2024-04-26,28.269105263157897
2024-04,Banco de Occidente,4,Mayor a 12 SMLMV y menor o igual a 25 SMLMV,18129.53,669,316,2024-04-05,2024-04-26,27.09944693572496
2024-04,Banco de Occidente,5,Mayor a 25 SMLMV y menor o igual a 100 SMLMV,37949.99,1582,621,2024-04-05,2024-04-26,23.98861567635904
2024-04,Banco de Occidente,6,Mayor a 100 SMLMV,4231.43,194,107,2024-04-05,2024-04-26,21.811494845360826
2024-04,Bancolombia,1,Menor o igual a 3 SMLMV,501227.97000000003,16469,4259,2024-04-05,2024-04-26,30.434632946748437
2024-04,Bancolombia,2,Mayor a 3 SMLMV y menor o igual a 6 SMLMV,123598.08,4361,1455,2024-04-05,2024-04-26,28.341683100206374
2024-04,Bancolombia,3,Mayor a 6 SMLMV y menor o igual a 12 SMLMV,160513.88,5808,1661,2024-04-05,2024-04-26,27.636687327823694
2024-04,Bancolombia,4,Mayor a 12 SMLMV y menor o igual a 25 SMLMV,162866.87,6057,1682,2024-04-05,2024-04-26,26.88903252435199
2024-04,Bancolombia,5,Mayor a 25 SMLMV y menor o igual a 100 SMLMV,128705.76,5084,1933,2024-04-05,2024-04-26,25.315845790715972
2024-04,Bancolombia,6,Mayor a 100 SMLMV,13719.4,602,432,2024-04-05,2024-04-26,22.78970099667774
2024-04,Bancoomeva,1,Menor o igual a 3 SMLMV,2307.21,82,73,2024-04-05,2024-04-26,28.13670731707317
2024-04,Bancoomeva,2,Mayor a 3 SMLMV y menor o igual a 6 SMLMV,5496.92,196,152,2024-04-05,2024-04-26,28.045510204081634
2024-04,Bancoomeva,3,Mayor a 6 SMLMV y menor o igual a 12 SMLMV,11950.52,428,303,2024-04-05,2024-04-26,27.92177570093458
2024-04,Bancoomeva,4,Mayor a 12 SMLMV y menor o igual a 25 SMLMV,17625.64,642,390,2024-04-05,2024-04-26,27.454267912772586
2024-04,Bancoomeva,5,Mayor a 25 SMLMV y menor o igual a 100 SMLMV,13340.63,496,366,2024-04-05,2024-04-26,26.8964314516129
2024-04,Bancoomeva,6,Mayor a 100 SMLMV,157.26,6,6,2024-04-19,2024-04-26,26.209999999999997
2024-04,Coopcentral,1,Menor o igual a 3 SMLMV,26.5,1,1,2024-04-12,2024-04-12,26.5
2024-04,Coopcentral,2,Mayor a 3 SMLMV y menor o igual a 6 SMLMV,29.0,1,1,2024-04-05,2024-04-05,29.0
2024-04,Coopcentral,3,Mayor a 6 SMLMV y menor o igual a 12 SMLMV,29.0,1,1,2024-04-05,2024-04-05,29.0
2024-04,Coopcentral,4,Mayor a 12 SMLMV y menor o igual a 25 SMLMV,116.5,5,5,2024-04-05,2024-04-19,23.3
2024-04,Coopcentral,5,Mayor a 25 SMLMV y menor o igual a 100 SMLMV,29.0,1,1,2024-04-26,2024-04-26,29.0
2024-04,Coopcentral,6,Mayor a 100 SMLMV,16.0,1,1,2024-04-26,2024-04-26,16.0
2024-04,Finandina,2,Mayor a 3 SMLMV y menor o igual a 6 SMLMV,881.11,32,30,2024-04-05,2024-04-26,27.5346875
2024-04,Finandina,3,Mayor a 6 SMLMV y menor o igual a 12 SMLMV,3605.5,146,119,2024-04-05,2024-04-26,24.695205479452056
2024-04,Finandina,4,Mayor a 12 SMLMV y menor o igual a 25 SMLMV,6913.23,297,240,2024-04-05,2024-04-26,23.276868686868685
2024-04,Finandina,5,Mayor a 25 SMLMV y menor o igual a 100 SMLMV,784.47,36,31,2024-04-05,2024-04-26,21.790833333333335
2024-04,Itaú,1,Menor o igual a 3 SMLMV,213.45,8,7,2024-04-05,2024-04-26,26.68125
2024-04,Itaú,2,Mayor a 3 SMLMV y menor o igual a 6 SMLMV,1044.3600000000001,37,35,2024-04-05,2024-04-26,28.22594594594595
2024-04,Itaú,3,Mayor a 6 SMLMV y menor o igual a 12 SMLMV,2298.15,87,69,2024-04-05,2024-04-26,26.415517241379312
2024-04,Itaú,4,Mayor a 12 SMLMV y menor o igual a 25 SMLMV,4340.28,170,111,2024-04-05,2024-04-26,25.53105882352941
2024-04,Itaú,5,Mayor a 25 SMLMV y menor o igual a 100 SMLMV,10470.130000000001,424,271,2024-04-05,2024-04-26,24.69370283018868
2024-04,Itaú,6,Mayor a 100 SMLMV,3530.61,152,119,2024-04-05,2024-04-26,23.227697368421055
2024-04,Lulo Bank,1,Menor o igual a 3 SMLMV,30602.11,1347,664,2024-04-05,2024-04-26,22.718715664439497
2024-04,Lulo Bank,2,Mayor a 3 SMLMV y menor o igual a 6 SMLMV,20623.02,795,426,2024-04-05,2024-04-26,25.94090566037736
2024-04,Lulo Bank,3,Mayor a 6 SMLMV y menor o igual a 12 SMLMV,26418.49,992,482,2024-04-05,2024-04-26,26.63154233870968
2024-04,Lulo Bank,4,Mayor a 12 SMLMV y menor o igual a 25 SMLMV,5847.53,247,151,2024-04-05,2024-04-26,23.67421052631579
2024-04,Lulo Bank,5,Mayor a 25 SMLMV y menor o igual a 100 SMLMV,1893.06,80,54,2024-04-05,2024-04-26,23.663249999999998
2024-05,BBVA Colombia,1,Menor o igual a 3 SMLMV,32310.14,1121,613,2024-05-03,2024-05-31,28.822604817127566
2024-05,BBVA Colombia,2,Mayor a 3 SMLMV y menor o igual a 6 SMLMV,38843.97,1369,716,2024-05-03,2024-05-31,28.373973703433165
2024-05,BBVA Colombia,3,Mayor a 6 SMLMV y menor o igual a 12 SMLMV,49618.02,1763,861,2024-05-03,2024-05-31,28.14408394781622
2024-05,BBVA Colombia,4,Mayor a 12 SMLMV y menor o igual a 25 SMLMV,37124.47,1362,753,2024-05-03,2024-05-31,27.257320117474304
2024-05,BBVA Colombia,5,Mayor a 25 SMLMV y menor o igual a 100 SMLMV,26976.829999999998,1058,678,2024-05-03,2024-05-31,25.497948960302455
2024-05,BBVA Colombia,6,Mayor a 100 SMLMV,750.2,35,32,2024-05-03,2024-05-31,21.434285714285714
2024-05,Bancien,1,Menor o igual a 3 SMLMV,912.99,29,24,2024-05-03,2024-05-31,31.482413793103447
2024-05,Bancien,2,Mayor a 3 SMLMV y menor o igual a 6 SMLMV,6560.110000000001,209,158,2024-05-03,2024-05-31,31.388086124401916
2024-05,Bancien,3,Mayor a 6 SMLMV y menor o igual a 12 SMLMV,9540.050000000001,303,221,2024-05-03,2024-05-31,31.48531353135314
2024-05,Banco AV Villas,1,Menor o igual a 3 SMLMV,3874.39,142,117,2024-05-03,2024-05-31,27.28443661971831
2024-05,Banco AV Villas,2,Mayor a 3 SMLMV y menor o igual a 6 SMLMV,5911.33,220,170,2024-05-03,2024-05-31,26.869681818181817
2024-05,Banco AV Villas,3,Mayor a 6 SMLMV y menor o igual a 12 SMLMV,7987.6,312,225,2024-05-03,2024-05-31,25.601282051282052
2024-05,Banco AV Villas,4,Mayor a 12 SMLMV y menor o igual a 25 SMLMV,6115.1900000000005,262,183,2024-05-03,2024-05-31,23.340419847328246
2024-05,Banco AV Villas,5,Mayor a 25 SMLMV y menor o igual a 100 SMLMV,4996.44,235,165,2024-05-03,2024-05-31,21.261446808510637
2024-05,Banco AV Villas,6,Mayor a 100 SMLMV,341.15,18,18,2024-05-03,2024-05-31,18.952777777777776
2024-05,Banco Agrario,1,Menor o igual a 3 SMLMV,978.9,35,35,2024-05-03,2024-05-31,27.968571428571426
2024-05,Banco Agrario,2,Mayor a 3 SMLMV y menor o igual a 6 SMLMV,3664.14,132,131,2024-05-03,2024-05-31,27.758636363636363
2024-05,Banco Agrario,3,Mayor a 6 SMLMV y menor o igual a 12 SMLMV,3812.7,149,149,2024-05-03,2024-05-31,25.588590604026844
2024-05,Banco Agrario,4,Mayor a 12 SMLMV y menor o igual a 25 SMLMV,1468.6200000000001,57,57,2024-05-03,2024-05-31,25.76526315789474
2024-05,Banco Agrario,5,Mayor a 25 SMLMV y menor o igual a 100 SMLMV,473.04,18,18,2024-05-03,2024-05-31,26.28
2024-05,Banco Caja Social,1,Menor o igual a 3 SMLMV,82421.18000000001,2660,1878,2024-05-03,2024-05-31,30.985406015037597
2024-05,Banco Caja Social,2,Mayor a 3 SMLMV y menor o igual a 6 SMLMV,56627.54,1918,1386,2024-05-03,2024-05-31,29.524264859228364
2024-05,Banco Caja Social,3,Mayor a 6 SMLMV y menor o igual a 12 SMLMV,44463.11,1661,1115,2024-05-03,2024-05-31,26.76888019265503
2024-05,Banco Caja Social,4,Mayor a 12 SMLMV y menor o igual a 25 SMLMV,14144.0,590,420,2024-05-03,2024-05-31,23.972881355932202
2024-05,Banco Caja Social,5,Mayor a 25 SMLMV y menor o igual a 100 SMLMV,5262.83,256,213,2024-05-03,2024-05-31,20.5579296875
2024-05,Banco Caja Social,6,Mayor a 100 SMLMV,48.7,3,3,2024-05-24,2024-05-31,16.233333333333334
2024-05,Banco Contactar,1,Menor o igual a 3 SMLMV,10780.27,342,305,2024-05-03,2024-05-31,31.52125730994152
2024-05,Banco Contactar,2,Mayor a 3 SMLMV y menor o igual a 6 SMLMV,7407.45,235,208,2024-05-03,2024-05-31,31.521063829787234
2024-05,Banco Contactar,3,Mayor a 6 SMLMV y menor o igual a 12 SMLMV,535.88,17,17,2024-05-03,2024-05-31,31.52235294117647
2024-05,Banco Davibank,1,Menor o igual a 3 SMLMV,2612.64,84,84,2024-05-03,2024-05-31,31.10285714285714
2024-05,Banco Davibank,2,Mayor a 3 SMLMV y menor o igual a 6 SMLMV,7004.72,228,223,2024-05-03,2024-05-31,30.72245614035088
2024-05,Banco Davibank,3,Mayor a 6 SMLMV y menor o igual a 12 SMLMV,20704.95,678,665,2024-05-03,2024-05-31,30.538274336283187
2024-05,Banco Davibank,4,Mayor a 12 SMLMV y menor o igual a 25 SMLMV,33206.58,1114,977,2024-05-03,2024-05-31,29.80842010771993
2024-05,Banco Davibank,5,Mayor a 25 SMLMV y menor o igual a 100 SMLMV,54816.29,1950,1029,2024-05-03,2024-05-31,28.110917948717947
2024-05,Banco Davibank,6,Mayor a 100 SMLMV,146077.48,5620,312,2024-05-03,2024-05-31,25.99243416370107
2024-05,Banco Davivienda,1,Menor o igual a 3 SMLMV,192709.89,6706,2186,2024-05-03,2024-05-31,28.736935580077546
2024-05,Banco Davivienda,2,Mayor a 3 SMLMV y menor o igual a 6 SMLMV,178758.07,6498,2815,2024-05-03,2024-05-31,27.509706063404124
2024-05,Banco Davivienda,3,Mayor a 6 SMLMV y menor o igual a 12 SMLMV,174287.89,6509,2757,2024-05-03,2024-05-31,26.776446458749426
2024-05,Banco Davivienda,4,Mayor a 12 SMLMV y menor o igual a 25 SMLMV,135493.8,5509,2471,2024-05-03,2024-05-31,24.5949900163369
2024-05,Banco Davivienda,5,Mayor a 25 SMLMV y menor o igual a 100 SMLMV,69176.17,3138,1658,2024-05-03,2024-05-31,22.044668578712557
2024-05,Banco Davivienda,6,Mayor a 100 SMLMV,546.55,29,25,2024-05-03,2024-05-31,18.846551724137928
2024-05,Banco Falabella,1,Menor o igual a 3 SMLMV,185534.49,5983,1992,2024-05-03,2024-05-31,31.010277452782884
2024-05,Banco Falabella,2,Mayor a 3 SMLMV y menor o igual a 6 SMLMV,186432.73,5987,1696,2024-05-03,2024-05-31,31.139590780023386
2024-05,Banco Falabella,3,Mayor a 6 SMLMV y menor o igual a 12 SMLMV,44867.0,1508,919,2024-05-03,2024-05-31,29.7526525198939
2024-05,Banco Falabella,4,Mayor a 12 SMLMV y menor o igual a 25 SMLMV,25200.28,861,595,2024-05-03,2024-05-31,29.26861788617886
2024-05,Banco Falabella,5,Mayor a 25 SMLMV y menor o igual a 100 SMLMV,5534.05,198,174,2024-05-03,2024-05-31,27.949747474747475
2024-05,Banco GNB Sudameris,3,Mayor a 6 SMLMV y menor o igual a 12 SMLMV,49.33,2,2,2024-05-10,2024-05-17,24.665
2024-05,Banco GNB Sudameris,4,Mayor a 12 SMLMV y menor o igual a 25 SMLMV,117.06,5,5,2024-05-03,2024-05-31,23.412
2024-05,Banco GNB Sudameris,5,Mayor a 25 SMLMV y menor o igual a 100 SMLMV,68.37,3,3,2024-05-24,2024-05-31,22.790000000000003
2024-05,Banco Mundo Mujer,1,Menor o igual a 3 SMLMV,136185.93,4300,2686,2024-05-03,2024-05-31,31.671146511627907
2024-05,Banco Mundo Mujer,2,Mayor a 3 SMLMV y menor o igual a 6 SMLMV,74777.35,2362,1299,2024-05-03,2024-05-31,31.658488569009318
2024-05,Banco Mundo Mujer,3,Mayor a 6 SMLMV y menor o igual a 12 SMLMV,24587.75,779,549,2024-05-03,2024-05-31,31.563222079589217
2024-05,Banco Mundo Mujer,4,Mayor a 12 SMLMV y menor o igual a 25 SMLMV,536.07,17,17,2024-05-03,2024-05-31,31.533529411764707
2024-05,Banco Popular,2,Mayor a 3 SMLMV y menor o igual a 6 SMLMV,31.48,1,1,2024-05-31,2024-05-31,31.48
2024-05,Banco Popular,3,Mayor a 6 SMLMV y menor o igual a 12 SMLMV,141.96,5,4,2024-05-10,2024-05-31,28.392000000000003
2024-05,Banco Popular,4,Mayor a 12 SMLMV y menor o igual a 25 SMLMV,171.6,6,6,2024-05-10,2024-05-31,28.599999999999998
2024-05,Banco Popular,5,Mayor a 25 SMLMV y menor o igual a 100 SMLMV,23.43,1,1,2024-05-24,2024-05-24,23.43
2024-05,Banco Popular,6,Mayor a 100 SMLMV,25.93,1,1,2024-05-17,2024-05-17,25.93
2024-05,Banco Santander,1,Menor o igual a 3 SMLMV,0.0,1,1,2024-05-17,2024-05-17,0.0
2024-05,Banco Santander,6,Mayor a 100 SMLMV,21.02,1,1,2024-05-17,2024-05-17,21.02
2024-05,Banco Serfinanza,1,Menor o igual a 3 SMLMV,814.9200000000001,39,36,2024-05-03,2024-05-31,20.895384615384618
2024-05,Banco Serfinanza,2,Mayor a 3 SMLMV y menor o igual a 6 SMLMV,2998.53,140,125,2024-05-03,2024-05-31,21.41807142857143
2024-05,Banco Serfinanza,3,Mayor a 6 SMLMV y menor o igual a 12 SMLMV,1103.95,50,46,2024-05-03,2024-05-31,22.079
2024-05,Banco Serfinanza,4,Mayor a 12 SMLMV y menor o igual a 25 SMLMV,633.4200000000001,30,28,2024-05-03,2024-05-31,21.114
2024-05,Banco Serfinanza,5,Mayor a 25 SMLMV y menor o igual a 100 SMLMV,234.68,11,11,2024-05-03,2024-05-31,21.334545454545456
2024-05,Banco Serfinanza,6,Mayor a 100 SMLMV,62.12,3,3,2024-05-03,2024-05-17,20.706666666666667
2024-05,Banco Unión,1,Menor o igual a 3 SMLMV,93.58,3,3,2024-05-10,2024-05-31,31.19333333333333
2024-05,Banco Unión,2,Mayor a 3 SMLMV y menor o igual a 6 SMLMV,156.32,5,5,2024-05-10,2024-05-31,31.264
2024-05,Banco Unión,3,Mayor a 6 SMLMV y menor o igual a 12 SMLMV,187.32,6,6,2024-05-03,2024-05-31,31.22
2024-05,Banco Unión,4,Mayor a 12 SMLMV y menor o igual a 25 SMLMV,62.95,2,2,2024-05-10,2024-05-24,31.475
2024-05,Banco Unión,5,Mayor a 25 SMLMV y menor o igual a 100 SMLMV,52.35,2,2,2024-05-10,2024-05-17,26.175
2024-05,Banco de Bogotá,1,Menor o igual a 3 SMLMV,418799.82,13545,4801,2024-05-03,2024-05-31,30.919145071982282
2024-05,Banco de Bogotá,2,Mayor a 3 SMLMV y menor o igual a 6 SMLMV,325846.13,10609,3764,2024-05-03,2024-05-31,30.71412291450655
2024-05,Banco de Bogotá,3,Mayor a 6 SMLMV y menor o igual a 12 SMLMV,239282.82,7931,2878,2024-05-03,2024-05-31,30.170573698146516
2024-05,Banco de Bogotá,4,Mayor a 12 SMLMV y menor o igual a 25 SMLMV,89111.86,3175,1393,2024-05-03,2024-05-31,28.066727559055117
2024-05,Banco de Bogotá,5,Mayor a 25 SMLMV y menor o igual a 100 SMLMV,57041.52,2384,1294,2024-05-03,2024-05-31,23.926812080536912
2024-05,Banco de Bogotá,6,Mayor a 100 SMLMV,3443.16,197,153,2024-05-03,2024-05-31,17.477969543147207
2024-05,Banco de Occidente,1,Menor o igual a 3 SMLMV,1775.81,63,59,2024-05-03,2024-05-31,28.187460317460317
2024-05,Banco de Occidente,2,Mayor a 3 SMLMV y menor o igual a 6 SMLMV,4133.28,151,119,2024-05-03,2024-05-31,27.372715231788078
2024-05,Banco de Occidente,3,Mayor a 6 SMLMV y menor o igual a 12 SMLMV,10682.41,398,259,2024-05-03,2024-05-31,26.840226130653267
2024-05,Banco de Occidente,4,Mayor a 12 SMLMV y menor o igual a 25 SMLMV,17785.97,694,345,2024-05-03,2024-05-31,25.62819884726225
2024-05,Banco de Occidente,5,Mayor a 25 SMLMV y menor o igual a 100 SMLMV,43665.13,1909,711,2024-05-03,2024-05-31,22.87330015715034
2024-05,Banco de Occidente,6,Mayor a 100 SMLMV,5924.68,284,168,2024-05-03,2024-05-31,20.861549295774648
2024-05,Bancolombia,1,Menor o igual a 3 SMLMV,697348.59,23385,6265,2024-05-03,2024-05-31,29.820337395766515
2024-05,Bancolombia,2,Mayor a 3 SMLMV y menor o igual a 6 SMLMV,156390.91,5589,2034,2024-05-03,2024-05-31,27.981912685632494
2024-05,Bancolombia,3,Mayor a 6 SMLMV y menor o igual a 12 SMLMV,162178.28,6037,1840,2024-05-03,2024-05-31,26.86405168129866
2024-05,Bancolombia,4,Mayor a 12 SMLMV y menor o igual a 25 SMLMV,159976.55,6135,1738,2024-05-03,2024-05-31,26.07604726976365
2024-05,Bancolombia,5,Mayor a 25 SMLMV y menor o igual a 100 SMLMV,130528.53,5351,2169,2024-05-03,2024-05-31,24.39329658007849
2024-05,Bancolombia,6,Mayor a 100 SMLMV,14674.6,667,471,2024-05-03,2024-05-31,22.000899550224887
2024-05,Bancoomeva,1,Menor o igual a 3 SMLMV,2151.92,77,69,2024-05-03,2024-05-31,27.94701298701299
2024-05,Bancoomeva,2,Mayor a 3 SMLMV y menor o igual a 6 SMLMV,5582.7,196,161,2024-05-03,2024-05-31,28.48316326530612
2024-05,Bancoomeva,3,Mayor a 6 SMLMV y menor o igual a 12 SMLMV,13214.62,472,329,2024-05-03,2024-05-31,27.997076271186444
2024-05,Bancoomeva,4,Mayor a 12 SMLMV y menor o igual a 25 SMLMV,18130.79,659,435,2024-05-03,2024-05-31,27.51257966616085
2024-05,Bancoomeva,5,Mayor a 25 SMLMV y menor o igual a 100 SMLMV,15455.17,573,427,2024-05-03,2024-05-31,26.97237347294939
2024-05,Bancoomeva,6,Mayor a 100 SMLMV,335.34000000000003,13,13,2024-05-03,2024-05-31,25.795384615384616
2024-05,Coopcentral,1,Menor o igual a 3 SMLMV,56.0,2,2,2024-05-03,2024-05-31,28.0
2024-05,Coopcentral,2,Mayor a 3 SMLMV y menor o igual a 6 SMLMV,57.0,2,2,2024-05-24,2024-05-31,28.5
2024-05,Coopcentral,3,Mayor a 6 SMLMV y menor o igual a 12 SMLMV,28.0,1,1,2024-05-17,2024-05-17,28.0
2024-05,Coopcentral,5,Mayor a 25 SMLMV y menor o igual a 100 SMLMV,44.0,3,3,2024-05-10,2024-05-31,14.666666666666666
2024-05,Coopcentral,6,Mayor a 100 SMLMV,20.0,1,1,2024-05-03,2024-05-03,20.0
2024-05,Finandina,1,Menor o igual a 3 SMLMV,105.01,4,4,2024-05-17,2024-05-31,26.2525
2024-05,Finandina,2,Mayor a 3 SMLMV y menor o igual a 6 SMLMV,1240.89,47,47,2024-05-03,2024-05-31,26.401914893617022
2024-05,Finandina,3,Mayor a 6 SMLMV y menor o igual a 12 SMLMV,5122.53,208,168,2024-05-03,2024-05-31,24.627548076923077
2024-05,Finandina,4,Mayor a 12 SMLMV y menor o igual a 25 SMLMV,9423.91,402,306,2024-05-03,2024-05-31,23.442562189054726
2024-05,Finandina,5,Mayor a 25 SMLMV y menor o igual a 100 SMLMV,1030.6,46,41,2024-05-03,2024-05-31,22.404347826086955
2024-05,Finandina,6,Mayor a 100 SMLMV,36.02,2,2,2024-05-17,2024-05-17,18.01
2024-05,Itaú,1,Menor o igual a 3 SMLMV,222.47,9,9,2024-05-03,2024-05-31,24.718888888888888
2024-05,Itaú,2,Mayor a 3 SMLMV y menor o igual a 6 SMLMV,1128.64,42,37,2024-05-03,2024-05-31,26.872380952380954
2024-05,Itaú,3,Mayor a 6 SMLMV y menor o igual a 12 SMLMV,2572.67,100,72,2024-05-03,2024-05-31,25.7267
2024-05,Itaú,4,Mayor a 12 SMLMV y menor o igual a 25 SMLMV,4951.3,204,139,2024-05-03,2024-05-31,24.27107843137255
2024-05,Itaú,5,Mayor a 25 SMLMV y menor o igual a 100 SMLMV,13854.82,599,367,2024-05-03,2024-05-31,23.12991652754591
2024-05,Itaú,6,Mayor a 100 SMLMV,4458.0,208,159,2024-05-03,2024-05-31,21.432692307692307
2024-05,Lulo Bank,1,Menor o igual a 3 SMLMV,64336.4,2561,1245,2024-05-03,2024-05-31,25.1215931276845
2024-05,Lulo Bank,2,Mayor a 3 SMLMV y menor o igual a 6 SMLMV,50688.36,1962,898,2024-05-03,2024-05-31,25.835045871559633
2024-05,Lulo Bank,3,Mayor a 6 SMLMV y menor o igual a 12 SMLMV,47966.47,1917,798,2024-05-03,2024-05-31,25.021632759520084
2024-05,Lulo Bank,4,Mayor a 12 SMLMV y menor o igual a 25 SMLMV,6785.42,299,167,2024-05-03,2024-05-31,22.69371237458194
2024-05,Lulo Bank,5,Mayor a 25 SMLMV y menor o igual a 100 SMLMV,838.58,38,30,2024-05-03,2024-05-31,22.067894736842106
2024-05,MiBanco,1,Menor o igual a 3 SMLMV,31.23,1,1,2024-05-17,2024-05-17,31.23
2024-05,MiBanco,2,Mayor a 3 SMLMV y menor o igual a 6 SMLMV,62.46,2,2,2024-05-10,2024-05-17,31.23
2024-06,BBVA Colombia,1,Menor o igual a 3 SMLMV,15074.66,535,316,2024-06-07,2024-06-28,28.17693457943925
2024-06,BBVA Colombia,2,Mayor a 3 SMLMV y menor o igual a 6 SMLMV,18273.97,658,376,2024-06-07,2024-06-28,27.77199088145897
2024-06,BBVA Colombia,3,Mayor a 6 SMLMV y menor o igual a 12 SMLMV,24421.829999999998,902,474,2024-06-07,2024-06-28,27.07519955654102
2024-06,BBVA Colombia,4,Mayor a 12 SMLMV y menor o igual a 25 SMLMV,20346.56,774,469,2024-06-07,2024-06-28,26.287545219638243
2024-06,BBVA Colombia,5,Mayor a 25 SMLMV y menor o igual a 100 SMLMV,14864.92,602,409,2024-06-07,2024-06-28,24.692558139534885
2024-06,BBVA Colombia,6,Mayor a 100 SMLMV,579.21,28,27,2024-06-07,2024-06-28,20.68607142857143
2024-06,Bancien,1,Menor o igual a 3 SMLMV,524.28,17,17,2024-06-07,2024-06-28,30.84
2024-06,Bancien,2,Mayor a 3 SMLMV y menor o igual a 6 SMLMV,2313.0,75,60,2024-06-07,2024-06-28,30.84
2024-06,Bancien,3,Mayor a 6 SMLMV y menor o igual a 12 SMLMV,2960.64,96,74,2024-06-07,2024-06-28,30.84
2024-06,Banco AV Villas,1,Menor o igual a 3 SMLMV,2908.02,104,95,2024-06-07,2024-06-28,27.96173076923077
2024-06,Banco AV Villas,2,Mayor a 3 SMLMV y menor o igual a 6 SMLMV,3995.43,150,130,2024-06-07,2024-06-28,26.6362
2024-06,Banco AV Villas,3,Mayor a 6 SMLMV y menor o igual a 12 SMLMV,4651.88,185,142,2024-06-07,2024-06-28,25.145297297297297
2024-06,Banco AV Villas,4,Mayor a 12 SMLMV y menor o igual a 25 SMLMV,4081.72,177,127,2024-06-07,2024-06-28,23.06056497175141
2024-06,Banco AV Villas,5,Mayor a 25 SMLMV y menor o igual a 100 SMLMV,3788.25,178,124,2024-06-07,2024-06-28,21.28230337078652
2024-06,Banco AV Villas,6,Mayor a 100 SMLMV,358.36,18,16,2024-06-07,2024-06-28,19.90888888888889
2024-06,Banco Agrario,1,Menor o igual a 3 SMLMV,655.55,24,24,2024-06-07,2024-06-28,27.31458333333333
2024-06,Banco Agrario,2,Mayor a 3 SMLMV y menor o igual a 6 SMLMV,2038.54,75,74,2024-06-07,2024-06-28,27.180533333333333
2024-06,Banco Agrario,3,Mayor a 6 SMLMV y menor o igual a 12 SMLMV,2439.02,94,93,2024-06-07,2024-06-28,25.947021276595745
2024-06,Banco Agrario,4,Mayor a 12 SMLMV y menor o igual a 25 SMLMV,1040.6399999999999,42,42,2024-06-07,2024-06-28,24.777142857142856
2024-06,Banco Agrario,5,Mayor a 25 SMLMV y menor o igual a 100 SMLMV,212.74,8,8,2024-06-07,2024-06-28,26.5925
2024-06,Banco Caja Social,1,Menor o igual a 3 SMLMV,58066.21,1924,1410,2024-06-07,2024-06-28,30.179942827442826
2024-06,Banco Caja Social,2,Mayor a 3 SMLMV y menor o igual a 6 SMLMV,48505.57,1675,1213,2024-06-07,2024-06-28,28.95854925373134
2024-06,Banco Caja Social,3,Mayor a 6 SMLMV y menor o igual a 12 SMLMV,34443.92,1296,912,2024-06-07,2024-06-28,26.577098765432098
2024-06,Banco Caja Social,4,Mayor a 12 SMLMV y menor o igual a 25 SMLMV,10554.39,446,314,2024-06-07,2024-06-28,23.664551569506724
2024-06,Banco Caja Social,5,Mayor a 25 SMLMV y menor o igual a 100 SMLMV,3498.4,171,135,2024-06-07,2024-06-28,20.458479532163743
2024-06,Banco Caja Social,6,Mayor a 100 SMLMV,84.7,5,5,2024-06-07,2024-06-21,16.94
2024-06,Banco Contactar,1,Menor o igual a 3 SMLMV,7738.33,251,224,2024-06-07,2024-06-28,30.83
2024-06,Banco Contactar,2,Mayor a 3 SMLMV y menor o igual a 6 SMLMV,5117.78,166,149,2024-06-07,2024-06-28,30.83
2024-06,Banco Contactar,3,Mayor a 6 SMLMV y menor o igual a 12 SMLMV,431.62,14,14,2024-06-07,2024-06-28,30.830000000000002
2024-06,Banco Contactar,4,Mayor a 12 SMLMV y menor o igual a 25 SMLMV,61.66,2,2,2024-06-07,2024-06-21,30.83
2024-06,Banco Davibank,1,Menor o igual a 3 SMLMV,2237.26,76,76,2024-06-07,2024-06-28,29.43763157894737
2024-06,Banco Davibank,2,Mayor a 3 SMLMV y menor o igual a 6 SMLMV,6246.58,211,206,2024-06-07,2024-06-28,29.604644549763034
2024-06,Banco Davibank,3,Mayor a 6 SMLMV y menor o igual a 12 SMLMV,16681.73,566,555,2024-06-07,2024-06-28,29.473021201413427
2024-06,Banco Davibank,4,Mayor a 12 SMLMV y menor o igual a 25 SMLMV,25301.81,867,748,2024-06-07,2024-06-28,29.18317185697809
2024-06,Banco Davibank,5,Mayor a 25 SMLMV y menor o igual a 100 SMLMV,43115.6,1537,773,2024-06-07,2024-06-28,28.05178919973975
2024-06,Banco Davibank,6,Mayor a 100 SMLMV,107792.14,4118,200,2024-06-07,2024-06-28,26.175847498785817
2024-06,Banco Davivienda,1,Menor o igual a 3 SMLMV,128617.61,4644,1624,2024-06-07,2024-06-28,27.695437123169683
2024-06,Banco Davivienda,2,Mayor a 3 SMLMV y menor o igual a 6 SMLMV,123474.5,4642,2156,2024-06-07,2024-06-28,26.59941835415769
2024-06,Banco Davivienda,3,Mayor a 6 SMLMV y menor o igual a 12 SMLMV,127517.33,4898,2104,2024-06-07,2024-06-28,26.03457125357289
2024-06,Banco Davivienda,4,Mayor a 12 SMLMV y menor o igual a 25 SMLMV,99182.95,4095,1813,2024-06-07,2024-06-28,24.22050061050061
2024-06,Banco Davivienda,5,Mayor a 25 SMLMV y menor o igual a 100 SMLMV,45770.49,2087,1109,2024-06-07,2024-06-28,21.93123622424533
2024-06,Banco Davivienda,6,Mayor a 100 SMLMV,323.26,18,16,2024-06-07,2024-06-28,17.95888888888889
2024-06,Banco Falabella,1,Menor o igual a 3 SMLMV,159406.83000000002,5265,1663,2024-06-07,2024-06-28,30.27670085470086
2024-06,Banco Falabella,2,Mayor a 3 SMLMV y menor o igual a 6 SMLMV,171904.30000000002,5646,1458,2024-06-07,2024-06-28,30.447095288699966
2024-06,Banco Falabella,3,Mayor a 6 SMLMV y menor o igual a 12 SMLMV,34460.15,1190,715,2024-06-07,2024-06-28,28.95810924369748
2024-06,Banco Falabella,4,Mayor a 12 SMLMV y menor o igual a 25 SMLMV,20759.15,735,520,2024-06-07,2024-06-28,28.24374149659864
2024-06,Banco Falabella,5,Mayor a 25 SMLMV y menor o igual a 100 SMLMV,4373.6,166,136,2024-06-07,2024-06-28,26.346987951807233
2024-06,Banco Falabella,6,Mayor a 100 SMLMV,15.39,1,1,2024-06-28,2024-06-28,15.39
2024-06,Banco GNB Sudameris,2,Mayor a 3 SMLMV y menor o igual a 6 SMLMV,25.59,1,1,2024-06-28,2024-06-28,25.59
2024-06,Banco GNB Sudameris,4,Mayor a 12 SMLMV y menor o igual a 25 SMLMV,24.53,1,1,2024-06-28,2024-06-28,24.53
2024-06,Banco GNB Sudameris,5,Mayor a 25 SMLMV y menor o igual a 100 SMLMV,85.00999999999999,4,4,2024-06-14,2024-06-28,21.252499999999998
2024-06,Banco Mundo Mujer,1,Menor o igual a 3 SMLMV,96235.74,3125,2017,2024-06-07,2024-06-28,30.7954368
2024-06,Banco Mundo Mujer,2,Mayor a 3 SMLMV y menor o igual a 6 SMLMV,57542.36,1868,1055,2024-06-07,2024-06-28,30.80426124197002
2024-06,Banco Mundo Mujer,3,Mayor a 6 SMLMV y menor o igual a 12 SMLMV,19585.05,637,424,2024-06-07,2024-06-28,30.745761381475667
2024-06,Banco Mundo Mujer,4,Mayor a 12 SMLMV y menor o igual a 25 SMLMV,677.28,22,22,2024-06-07,2024-06-28,30.785454545454545
2024-06,Banco Popular,2,Mayor a 3 SMLMV y menor o igual a 6 SMLMV,58.18,2,2,2024-06-07,2024-06-21,29.09
2024-06,Banco Popular,3,Mayor a 6 SMLMV y menor o igual a 12 SMLMV,28.93,1,1,2024-06-21,2024-06-21,28.93
2024-06,Banco Popular,4,Mayor a 12 SMLMV y menor o igual a 25 SMLMV,27.36,1,1,2024-06-28,2024-06-28,27.36
2024-06,Banco Popular,5,Mayor a 25 SMLMV y menor o igual a 100 SMLMV,23.43,1,1,2024-06-28,2024-06-28,23.43
2024-06,Banco Serfinanza,1,Menor o igual a 3 SMLMV,3380.15,165,126,2024-06-07,2024-06-28,20.485757575757578
2024-06,Banco Serfinanza,2,Mayor a 3 SMLMV y menor o igual a 6 SMLMV,11485.1,570,304,2024-06-07,2024-06-28,20.149298245614037
2024-06,Banco Serfinanza,3,Mayor a 6 SMLMV y menor o igual a 12 SMLMV,2370.56,115,86,2024-06-07,2024-06-28,20.613565217391304
2024-06,Banco Serfinanza,4,Mayor a 12 SMLMV y menor o igual a 25 SMLMV,1503.15,76,54,2024-06-07,2024-06-28,19.77828947368421
2024-06,Banco Serfinanza,5,Mayor a 25 SMLMV y menor o igual a 100 SMLMV,262.75,13,13,2024-06-07,2024-06-28,20.21153846153846
2024-06,Banco Serfinanza,6,Mayor a 100 SMLMV,47.6,3,3,2024-06-14,2024-06-28,15.866666666666667
2024-06,Banco Unión,1,Menor o igual a 3 SMLMV,211.51,7,7,2024-06-14,2024-06-28,30.215714285714284
2024-06,Banco Unión,2,Mayor a 3 SMLMV y menor o igual a 6 SMLMV,121.77000000000001,4,4,2024-06-14,2024-06-28,30.442500000000003
2024-06,Banco Unión,3,Mayor a 6 SMLMV y menor o igual a 12 SMLMV,152.53,5,5,2024-06-07,2024-06-28,30.506
2024-06,Banco Unión,4,Mayor a 12 SMLMV y menor o igual a 25 SMLMV,30.76,1,1,2024-06-21,2024-06-21,30.76
2024-06,Banco Unión,5,Mayor a 25 SMLMV y menor o igual a 100 SMLMV,66.84,3,3,2024-06-07,2024-06-28,22.28
2024-06,Banco Unión,6,Mayor a 100 SMLMV,30.76,1,1,2024-06-07,2024-06-07,30.76
2024-06,Banco de Bogotá,1,Menor o igual a 3 SMLMV,290265.92,9562,3366,2024-06-07,2024-06-28,30.35619326500732
2024-06,Banco de Bogotá,2,Mayor a 3 SMLMV y menor o igual a 6 SMLMV,211909.69,7012,2561,2024-06-07,2024-06-28,30.221005419281234
2024-06,Banco de Bogotá,3,Mayor a 6 SMLMV y menor o igual a 12 SMLMV,166997.88,5590,2049,2024-06-07,2024-06-28,29.874397137745976
2024-06,Banco de Bogotá,4,Mayor a 12 SMLMV y menor o igual a 25 SMLMV,57735.43,2055,976,2024-06-07,2024-06-28,28.095099756691
2024-06,Banco de Bogotá,5,Mayor a 25 SMLMV y menor o igual a 100 SMLMV,38581.29,1598,885,2024-06-07,2024-06-28,24.14348560700876
2024-06,Banco de Bogotá,6,Mayor a 100 SMLMV,2462.73,144,105,2024-06-07,2024-06-28,17.102291666666666
2024-06,Banco de Occidente,1,Menor o igual a 3 SMLMV,1225.91,43,42,2024-06-07,2024-06-28,28.50953488372093
2024-06,Banco de Occidente,2,Mayor a 3 SMLMV y menor o igual a 6 SMLMV,2354.93,88,77,2024-06-07,2024-06-28,26.76056818181818
2024-06,Banco de Occidente,3,Mayor a 6 SMLMV y menor o igual a 12 SMLMV,6970.95,263,182,2024-06-07,2024-06-28,26.50551330798479
2024-06,Banco de Occidente,4,Mayor a 12 SMLMV y menor o igual a 25 SMLMV,12422.16,484,248,2024-06-07,2024-06-28,25.665619834710743
2024-06,Banco de Occidente,5,Mayor a 25 SMLMV y menor o igual a 100 SMLMV,27750.84,1242,522,2024-06-07,2024-06-28,22.34367149758454
2024-06,Banco de Occidente,6,Mayor a 100 SMLMV,4609.14,226,128,2024-06-07,2024-06-28,20.394424778761064
2024-06,Bancolombia,1,Menor o igual a 3 SMLMV,547410.46,18751,5495,2024-06-07,2024-06-28,29.19366753773132
2024-06,Bancolombia,2,Mayor a 3 SMLMV y menor o igual a 6 SMLMV,145196.01,5237,2083,2024-06-07,2024-06-28,27.725035325568076
2024-06,Bancolombia,3,Mayor a 6 SMLMV y menor o igual a 12 SMLMV,118092.93,4435,1561,2024-06-07,2024-06-28,26.627492671927847
2024-06,Bancolombia,4,Mayor a 12 SMLMV y menor o igual a 25 SMLMV,103697.56,4025,1258,2024-06-07,2024-06-28,25.76336894409938
2024-06,Bancolombia,5,Mayor a 25 SMLMV y menor o igual a 100 SMLMV,91488.61,3815,1604,2024-06-07,2024-06-28,23.981287024901704
2024-06,Bancolombia,6,Mayor a 100 SMLMV,10388.76,482,333,2024-06-07,2024-06-28,21.55344398340249
2024-06,Bancoomeva,1,Menor o igual a 3 SMLMV,1189.22,41,39,2024-06-07,2024-06-28,29.00536585365854
2024-06,Bancoomeva,2,Mayor a 3 SMLMV y menor o igual a 6 SMLMV,2918.61,101,97,2024-06-07,2024-06-28,28.89712871287129
2024-06,Bancoomeva,3,Mayor a 6 SMLMV y menor o igual a 12 SMLMV,6443.63,222,177,2024-06-07,2024-06-28,29.02536036036036
2024-06,Bancoomeva,4,Mayor a 12 SMLMV y menor o igual a 25 SMLMV,8510.42,297,219,2024-06-07,2024-06-28,28.654612794612795
2024-06,Bancoomeva,5,Mayor a 25 SMLMV y menor o igual a 100 SMLMV,8245.83,291,237,2024-06-07,2024-06-28,28.336185567010308
2024-06,Bancoomeva,6,Mayor a 100 SMLMV,125.58,5,5,2024-06-07,2024-06-28,25.116
2024-06,Coopcentral,2,Mayor a 3 SMLMV y menor o igual a 6 SMLMV,55.0,2,2,2024-06-14,2024-06-21,27.5
2024-06,Coopcentral,3,Mayor a 6 SMLMV y menor o igual a 12 SMLMV,28.0,1,1,2024-06-28,2024-06-28,28.0
2024-06,Coopcentral,4,Mayor a 12 SMLMV y menor o igual a 25 SMLMV,16.0,1,1,2024-06-07,2024-06-07,16.0
2024-06,Coopcentral,5,Mayor a 25 SMLMV y menor o igual a 100 SMLMV,74.0,4,4,2024-06-21,2024-06-28,18.5
2024-06,Finandina,1,Menor o igual a 3 SMLMV,51.120000000000005,2,2,2024-06-21,2024-06-21,25.560000000000002
2024-06,Finandina,2,Mayor a 3 SMLMV y menor o igual a 6 SMLMV,854.82,32,31,2024-06-07,2024-06-28,26.713125
2024-06,Finandina,3,Mayor a 6 SMLMV y menor o igual a 12 SMLMV,4396.96,174,145,2024-06-07,2024-06-28,25.269885057471264
2024-06,Finandina,4,Mayor a 12 SMLMV y menor o igual a 25 SMLMV,6716.84,285,221,2024-06-07,2024-06-28,23.56785964912281
2024-06,Finandina,5,Mayor a 25 SMLMV y menor o igual a 100 SMLMV,808.37,37,34,2024-06-07,2024-06-28,21.847837837837837
2024-06,Itaú,1,Menor o igual a 3 SMLMV,83.84,4,3,2024-06-21,2024-06-28,20.96
2024-06,Itaú,2,Mayor a 3 SMLMV y menor o igual a 6 SMLMV,1182.53,50,41,2024-06-07,2024-06-28,23.6506
2024-06,Itaú,3,Mayor a 6 SMLMV y menor o igual a 12 SMLMV,2573.6,122,71,2024-06-07,2024-06-28,21.095081967213115
2024-06,Itaú,4,Mayor a 12 SMLMV y menor o igual a 25 SMLMV,5653.39,261,129,2024-06-07,2024-06-28,21.660498084291188
2024-06,Itaú,5,Mayor a 25 SMLMV y menor o igual a 100 SMLMV,12300.82,608,271,2024-06-07,2024-06-28,20.231611842105263
2024-06,Itaú,6,Mayor a 100 SMLMV,3513.7,185,130,2024-06-07,2024-06-28,18.99297297297297
2024-06,Lulo Bank,1,Menor o igual a 3 SMLMV,48621.62,1823,855,2024-06-07,2024-06-28,26.67121228743829
2024-06,Lulo Bank,2,Mayor a 3 SMLMV y menor o igual a 6 SMLMV,41420.700000000004,1541,707,2024-06-07,2024-06-28,26.879104477611943
2024-06,Lulo Bank,3,Mayor a 6 SMLMV y menor o igual a 12 SMLMV,37481.74,1443,588,2024-06-07,2024-06-28,25.97487179487179
2024-06,Lulo Bank,4,Mayor a 12 SMLMV y menor o igual a 25 SMLMV,4584.0,197,125,2024-06-07,2024-06-28,23.269035532994923
2024-06,Lulo Bank,5,Mayor a 25 SMLMV y menor o igual a 100 SMLMV,694.21,31,26,2024-06-07,2024-06-28,22.393870967741936
2024-06,MiBanco,1,Menor o igual a 3 SMLMV,30.54,1,1,2024-06-21,2024-06-21,30.54
2024-06,MiBanco,2,Mayor a 3 SMLMV y menor o igual a 6 SMLMV,30.54,1,1,2024-06-21,2024-06-21,30.54
2024-07,BBVA Colombia,1,Menor o igual a 3 SMLMV,17325.52,622,373,2024-07-05,2024-07-26,27.85453376205788
2024-07,BBVA Colombia,2,Mayor a 3 SMLMV y menor o igual a 6 SMLMV,27975.64,1033,574,2024-07-05,2024-07-26,27.08193610842207
2024-07,BBVA Colombia,3,Mayor a 6 SMLMV y menor o igual a 12 SMLMV,33665.59,1311,732,2024-07-05,2024-07-26,25.679321128909226
2024-07,BBVA Colombia,4,Mayor a 12 SMLMV y menor o igual a 25 SMLMV,33349.91,1351,702,2024-07-05,2024-07-26,24.68535159141377
2024-07,BBVA Colombia,5,Mayor a 25 SMLMV y menor o igual a 100 SMLMV,23875.02,1021,658,2024-07-05,2024-07-26,23.383956904995102
2024-07,BBVA Colombia,6,Mayor a 100 SMLMV,546.2,26,25,2024-07-05,2024-07-26,21.00769230769231
2024-07,Bancien,1,Menor o igual a 3 SMLMV,678.27,23,22,2024-07-05,2024-07-26,29.49
2024-07,Bancien,2,Mayor a 3 SMLMV y menor o igual a 6 SMLMV,3686.25,125,108,2024-07-05,2024-07-26,29.49
2024-07,Bancien,3,Mayor a 6 SMLMV y menor o igual a 12 SMLMV,6576.2699999999995,223,164,2024-07-05,2024-07-26,29.49
2024-07,Banco AV Villas,1,Menor o igual a 3 SMLMV,3510.5899999999997,132,114,2024-07-05,2024-07-26,26.595378787878786
2024-07,Banco AV Villas,2,Mayor a 3 SMLMV y menor o igual a 6 SMLMV,3656.12,139,123,2024-07-05,2024-07-26,26.303021582733813
2024-07,Banco AV Villas,3,Mayor a 6 SMLMV y menor o igual a 12 SMLMV,4641.66,185,140,2024-07-05,2024-07-26,25.090054054054054
2024-07,Banco AV Villas,4,Mayor a 12 SMLMV y menor o igual a 25 SMLMV,3621.76,160,123,2024-07-05,2024-07-26,22.636000000000003
2024-07,Banco AV Villas,5,Mayor a 25 SMLMV y menor o igual a 100 SMLMV,4006.84,186,129,2024-07-05,2024-07-26,21.54215053763441
2024-07,Banco AV Villas,6,Mayor a 100 SMLMV,475.19,26,25,2024-07-05,2024-07-26,18.27653846153846
2024-07,Banco Agrario,1,Menor o igual a 3 SMLMV,808.89,31,31,2024-07-05,2024-07-26,26.093225806451613
2024-07,Banco Agrario,2,Mayor a 3 SMLMV y menor o igual a 6 SMLMV,1843.31,71,71,2024-07-05,2024-07-26,25.962112676056336
2024-07,Banco Agrario,3,Mayor a 6 SMLMV y menor o igual a 12 SMLMV,2592.45,102,102,2024-07-05,2024-07-26,25.416176470588233
2024-07,Banco Agrario,4,Mayor a 12 SMLMV y menor o igual a 25 SMLMV,882.52,37,37,2024-07-05,2024-07-26,23.851891891891892
2024-07,Banco Agrario,5,Mayor a 25 SMLMV y menor o igual a 100 SMLMV,236.54,9,9,2024-07-05,2024-07-26,26.28222222222222
2024-07,Banco Caja Social,1,Menor o igual a 3 SMLMV,51860.43,1789,1363,2024-07-05,2024-07-26,28.988501956400224
2024-07,Banco Caja Social,2,Mayor a 3 SMLMV y menor o igual a 6 SMLMV,44691.39,1591,1161,2024-07-05,2024-07-26,28.09012570710245
2024-07,Banco Caja Social,3,Mayor a 6 SMLMV y menor o igual a 12 SMLMV,32178.74,1220,859,2024-07-05,2024-07-26,26.376016393442626
2024-07,Banco Caja Social,4,Mayor a 12 SMLMV y menor o igual a 25 SMLMV,8890.49,383,267,2024-07-05,2024-07-26,23.212767624020888
2024-07,Banco Caja Social,5,Mayor a 25 SMLMV y menor o igual a 100 SMLMV,3332.78,164,142,2024-07-05,2024-07-26,20.321829268292685
2024-07,Banco Caja Social,6,Mayor a 100 SMLMV,14.35,1,1,2024-07-19,2024-07-19,14.35
2024-07,Banco Contactar,1,Menor o igual a 3 SMLMV,4009.33,136,130,2024-07-05,2024-07-26,29.480367647058824
2024-07,Banco Contactar,2,Mayor a 3 SMLMV y menor o igual a 6 SMLMV,4569.46,155,137,2024-07-05,2024-07-26,29.480387096774194
2024-07,Banco Contactar,3,Mayor a 6 SMLMV y menor o igual a 12 SMLMV,265.32,9,9,2024-07-05,2024-07-26,29.48
2024-07,Banco Davibank,1,Menor o igual a 3 SMLMV,2850.2,99,98,2024-07-05,2024-07-26,28.789898989898987
2024-07,Banco Davibank,2,Mayor a 3 SMLMV y menor o igual a 6 SMLMV,6092.33,214,214,2024-07-05,2024-07-26,28.468831775700934
2024-07,Banco Davibank,3,Mayor a 6 SMLMV y menor o igual a 12 SMLMV,20713.07,717,697,2024-07-05,2024-07-26,28.888521617852163
2024-07,Banco Davibank,4,Mayor a 12 SMLMV y menor o igual a 25 SMLMV,28057.12,984,838,2024-07-05,2024-07-26,28.513333333333332
2024-07,Banco Davibank,5,Mayor a 25 SMLMV y menor o igual a 100 SMLMV,52479.86,1879,886,2024-07-05,2024-07-26,27.929675359233634
2024-07,Banco Davibank,6,Mayor a 100 SMLMV,167823.49,6249,291,2024-07-05,2024-07-26,26.856055368859018
2024-07,Banco Davivienda,1,Menor o igual a 3 SMLMV,70593.39,3112,1186,2024-07-05,2024-07-26,22.684251285347045
2024-07,Banco Davivienda,2,Mayor a 3 SMLMV y menor o igual a 6 SMLMV,83622.32,3768,1827,2024-07-05,2024-07-26,22.19276008492569
2024-07,Banco Davivienda,3,Mayor a 6 SMLMV y menor o igual a 12 SMLMV,90686.39,4063,1761,2024-07-05,2024-07-26,22.320056608417424
2024-07,Banco Davivienda,4,Mayor a 12 SMLMV y menor o igual a 25 SMLMV,91934.85,4390,1970,2024-07-05,2024-07-26,20.941879271070615
2024-07,Banco Davivienda,5,Mayor a 25 SMLMV y menor o igual a 100 SMLMV,58008.3,3007,1469,2024-07-05,2024-07-26,19.291087462587296
2024-07,Banco Davivienda,6,Mayor a 100 SMLMV,247.41,15,12,2024-07-05,2024-07-26,16.494
2024-07,Banco Falabella,1,Menor o igual a 3 SMLMV,157023.63,5431,1490,2024-07-05,2024-07-26,28.912470999815874
2024-07,Banco Falabella,2,Mayor a 3 SMLMV y menor o igual a 6 SMLMV,178558.75,6160,1319,2024-07-05,2024-07-26,28.986810064935064
2024-07,Banco Falabella,3,Mayor a 6 SMLMV y menor o igual a 12 SMLMV,20797.27,809,486,2024-07-05,2024-07-26,25.707379480840544
2024-07,Banco Falabella,4,Mayor a 12 SMLMV y menor o igual a 25 SMLMV,15678.960000000001,625,403,2024-07-05,2024-07-26,25.086336000000003
2024-07,Banco Falabella,5,Mayor a 25 SMLMV y menor o igual a 100 SMLMV,5518.21,240,184,2024-07-05,2024-07-26,22.992541666666668
2024-07,Banco GNB Sudameris,4,Mayor a 12 SMLMV y menor o igual a 25 SMLMV,23.6,1,1,2024-07-12,2024-07-12,23.6
2024-07,Banco GNB Sudameris,5,Mayor a 25 SMLMV y menor o igual a 100 SMLMV,38.81,2,2,2024-07-12,2024-07-12,19.405
2024-07,Banco Mundo Mujer,1,Menor o igual a 3 SMLMV,92839.26,3147,1979,2024-07-05,2024-07-26,29.5008770257388
2024-07,Banco Mundo Mujer,2,Mayor a 3 SMLMV y menor o igual a 6 SMLMV,57257.93,1940,1049,2024-07-05,2024-07-26,29.514396907216494
2024-07,Banco Mundo Mujer,3,Mayor a 6 SMLMV y menor o igual a 12 SMLMV,21233.28,721,443,2024-07-05,2024-07-26,29.449764216366155
2024-07,Banco Mundo Mujer,4,Mayor a 12 SMLMV y menor o igual a 25 SMLMV,765.99,26,26,2024-07-05,2024-07-26,29.461153846153845
2024-07,Banco Popular,2,Mayor a 3 SMLMV y menor o igual a 6 SMLMV,29.44,1,1,2024-07-26,2024-07-26,29.44
2024-07,Banco Popular,3,Mayor a 6 SMLMV y menor o igual a 12 SMLMV,81.89,3,3,2024-07-05,2024-07-26,27.296666666666667
2024-07,Banco Popular,4,Mayor a 12 SMLMV y menor o igual a 25 SMLMV,110.39,4,4,2024-07-05,2024-07-26,27.5975
2024-07,Banco Popular,5,Mayor a 25 SMLMV y menor o igual a 100 SMLMV,74.8,3,3,2024-07-05,2024-07-26,24.933333333333334
2024-07,Banco Popular,6,Mayor a 100 SMLMV,18.86,1,1,2024-07-26,2024-07-26,18.86
2024-07,Banco Serfinanza,1,Menor o igual a 3 SMLMV,3033.0,148,114,2024-07-05,2024-07-26,20.493243243243242
2024-07,Banco Serfinanza,2,Mayor a 3 SMLMV y menor o igual a 6 SMLMV,8707.91,433,250,2024-07-05,2024-07-26,20.11064665127021
2024-07,Banco Serfinanza,3,Mayor a 6 SMLMV y menor o igual a 12 SMLMV,2351.42,114,93,2024-07-05,2024-07-26,20.626491228070176
2024-07,Banco Serfinanza,4,Mayor a 12 SMLMV y menor o igual a 25 SMLMV,1433.43,70,62,2024-07-05,2024-07-26,20.47757142857143
2024-07,Banco Serfinanza,5,Mayor a 25 SMLMV y menor o igual a 100 SMLMV,131.5,7,7,2024-07-05,2024-07-26,18.785714285714285
2024-07,Banco Serfinanza,6,Mayor a 100 SMLMV,36.04,2,2,2024-07-19,2024-07-19,18.02
2024-07,Banco Unión,1,Menor o igual a 3 SMLMV,323.18,11,10,2024-07-05,2024-07-26,29.38
2024-07,Banco Unión,2,Mayor a 3 SMLMV y menor o igual a 6 SMLMV,146.9,5,4,2024-07-05,2024-07-26,29.380000000000003
2024-07,Banco Unión,3,Mayor a 6 SMLMV y menor o igual a 12 SMLMV,29.38,1,1,2024-07-12,2024-07-12,29.38
2024-07,Banco Unión,4,Mayor a 12 SMLMV y menor o igual a 25 SMLMV,58.76,2,2,2024-07-26,2024-07-26,29.38
2024-07,Banco Unión,5,Mayor a 25 SMLMV y menor o igual a 100 SMLMV,29.38,1,1,2024-07-19,2024-07-19,29.38
2024-07,Banco de Bogotá,1,Menor o igual a 3 SMLMV,311176.63,10717,4165,2024-07-05,2024-07-26,29.03579639824578
2024-07,Banco de Bogotá,2,Mayor a 3 SMLMV y menor o igual a 6 SMLMV,255397.12,8833,3739,2024-07-05,2024-07-26,28.913972602739726
2024-07,Banco de Bogotá,3,Mayor a 6 SMLMV y menor o igual a 12 SMLMV,196847.4,6894,2926,2024-07-05,2024-07-26,28.55343777197563
2024-07,Banco de Bogotá,4,Mayor a 12 SMLMV y menor o igual a 25 SMLMV,75317.77,2811,1433,2024-07-05,2024-07-26,26.793941657773036
2024-07,Banco de Bogotá,5,Mayor a 25 SMLMV y menor o igual a 100 SMLMV,52059.64,2268,1196,2024-07-05,2024-07-26,22.953985890652557
2024-07,Banco de Bogotá,6,Mayor a 100 SMLMV,3260.26,184,123,2024-07-05,2024-07-26,17.718804347826087
2024-07,Banco de Occidente,1,Menor o igual a 3 SMLMV,761.14,28,26,2024-07-05,2024-07-26,27.18357142857143
2024-07,Banco de Occidente,2,Mayor a 3 SMLMV y menor o igual a 6 SMLMV,2211.05,89,80,2024-07-05,2024-07-26,24.843258426966294
2024-07,Banco de Occidente,3,Mayor a 6 SMLMV y menor o igual a 12 SMLMV,6155.8,245,166,2024-07-05,2024-07-26,25.125714285714288
2024-07,Banco de Occidente,4,Mayor a 12 SMLMV y menor o igual a 25 SMLMV,9970.72,418,224,2024-07-05,2024-07-26,23.8533971291866
2024-07,Banco de Occidente,5,Mayor a 25 SMLMV y menor o igual a 100 SMLMV,25765.579999999998,1190,452,2024-07-05,2024-07-26,21.651747899159663
2024-07,Banco de Occidente,6,Mayor a 100 SMLMV,4442.98,216,117,2024-07-05,2024-07-26,20.56935185185185
2024-07,Bancolombia,1,Menor o igual a 3 SMLMV,577228.97,20906,6027,2024-07-05,2024-07-26,27.610684492490194
2024-07,Bancolombia,2,Mayor a 3 SMLMV y menor o igual a 6 SMLMV,153097.6,5871,2155,2024-07-05,2024-07-26,26.07692045648101
2024-07,Bancolombia,3,Mayor a 6 SMLMV y menor o igual a 12 SMLMV,118225.03,4681,1628,2024-07-05,2024-07-26,25.256361888485365
2024-07,Bancolombia,4,Mayor a 12 SMLMV y menor o igual a 25 SMLMV,98286.65,4020,1278,2024-07-05,2024-07-26,24.449415422885572
2024-07,Bancolombia,5,Mayor a 25 SMLMV y menor o igual a 100 SMLMV,89324.99,3823,1642,2024-07-05,2024-07-26,23.365155636934347
2024-07,Bancolombia,6,Mayor a 100 SMLMV,8951.08,421,317,2024-07-05,2024-07-26,21.26147268408551
2024-07,Bancoomeva,1,Menor o igual a 3 SMLMV,1078.1599999999999,38,37,2024-07-05,2024-07-26,28.372631578947363
2024-07,Bancoomeva,2,Mayor a 3 SMLMV y menor o igual a 6 SMLMV,2556.5699999999997,89,80,2024-07-05,2024-07-26,28.725505617977525
2024-07,Bancoomeva,3,Mayor a 6 SMLMV y menor o igual a 12 SMLMV,4966.2,173,139,2024-07-05,2024-07-26,28.706358381502888
2024-07,Bancoomeva,4,Mayor a 12 SMLMV y menor o igual a 25 SMLMV,6148.43,214,157,2024-07-05,2024-07-26,28.730981308411216
2024-07,Bancoomeva,5,Mayor a 25 SMLMV y menor o igual a 100 SMLMV,6214.11,219,183,2024-07-05,2024-07-26,28.374931506849315
2024-07,Bancoomeva,6,Mayor a 100 SMLMV,137.86,5,5,2024-07-05,2024-07-26,27.572000000000003
2024-07,Coopcentral,2,Mayor a 3 SMLMV y menor o igual a 6 SMLMV,45.8,2,2,2024-07-19,2024-07-26,22.9
2024-07,Coopcentral,3,Mayor a 6 SMLMV y menor o igual a 12 SMLMV,18.0,1,1,2024-07-12,2024-07-12,18.0
2024-07,Coopcentral,4,Mayor a 12 SMLMV y menor o igual a 25 SMLMV,47.0,2,2,2024-07-12,2024-07-19,23.5
2024-07,Coopcentral,5,Mayor a 25 SMLMV y menor o igual a 100 SMLMV,26.5,1,1,2024-07-05,2024-07-05,26.5
2024-07,Finandina,1,Menor o igual a 3 SMLMV,22.27,1,1,2024-07-26,2024-07-26,22.27
2024-07,Finandina,2,Mayor a 3 SMLMV y menor o igual a 6 SMLMV,725.47,27,25,2024-07-05,2024-07-26,26.86925925925926
2024-07,Finandina,3,Mayor a 6 SMLMV y menor o igual a 12 SMLMV,3053.78,122,108,2024-07-05,2024-07-26,25.030983606557378
2024-07,Finandina,4,Mayor a 12 SMLMV y menor o igual a 25 SMLMV,5626.91,239,188,2024-07-05,2024-07-26,23.543556485355648
2024-07,Finandina,5,Mayor a 25 SMLMV y menor o igual a 100 SMLMV,728.35,31,30,2024-07-05,2024-07-26,23.49516129032258
2024-07,Finandina,6,Mayor a 100 SMLMV,16.62,1,1,2024-07-12,2024-07-12,16.62
2024-07,Itaú,1,Menor o igual a 3 SMLMV,84.36,3,3,2024-07-12,2024-07-19,28.12
2024-07,Itaú,2,Mayor a 3 SMLMV y menor o igual a 6 SMLMV,585.0600000000001,25,20,2024-07-05,2024-07-26,23.402400000000004
2024-07,Itaú,3,Mayor a 6 SMLMV y menor o igual a 12 SMLMV,1991.07,89,60,2024-07-05,2024-07-26,22.371573033707865
2024-07,Itaú,4,Mayor a 12 SMLMV y menor o igual a 25 SMLMV,3977.1,181,95,2024-07-05,2024-07-26,21.97292817679558
2024-07,Itaú,5,Mayor a 25 SMLMV y menor o igual a 100 SMLMV,8436.0,421,201,2024-07-05,2024-07-26,20.038004750593824
2024-07,Itaú,6,Mayor a 100 SMLMV,1837.59,95,64,2024-07-05,2024-07-26,19.343052631578946
2024-07,Lulo Bank,1,Menor o igual a 3 SMLMV,38643.14,1439,731,2024-07-05,2024-07-26,26.85416261292564
2024-07,Lulo Bank,2,Mayor a 3 SMLMV y menor o igual a 6 SMLMV,32874.21,1206,567,2024-07-05,2024-07-26,27.258880597014926
2024-07,Lulo Bank,3,Mayor a 6 SMLMV y menor o igual a 12 SMLMV,31303.63,1153,485,2024-07-05,2024-07-26,27.149722463139636
2024-07,Lulo Bank,4,Mayor a 12 SMLMV y menor o igual a 25 SMLMV,6427.97,254,123,2024-07-05,2024-07-26,25.306968503937007
2024-07,Lulo Bank,5,Mayor a 25 SMLMV y menor o igual a 100 SMLMV,529.17,22,20,2024-07-05,2024-07-26,24.053181818181816
2024-07,MiBanco,1,Menor o igual a 3 SMLMV,87.57000000000001,3,3,2024-07-05,2024-07-26,29.19
2024-07,MiBanco,2,Mayor a 3 SMLMV y menor o igual a 6 SMLMV,29.19,1,1,2024-07-26,2024-07-26,29.19
2024-07,MiBanco,3,Mayor a 6 SMLMV y menor o igual a 12 SMLMV,29.19,1,1,2024-07-12,2024-07-12,29.19
2024-07,MiBanco,4,Mayor a 12 SMLMV y menor o igual a 25 SMLMV,29.16,1,1,2024-07-19,2024-07-19,29.16
2024-08,BBVA Colombia,1,Menor o igual a 3 SMLMV,22360.63,813,534,2024-08-02,2024-08-30,27.503849938499386
2024-08,BBVA Colombia,2,Mayor a 3 SMLMV y menor o igual a 6 SMLMV,32658.59,1210,691,2024-08-02,2024-08-30,26.990570247933885
2024-08,BBVA Colombia,3,Mayor a 6 SMLMV y menor o igual a 12 SMLMV,31569.99,1214,716,2024-08-02,2024-08-30,26.004934102141682
2024-08,BBVA Colombia,4,Mayor a 12 SMLMV y menor o igual a 25 SMLMV,27771.4,1111,658,2024-08-02,2024-08-30,24.9967596759676
2024-08,BBVA Colombia,5,Mayor a 25 SMLMV y menor o igual a 100 SMLMV,22185.34,927,619,2024-08-02,2024-08-30,23.93240560949299
2024-08,BBVA Colombia,6,Mayor a 100 SMLMV,664.36,28,26,2024-08-02,2024-08-30,23.72714285714286
2024-08,Bancien,1,Menor o igual a 3 SMLMV,758.02,26,26,2024-08-02,2024-08-30,29.154615384615383
2024-08,Bancien,2,Mayor a 3 SMLMV y menor o igual a 6 SMLMV,4957.06,170,151,2024-08-02,2024-08-30,29.15917647058824
2024-08,Bancien,3,Mayor a 6 SMLMV y menor o igual a 12 SMLMV,8571.18,294,235,2024-08-02,2024-08-30,29.153673469387755
2024-08,Bancien,5,Mayor a 25 SMLMV y menor o igual a 100 SMLMV,14.03,1,1,2024-08-30,2024-08-30,14.03
2024-08,Banco AV Villas,1,Menor o igual a 3 SMLMV,4269.45,163,145,2024-08-02,2024-08-30,26.192944785276072
2024-08,Banco AV Villas,2,Mayor a 3 SMLMV y menor o igual a 6 SMLMV,6446.03,255,189,2024-08-02,2024-08-30,25.27854901960784
2024-08,Banco AV Villas,3,Mayor a 6 SMLMV y menor o igual a 12 SMLMV,8608.11,360,258,2024-08-02,2024-08-30,23.911416666666668
2024-08,Banco AV Villas,4,Mayor a 12 SMLMV y menor o igual a 25 SMLMV,6365.46,285,197,2024-08-02,2024-08-30,22.33494736842105
2024-08,Banco AV Villas,5,Mayor a 25 SMLMV y menor o igual a 100 SMLMV,7289.26,361,225,2024-08-02,2024-08-30,20.191855955678673
2024-08,Banco AV Villas,6,Mayor a 100 SMLMV,675.29,37,32,2024-08-02,2024-08-30,18.25108108108108
2024-08,Banco Agrario,1,Menor o igual a 3 SMLMV,1241.4099999999999,48,48,2024-08-02,2024-08-30,25.86270833333333
2024-08,Banco Agrario,2,Mayor a 3 SMLMV y menor o igual a 6 SMLMV,3463.14,134,133,2024-08-02,2024-08-30,25.844328358208955
2024-08,Banco Agrario,3,Mayor a 6 SMLMV y menor o igual a 12 SMLMV,3871.27,155,153,2024-08-02,2024-08-30,24.975935483870966
2024-08,Banco Agrario,4,Mayor a 12 SMLMV y menor o igual a 25 SMLMV,1442.0,60,60,2024-08-02,2024-08-30,24.033333333333335
2024-08,Banco Agrario,5,Mayor a 25 SMLMV y menor o igual a 100 SMLMV,337.2,13,13,2024-08-02,2024-08-30,25.93846153846154
2024-08,Banco Agrario,6,Mayor a 100 SMLMV,25.9,1,1,2024-08-02,2024-08-02,25.9
2024-08,Banco Caja Social,1,Menor o igual a 3 SMLMV,66006.39,2304,1711,2024-08-02,2024-08-30,28.648606770833332
2024-08,Banco Caja Social,2,Mayor a 3 SMLMV y menor o igual a 6 SMLMV,58998.01,2119,1526,2024-08-02,2024-08-30,27.842383199622464
2024-08,Banco Caja Social,3,Mayor a 6 SMLMV y menor o igual a 12 SMLMV,44612.31,1688,1153,2024-08-02,2024-08-30,26.429093601895733
2024-08,Banco Caja Social,4,Mayor a 12 SMLMV y menor o igual a 25 SMLMV,13344.0,561,396,2024-08-02,2024-08-30,23.78609625668449
2024-08,Banco Caja Social,5,Mayor a 25 SMLMV y menor o igual a 100 SMLMV,4579.52,227,189,2024-08-02,2024-08-30,20.17409691629956
2024-08,Banco Caja Social,6,Mayor a 100 SMLMV,30.950000000000003,2,2,2024-08-16,2024-08-23,15.475000000000001
2024-08,Banco Contactar,1,Menor o igual a 3 SMLMV,2131.6,73,67,2024-08-02,2024-08-16,29.2
2024-08,Banco Contactar,2,Mayor a 3 SMLMV y menor o igual a 6 SMLMV,2715.6,93,76,2024-08-02,2024-08-16,29.2
2024-08,Banco Contactar,3,Mayor a 6 SMLMV y menor o igual a 12 SMLMV,87.6,3,3,2024-08-02,2024-08-16,29.2
2024-08,Banco Davibank,1,Menor o igual a 3 SMLMV,3394.04,118,118,2024-08-02,2024-08-30,28.763050847457627
2024-08,Banco Davibank,2,Mayor a 3 SMLMV y menor o igual a 6 SMLMV,8552.37,301,297,2024-08-02,2024-08-30,28.413189368770766
2024-08,Banco Davibank,3,Mayor a 6 SMLMV y menor o igual a 12 SMLMV,21815.74,764,731,2024-08-02,2024-08-30,28.554633507853406
2024-08,Banco Davibank,4,Mayor a 12 SMLMV y menor o igual a 25 SMLMV,32850.3,1159,951,2024-08-02,2024-08-30,28.34365832614323
2024-08,Banco Davibank,5,Mayor a 25 SMLMV y menor o igual a 100 SMLMV,53950.29,1931,910,2024-08-02,2024-08-30,27.93904194717763
2024-08,Banco Davibank,6,Mayor a 100 SMLMV,124225.64,4665,266,2024-08-02,2024-08-30,26.629290460878885
2024-08,Banco Davivienda,1,Menor o igual a 3 SMLMV,85498.29000000001,3764,1392,2024-08-02,2024-08-30,22.714742295430394
2024-08,Banco Davivienda,2,Mayor a 3 SMLMV y menor o igual a 6 SMLMV,109005.63,4976,2432,2024-08-02,2024-08-30,21.90627612540193
2024-08,Banco Davivienda,3,Mayor a 6 SMLMV y menor o igual a 12 SMLMV,121790.77,5591,2402,2024-08-02,2024-08-30,21.783360758361653
2024-08,Banco Davivienda,4,Mayor a 12 SMLMV y menor o igual a 25 SMLMV,131203.09,6640,2769,2024-08-02,2024-08-30,19.759501506024097
2024-08,Banco Davivienda,5,Mayor a 25 SMLMV y menor o igual a 100 SMLMV,87673.49,4864,2268,2024-08-02,2024-08-30,18.02497738486842
2024-08,Banco Davivienda,6,Mayor a 100 SMLMV,688.38,44,31,2024-08-02,2024-08-30,15.645
2024-08,Banco Falabella,1,Menor o igual a 3 SMLMV,221333.22,7760,2032,2024-08-02,2024-08-30,28.522322164948452
2024-08,Banco Falabella,2,Mayor a 3 SMLMV y menor o igual a 6 SMLMV,213604.37,7466,1656,2024-08-02,2024-08-30,28.610282614519154
2024-08,Banco Falabella,3,Mayor a 6 SMLMV y menor o igual a 12 SMLMV,35938.12,1410,846,2024-08-02,2024-08-30,25.48802836879433
2024-08,Banco Falabella,4,Mayor a 12 SMLMV y menor o igual a 25 SMLMV,26377.39,1067,624,2024-08-02,2024-08-30,24.721077788191188
2024-08,Banco Falabella,5,Mayor a 25 SMLMV y menor o igual a 100 SMLMV,9402.86,403,287,2024-08-02,2024-08-30,23.332158808933006
2024-08,Banco Falabella,6,Mayor a 100 SMLMV,173.61,7,7,2024-08-09,2024-08-30,24.801428571428573
2024-08,Banco GNB Sudameris,2,Mayor a 3 SMLMV y menor o igual a 6 SMLMV,61.62,3,3,2024-08-02,2024-08-30,20.54
2024-08,Banco GNB Sudameris,3,Mayor a 6 SMLMV y menor o igual a 12 SMLMV,21.7,1,1,2024-08-09,2024-08-09,21.7
2024-08,Banco GNB Sudameris,4,Mayor a 12 SMLMV y menor o igual a 25 SMLMV,19.56,1,1,2024-08-16,2024-08-16,19.56
2024-08,Banco GNB Sudameris,5,Mayor a 25 SMLMV y menor o igual a 100 SMLMV,121.48,6,6,2024-08-02,2024-08-30,20.246666666666666
2024-08,Banco GNB Sudameris,6,Mayor a 100 SMLMV,37.18,2,2,2024-08-16,2024-08-16,18.59
2024-08,Banco Mundo Mujer,1,Menor o igual a 3 SMLMV,133003.29,4555,2836,2024-08-02,2024-08-30,29.19940504939627
2024-08,Banco Mundo Mujer,2,Mayor a 3 SMLMV y menor o igual a 6 SMLMV,74079.95999999999,2536,1359,2024-08-02,2024-08-30,29.211340694006307
2024-08,Banco Mundo Mujer,3,Mayor a 6 SMLMV y menor o igual a 12 SMLMV,27836.02,955,624,2024-08-02,2024-08-30,29.147664921465967
2024-08,Banco Mundo Mujer,4,Mayor a 12 SMLMV y menor o igual a 25 SMLMV,1048.81,36,34,2024-08-02,2024-08-30,29.133611111111108
2024-08,Banco Popular,1,Menor o igual a 3 SMLMV,58.230000000000004,2,2,2024-08-02,2024-08-23,29.115000000000002
2024-08,Banco Popular,2,Mayor a 3 SMLMV y menor o igual a 6 SMLMV,29.16,1,1,2024-08-16,2024-08-16,29.16
2024-08,Banco Popular,3,Mayor a 6 SMLMV y menor o igual a 12 SMLMV,56.730000000000004,2,2,2024-08-30,2024-08-30,28.365000000000002
2024-08,Banco Popular,4,Mayor a 12 SMLMV y menor o igual a 25 SMLMV,77.45,3,3,2024-08-02,2024-08-30,25.816666666666666
2024-08,Banco Popular,5,Mayor a 25 SMLMV y menor o igual a 100 SMLMV,25.93,1,1,2024-08-16,2024-08-16,25.93
2024-08,Banco Serfinanza,1,Menor o igual a 3 SMLMV,3370.4300000000003,158,142,2024-08-02,2024-08-30,21.331835443037978
2024-08,Banco Serfinanza,2,Mayor a 3 SMLMV y menor o igual a 6 SMLMV,10829.74,503,380,2024-08-02,2024-08-30,21.530298210735587
2024-08,Banco Serfinanza,3,Mayor a 6 SMLMV y menor o igual a 12 SMLMV,2717.03,131,116,2024-08-02,2024-08-30,20.740687022900765
2024-08,Banco Serfinanza,4,Mayor a 12 SMLMV y menor o igual a 25 SMLMV,1794.15,89,78,2024-08-02,2024-08-30,20.158988764044945
2024-08,Banco Serfinanza,5,Mayor a 25 SMLMV y menor o igual a 100 SMLMV,276.33,13,13,2024-08-02,2024-08-30,21.256153846153843
2024-08,Banco Serfinanza,6,Mayor a 100 SMLMV,42.7,2,2,2024-08-02,2024-08-16,21.35
2024-08,Banco Unión,1,Menor o igual a 3 SMLMV,261.52,9,9,2024-08-02,2024-08-30,29.057777777777776
2024-08,Banco Unión,2,Mayor a 3 SMLMV y menor o igual a 6 SMLMV,29.08,1,1,2024-08-09,2024-08-09,29.08
2024-08,Banco Unión,3,Mayor a 6 SMLMV y menor o igual a 12 SMLMV,145.39999999999998,5,5,2024-08-09,2024-08-23,29.079999999999995
2024-08,Banco Unión,4,Mayor a 12 SMLMV y menor o igual a 25 SMLMV,86.78,3,2,2024-08-23,2024-08-30,28.926666666666666
2024-08,Banco Unión,5,Mayor a 25 SMLMV y menor o igual a 100 SMLMV,58.06,2,2,2024-08-02,2024-08-30,29.03
2024-08,Banco de Bogotá,1,Menor o igual a 3 SMLMV,402225.8,14082,5363,2024-08-02,2024-08-30,28.56311603465417
2024-08,Banco de Bogotá,2,Mayor a 3 SMLMV y menor o igual a 6 SMLMV,344242.37,12140,4643,2024-08-02,2024-08-30,28.356043657331135
2024-08,Banco de Bogotá,3,Mayor a 6 SMLMV y menor o igual a 12 SMLMV,269131.62,9616,3616,2024-08-02,2024-08-30,27.987897254575707
2024-08,Banco de Bogotá,4,Mayor a 12 SMLMV y menor o igual a 25 SMLMV,101122.25,3870,1839,2024-08-02,2024-08-30,26.129780361757106
2024-08,Banco de Bogotá,5,Mayor a 25 SMLMV y menor o igual a 100 SMLMV,64631.42,2855,1443,2024-08-02,2024-08-30,22.637975481611207
2024-08,Banco de Bogotá,6,Mayor a 100 SMLMV,3804.16,224,172,2024-08-02,2024-08-30,16.982857142857142
2024-08,Banco de Occidente,1,Menor o igual a 3 SMLMV,691.16,30,28,2024-08-02,2024-08-30,23.038666666666664
2024-08,Banco de Occidente,2,Mayor a 3 SMLMV y menor o igual a 6 SMLMV,2826.09,113,104,2024-08-02,2024-08-30,25.009646017699115
2024-08,Banco de Occidente,3,Mayor a 6 SMLMV y menor o igual a 12 SMLMV,8642.51,352,241,2024-08-02,2024-08-30,24.55258522727273
2024-08,Banco de Occidente,4,Mayor a 12 SMLMV y menor o igual a 25 SMLMV,15602.38,663,315,2024-08-02,2024-08-30,23.533001508295623
2024-08,Banco de Occidente,5,Mayor a 25 SMLMV y menor o igual a 100 SMLMV,41140.97,1946,693,2024-08-02,2024-08-30,21.141300102774924
2024-08,Banco de Occidente,6,Mayor a 100 SMLMV,6719.76,338,169,2024-08-02,2024-08-30,19.88094674556213
2024-08,Bancolombia,1,Menor o igual a 3 SMLMV,850466.6799999999,30893,8267,2024-08-02,2024-08-30,27.529429967953902
2024-08,Bancolombia,2,Mayor a 3 SMLMV y menor o igual a 6 SMLMV,249251.84,9637,3069,2024-08-02,2024-08-30,25.864048977897685
2024-08,Bancolombia,3,Mayor a 6 SMLMV y menor o igual a 12 SMLMV,167721.2,6676,2262,2024-08-02,2024-08-30,25.12300778909527
2024-08,Bancolombia,4,Mayor a 12 SMLMV y menor o igual a 25 SMLMV,132891.59,5436,1728,2024-08-02,2024-08-30,24.44657652685798
2024-08,Bancolombia,5,Mayor a 25 SMLMV y menor o igual a 100 SMLMV,118707.35,5085,2193,2024-08-02,2024-08-30,23.344611602753197
2024-08,Bancolombia,6,Mayor a 100 SMLMV,11144.34,523,377,2024-08-02,2024-08-30,21.30848948374761
2024-08,Bancoomeva,1,Menor o igual a 3 SMLMV,1612.79,67,62,2024-08-02,2024-08-30,24.071492537313432
2024-08,Bancoomeva,2,Mayor a 3 SMLMV y menor o igual a 6 SMLMV,3934.65,161,140,2024-08-02,2024-08-30,24.4388198757764
2024-08,Bancoomeva,3,Mayor a 6 SMLMV y menor o igual a 12 SMLMV,6758.35,287,230,2024-08-02,2024-08-30,23.548257839721256
2024-08,Bancoomeva,4,Mayor a 12 SMLMV y menor o igual a 25 SMLMV,9668.42,416,290,2024-08-02,2024-08-30,23.24139423076923
2024-08,Bancoomeva,5,Mayor a 25 SMLMV y menor o igual a 100 SMLMV,10807.92,462,362,2024-08-02,2024-08-30,23.393766233766232
2024-08,Bancoomeva,6,Mayor a 100 SMLMV,192.01999999999998,8,8,2024-08-02,2024-08-30,24.002499999999998
2024-08,Coopcentral,1,Menor o igual a 3 SMLMV,51.0,2,2,2024-08-02,2024-08-09,25.5
2024-08,Coopcentral,2,Mayor a 3 SMLMV y menor o igual a 6 SMLMV,137.85,5,5,2024-08-09,2024-08-30,27.57
2024-08,Coopcentral,3,Mayor a 6 SMLMV y menor o igual a 12 SMLMV,75.0,3,3,2024-08-02,2024-08-30,25.0
2024-08,Coopcentral,4,Mayor a 12 SMLMV y menor o igual a 25 SMLMV,35.0,2,2,2024-08-02,2024-08-02,17.5
2024-08,Coopcentral,5,Mayor a 25 SMLMV y menor o igual a 100 SMLMV,18.0,1,1,2024-08-16,2024-08-16,18.0
2024-08,Finandina,1,Menor o igual a 3 SMLMV,101.8,4,4,2024-08-02,2024-08-30,25.45
2024-08,Finandina,2,Mayor a 3 SMLMV y menor o igual a 6 SMLMV,1423.37,52,46,2024-08-02,2024-08-30,27.3725
2024-08,Finandina,3,Mayor a 6 SMLMV y menor o igual a 12 SMLMV,4751.29,184,154,2024-08-02,2024-08-30,25.822228260869565
2024-08,Finandina,4,Mayor a 12 SMLMV y menor o igual a 25 SMLMV,7575.35,307,244,2024-08-02,2024-08-30,24.67540716612378
2024-08,Finandina,5,Mayor a 25 SMLMV y menor o igual a 100 SMLMV,980.96,41,37,2024-08-02,2024-08-30,23.925853658536585
2024-08,Itaú,1,Menor o igual a 3 SMLMV,110.58,4,4,2024-08-02,2024-08-30,27.645
2024-08,Itaú,2,Mayor a 3 SMLMV y menor o igual a 6 SMLMV,1460.29,60,52,2024-08-02,2024-08-30,24.338166666666666
2024-08,Itaú,3,Mayor a 6 SMLMV y menor o igual a 12 SMLMV,3547.19,154,95,2024-08-02,2024-08-30,23.0337012987013
2024-08,Itaú,4,Mayor a 12 SMLMV y menor o igual a 25 SMLMV,7182.06,323,152,2024-08-02,2024-08-30,22.23547987616099
2024-08,Itaú,5,Mayor a 25 SMLMV y menor o igual a 100 SMLMV,17136.920000000002,825,389,2024-08-02,2024-08-30,20.772024242424244
2024-08,Itaú,6,Mayor a 100 SMLMV,3944.27,201,130,2024-08-02,2024-08-30,19.62323383084577
2024-08,Lulo Bank,1,Menor o igual a 3 SMLMV,74202.83,2761,1281,2024-08-02,2024-08-30,26.875345889170593
2024-08,Lulo Bank,2,Mayor a 3 SMLMV y menor o igual a 6 SMLMV,42297.93,1542,737,2024-08-02,2024-08-30,27.43056420233463
2024-08,Lulo Bank,3,Mayor a 6 SMLMV y menor o igual a 12 SMLMV,35372.340000000004,1300,584,2024-08-02,2024-08-30,27.20949230769231
2024-08,Lulo Bank,4,Mayor a 12 SMLMV y menor o igual a 25 SMLMV,7605.87,299,167,2024-08-02,2024-08-30,25.437692307692306
2024-08,Lulo Bank,5,Mayor a 25 SMLMV y menor o igual a 100 SMLMV,625.63,25,19,2024-08-02,2024-08-30,25.025199999999998
2024-08,MiBanco,2,Mayor a 3 SMLMV y menor o igual a 6 SMLMV,58.1,2,2,2024-08-02,2024-08-16,29.05
2024-08,MiBanco,3,Mayor a 6 SMLMV y menor o igual a 12 SMLMV,29.19,1,1,2024-08-02,2024-08-02,29.19
2024-09,BBVA Colombia,1,Menor o igual a 3 SMLMV,26671.97,1103,654,2024-09-06,2024-09-27,24.181296464188577
2024-09,BBVA Colombia,2,Mayor a 3 SMLMV y menor o igual a 6 SMLMV,43847.39,1858,897,2024-09-06,2024-09-27,23.599241119483317
2024-09,BBVA Colombia,3,Mayor a 6 SMLMV y menor o igual a 12 SMLMV,68507.49,2860,1192,2024-09-06,2024-09-27,23.953667832167834
2024-09,BBVA Colombia,4,Mayor a 12 SMLMV y menor o igual a 25 SMLMV,64377.27,2775,1175,2024-09-06,2024-09-27,23.199016216216215
2024-09,BBVA Colombia,5,Mayor a 25 SMLMV y menor o igual a 100 SMLMV,49571.69,2214,1077,2024-09-06,2024-09-27,22.390103884372177
2024-09,BBVA Colombia,6,Mayor a 100 SMLMV,270.9,13,13,2024-09-06,2024-09-27,20.838461538461537
2024-09,Bancien,2,Mayor a 3 SMLMV y menor o igual a 6 SMLMV,14.03,1,1,2024-09-27,2024-09-27,14.03
2024-09,Banco AV Villas,1,Menor o igual a 3 SMLMV,5056.54,206,180,2024-09-06,2024-09-27,24.54631067961165
2024-09,Banco AV Villas,2,Mayor a 3 SMLMV y menor o igual a 6 SMLMV,7248.96,306,228,2024-09-06,2024-09-27,23.689411764705884
2024-09,Banco AV Villas,3,Mayor a 6 SMLMV y menor o igual a 12 SMLMV,9398.22,424,305,2024-09-06,2024-09-27,22.165613207547167
2024-09,Banco AV Villas,4,Mayor a 12 SMLMV y menor o igual a 25 SMLMV,9661.15,462,293,2024-09-06,2024-09-27,20.911580086580084
2024-09,Banco AV Villas,5,Mayor a 25 SMLMV y menor o igual a 100 SMLMV,9598.26,506,298,2024-09-06,2024-09-27,18.96889328063241
2024-09,Banco AV Villas,6,Mayor a 100 SMLMV,1087.31,63,56,2024-09-06,2024-09-27,17.258888888888887
2024-09,Banco Agrario,1,Menor o igual a 3 SMLMV,808.76,32,32,2024-09-06,2024-09-27,25.27375
2024-09,Banco Agrario,2,Mayor a 3 SMLMV y menor o igual a 6 SMLMV,2711.22,107,107,2024-09-06,2024-09-27,25.338504672897194
2024-09,Banco Agrario,3,Mayor a 6 SMLMV y menor o igual a 12 SMLMV,3264.3799999999997,132,130,2024-09-06,2024-09-27,24.730151515151512
2024-09,Banco Agrario,4,Mayor a 12 SMLMV y menor o igual a 25 SMLMV,1211.74,51,51,2024-09-06,2024-09-27,23.759607843137257
2024-09,Banco Agrario,5,Mayor a 25 SMLMV y menor o igual a 100 SMLMV,524.8399999999999,21,21,2024-09-06,2024-09-27,24.992380952380948
2024-09,Banco Caja Social,1,Menor o igual a 3 SMLMV,51927.49,1839,1343,2024-09-06,2024-09-27,28.236808047852094
2024-09,Banco Caja Social,2,Mayor a 3 SMLMV y menor o igual a 6 SMLMV,46888.05,1707,1216,2024-09-06,2024-09-27,27.46810193321617
2024-09,Banco Caja Social,3,Mayor a 6 SMLMV y menor o igual a 12 SMLMV,39461.22,1498,978,2024-09-06,2024-09-27,26.34260347129506
2024-09,Banco Caja Social,4,Mayor a 12 SMLMV y menor o igual a 25 SMLMV,11693.9,487,345,2024-09-06,2024-09-27,24.01211498973306
2024-09,Banco Caja Social,5,Mayor a 25 SMLMV y menor o igual a 100 SMLMV,3921.56,188,154,2024-09-06,2024-09-27,20.85936170212766
2024-09,Banco Caja Social,6,Mayor a 100 SMLMV,44.91,2,2,2024-09-06,2024-09-27,22.455
2024-09,Banco Davibank,1,Menor o igual a 3 SMLMV,1966.94,71,71,2024-09-06,2024-09-27,27.70338028169014
2024-09,Banco Davibank,2,Mayor a 3 SMLMV y menor o igual a 6 SMLMV,7369.39,269,266,2024-09-06,2024-09-27,27.39550185873606
2024-09,Banco Davibank,3,Mayor a 6 SMLMV y menor o igual a 12 SMLMV,17732.57,649,620,2024-09-06,2024-09-27,27.32291217257319
2024-09,Banco Davibank,4,Mayor a 12 SMLMV y menor o igual a 25 SMLMV,26294.46,969,765,2024-09-06,2024-09-27,27.135665634674922
2024-09,Banco Davibank,5,Mayor a 25 SMLMV y menor o igual a 100 SMLMV,43584.53,1644,707,2024-09-06,2024-09-27,26.511271289537714
2024-09,Banco Davibank,6,Mayor a 100 SMLMV,94282.3,3696,182,2024-09-06,2024-09-27,25.509280303030305
2024-09,Banco Davivienda,1,Menor o igual a 3 SMLMV,81182.78,3130,1202,2024-09-06,2024-09-27,25.936990415335462
2024-09,Banco Davivienda,2,Mayor a 3 SMLMV y menor o igual a 6 SMLMV,104127.14,4343,2107,2024-09-06,2024-09-27,23.975855399493437
2024-09,Banco Davivienda,3,Mayor a 6 SMLMV y menor o igual a 12 SMLMV,110898.01,4721,2103,2024-09-06,2024-09-27,23.490364329591188
2024-09,Banco Davivienda,4,Mayor a 12 SMLMV y menor o igual a 25 SMLMV,119765.42,5521,2457,2024-09-06,2024-09-27,21.692704220249954
2024-09,Banco Davivienda,5,Mayor a 25 SMLMV y menor o igual a 100 SMLMV,71833.43000000001,3690,1766,2024-09-06,2024-09-27,19.46705420054201
2024-09,Banco Davivienda,6,Mayor a 100 SMLMV,636.43,41,26,2024-09-06,2024-09-27,15.522682926829267
2024-09,Banco Falabella,1,Menor o igual a 3 SMLMV,180105.32,6388,1633,2024-09-06,2024-09-27,28.194320601127114
2024-09,Banco Falabella,2,Mayor a 3 SMLMV y menor o igual a 6 SMLMV,164047.94,5819,1357,2024-09-06,2024-09-27,28.191775219109815
2024-09,Banco Falabella,3,Mayor a 6 SMLMV y menor o igual a 12 SMLMV,37191.06,1440,782,2024-09-06,2024-09-27,25.827125
2024-09,Banco Falabella,4,Mayor a 12 SMLMV y menor o igual a 25 SMLMV,25023.45,1002,611,2024-09-06,2024-09-27,24.973502994011977
2024-09,Banco Falabella,5,Mayor a 25 SMLMV y menor o igual a 100 SMLMV,6985.09,302,219,2024-09-06,2024-09-27,23.129437086092715
2024-09,Banco Falabella,6,Mayor a 100 SMLMV,156.84,7,6,2024-09-06,2024-09-27,22.405714285714286
2024-09,Banco GNB Sudameris,2,Mayor a 3 SMLMV y menor o igual a 6 SMLMV,18.04,1,1,2024-09-20,2024-09-20,18.04
2024-09,Banco GNB Sudameris,3,Mayor a 6 SMLMV y menor o igual a 12 SMLMV,19.57,1,1,2024-09-13,2024-09-13,19.57
2024-09,Banco GNB Sudameris,5,Mayor a 25 SMLMV y menor o igual a 100 SMLMV,112.19,6,6,2024-09-06,2024-09-27,18.698333333333334
2024-09,Banco GNB Sudameris,6,Mayor a 100 SMLMV,16.77,1,1,2024-09-27,2024-09-27,16.77
2024-09,Banco Mundo Mujer,1,Menor o igual a 3 SMLMV,108828.48,3778,2302,2024-09-06,2024-09-27,28.805844362096344
2024-09,Banco Mundo Mujer,2,Mayor a 3 SMLMV y menor o igual a 6 SMLMV,59378.74,2061,1126,2024-09-06,2024-09-27,28.810645317806888
2024-09,Banco Mundo Mujer,3,Mayor a 6 SMLMV y menor o igual a 12 SMLMV,22367.46,778,478,2024-09-06,2024-09-27,28.74994858611825
2024-09,Banco Mundo Mujer,4,Mayor a 12 SMLMV y menor o igual a 25 SMLMV,806.28,28,28,2024-09-06,2024-09-27,28.795714285714286
2024-09,Banco Pichincha,4,Mayor a 12 SMLMV y menor o igual a 25 SMLMV,20.98,1,1,2024-09-27,2024-09-27,20.98
2024-09,Banco Popular,1,Menor o igual a 3 SMLMV,28.55,1,1,2024-09-27,2024-09-27,28.55
2024-09,Banco Popular,2,Mayor a 3 SMLMV y menor o igual a 6 SMLMV,57.56,2,2,2024-09-13,2024-09-13,28.78
2024-09,Banco Popular,3,Mayor a 6 SMLMV y menor o igual a 12 SMLMV,85.22,3,3,2024-09-13,2024-09-20,28.406666666666666
2024-09,Banco Popular,4,Mayor a 12 SMLMV y menor o igual a 25 SMLMV,84.95,3,3,2024-09-20,2024-09-27,28.316666666666666
2024-09,Banco Popular,5,Mayor a 25 SMLMV y menor o igual a 100 SMLMV,64.75,3,3,2024-09-13,2024-09-27,21.583333333333332
2024-09,Banco Santander,3,Mayor a 6 SMLMV y menor o igual a 12 SMLMV,9.0,2,2,2024-09-27,2024-09-27,4.5
2024-09,Banco Santander,4,Mayor a 12 SMLMV y menor o igual a 25 SMLMV,13.5,3,1,2024-09-27,2024-09-27,4.5
2024-09,Banco Santander,5,Mayor a 25 SMLMV y menor o igual a 100 SMLMV,4.5,1,1,2024-09-27,2024-09-27,4.5
2024-09,Banco Santander,6,Mayor a 100 SMLMV,4.5,1,1,2024-09-27,2024-09-27,4.5
2024-09,Banco Serfinanza,1,Menor o igual a 3 SMLMV,3289.54,158,118,2024-09-06,2024-09-27,20.819873417721517
2024-09,Banco Serfinanza,2,Mayor a 3 SMLMV y menor o igual a 6 SMLMV,11590.890000000001,548,346,2024-09-06,2024-09-27,21.151259124087595
2024-09,Banco Serfinanza,3,Mayor a 6 SMLMV y menor o igual a 12 SMLMV,1836.26,86,78,2024-09-06,2024-09-27,21.351860465116278
2024-09,Banco Serfinanza,4,Mayor a 12 SMLMV y menor o igual a 25 SMLMV,1345.5,66,56,2024-09-06,2024-09-27,20.386363636363637
2024-09,Banco Serfinanza,5,Mayor a 25 SMLMV y menor o igual a 100 SMLMV,246.23000000000002,12,12,2024-09-06,2024-09-27,20.519166666666667
2024-09,Banco Serfinanza,6,Mayor a 100 SMLMV,38.9,2,2,2024-09-06,2024-09-06,19.45
2024-09,Banco Unión,1,Menor o igual a 3 SMLMV,171.78,6,6,2024-09-06,2024-09-27,28.63
2024-09,Banco Unión,2,Mayor a 3 SMLMV y menor o igual a 6 SMLMV,57.26,2,2,2024-09-06,2024-09-06,28.63
2024-09,Banco Unión,3,Mayor a 6 SMLMV y menor o igual a 12 SMLMV,57.26,2,2,2024-09-13,2024-09-27,28.63
2024-09,Banco Unión,4,Mayor a 12 SMLMV y menor o igual a 25 SMLMV,28.63,1,1,2024-09-20,2024-09-20,28.63
2024-09,Banco Unión,5,Mayor a 25 SMLMV y menor o igual a 100 SMLMV,28.63,1,1,2024-09-27,2024-09-27,28.63
2024-09,Banco de Bogotá,1,Menor o igual a 3 SMLMV,307215.21,10892,4208,2024-09-06,2024-09-27,28.205582996694822
2024-09,Banco de Bogotá,2,Mayor a 3 SMLMV y menor o igual a 6 SMLMV,249769.54,8926,3512,2024-09-06,2024-09-27,27.982247367241765
2024-09,Banco de Bogotá,3,Mayor a 6 SMLMV y menor o igual a 12 SMLMV,198046.63,7163,2867,2024-09-06,2024-09-27,27.64855926287868
2024-09,Banco de Bogotá,4,Mayor a 12 SMLMV y menor o igual a 25 SMLMV,71759.07,2783,1437,2024-09-06,2024-09-27,25.784789795185056
2024-09,Banco de Bogotá,5,Mayor a 25 SMLMV y menor o igual a 100 SMLMV,46295.28,2105,1249,2024-09-06,2024-09-27,21.993007125890735
2024-09,Banco de Bogotá,6,Mayor a 100 SMLMV,3270.14,198,146,2024-09-06,2024-09-27,16.515858585858584
2024-09,Banco de Occidente,1,Menor o igual a 3 SMLMV,920.25,40,39,2024-09-06,2024-09-27,23.00625
2024-09,Banco de Occidente,2,Mayor a 3 SMLMV y menor o igual a 6 SMLMV,1729.11,77,70,2024-09-06,2024-09-27,22.455974025974026
2024-09,Banco de Occidente,3,Mayor a 6 SMLMV y menor o igual a 12 SMLMV,6092.9,251,161,2024-09-06,2024-09-27,24.274501992031873
2024-09,Banco de Occidente,4,Mayor a 12 SMLMV y menor o igual a 25 SMLMV,11576.04,512,261,2024-09-06,2024-09-27,22.609453125
2024-09,Banco de Occidente,5,Mayor a 25 SMLMV y menor o igual a 100 SMLMV,26428.35,1272,490,2024-09-06,2024-09-27,20.777004716981132
2024-09,Banco de Occidente,6,Mayor a 100 SMLMV,4638.8099999999995,243,140,2024-09-06,2024-09-27,19.08975308641975
2024-09,Bancolombia,1,Menor o igual a 3 SMLMV,800935.9,29107,7997,2024-09-06,2024-09-27,27.516951248840485
2024-09,Bancolombia,2,Mayor a 3 SMLMV y menor o igual a 6 SMLMV,222303.36000000002,8606,2985,2024-09-06,2024-09-27,25.831206135254476
2024-09,Bancolombia,3,Mayor a 6 SMLMV y menor o igual a 12 SMLMV,143750.02,5724,2026,2024-09-06,2024-09-27,25.113560447239692
2024-09,Bancolombia,4,Mayor a 12 SMLMV y menor o igual a 25 SMLMV,122641.25,5015,1542,2024-09-06,2024-09-27,24.454885343968094
2024-09,Bancolombia,5,Mayor a 25 SMLMV y menor o igual a 100 SMLMV,106952.18000000001,4593,1897,2024-09-06,2024-09-27,23.285908991944265
2024-09,Bancolombia,6,Mayor a 100 SMLMV,10598.5,504,353,2024-09-06,2024-09-27,21.028769841269842
2024-09,Bancoomeva,1,Menor o igual a 3 SMLMV,864.1899999999999,36,36,2024-09-06,2024-09-27,24.005277777777778
2024-09,Bancoomeva,2,Mayor a 3 SMLMV y menor o igual a 6 SMLMV,2120.78,90,84,2024-09-06,2024-09-27,23.564222222222224
2024-09,Bancoomeva,3,Mayor a 6 SMLMV y menor o igual a 12 SMLMV,3471.99,153,124,2024-09-06,2024-09-27,22.692745098039214
2024-09,Bancoomeva,4,Mayor a 12 SMLMV y menor o igual a 25 SMLMV,5060.25,226,189,2024-09-06,2024-09-27,22.390486725663717
2024-09,Bancoomeva,5,Mayor a 25 SMLMV y menor o igual a 100 SMLMV,5991.88,272,213,2024-09-06,2024-09-27,22.028970588235296
2024-09,Bancoomeva,6,Mayor a 100 SMLMV,144.42000000000002,6,6,2024-09-06,2024-09-27,24.070000000000004
2024-09,Coopcentral,1,Menor o igual a 3 SMLMV,53.0,2,2,2024-09-13,2024-09-27,26.5
2024-09,Coopcentral,2,Mayor a 3 SMLMV y menor o igual a 6 SMLMV,96.0,4,4,2024-09-06,2024-09-20,24.0
2024-09,Coopcentral,3,Mayor a 6 SMLMV y menor o igual a 12 SMLMV,50.0,2,2,2024-09-06,2024-09-13,25.0
2024-09,Coopcentral,4,Mayor a 12 SMLMV y menor o igual a 25 SMLMV,41.0,2,2,2024-09-06,2024-09-27,20.5
2024-09,Coopcentral,5,Mayor a 25 SMLMV y menor o igual a 100 SMLMV,52.0,4,4,2024-09-06,2024-09-27,13.0
2024-09,Finandina,2,Mayor a 3 SMLMV y menor o igual a 6 SMLMV,1465.3799999999999,53,39,2024-09-06,2024-09-27,27.648679245283017
2024-09,Finandina,3,Mayor a 6 SMLMV y menor o igual a 12 SMLMV,3961.75,150,106,2024-09-06,2024-09-27,26.411666666666665
2024-09,Finandina,4,Mayor a 12 SMLMV y menor o igual a 25 SMLMV,5514.34,220,145,2024-09-06,2024-09-27,25.06518181818182
2024-09,Finandina,5,Mayor a 25 SMLMV y menor o igual a 100 SMLMV,744.64,32,28,2024-09-06,2024-09-27,23.27
2024-09,Itaú,1,Menor o igual a 3 SMLMV,144.87,6,6,2024-09-06,2024-09-27,24.145
2024-09,Itaú,2,Mayor a 3 SMLMV y menor o igual a 6 SMLMV,925.98,38,29,2024-09-06,2024-09-27,24.367894736842107
2024-09,Itaú,3,Mayor a 6 SMLMV y menor o igual a 12 SMLMV,3034.32,131,79,2024-09-06,2024-09-27,23.162748091603056
2024-09,Itaú,4,Mayor a 12 SMLMV y menor o igual a 25 SMLMV,4834.35,221,96,2024-09-06,2024-09-27,21.874886877828057
2024-09,Itaú,5,Mayor a 25 SMLMV y menor o igual a 100 SMLMV,11857.17,554,262,2024-09-06,2024-09-27,21.40283393501805
2024-09,Itaú,6,Mayor a 100 SMLMV,3145.48,159,122,2024-09-06,2024-09-27,19.782893081761006
2024-09,Lulo Bank,1,Menor o igual a 3 SMLMV,50353.19,1874,930,2024-09-06,2024-09-27,26.869364994663822
2024-09,Lulo Bank,2,Mayor a 3 SMLMV y menor o igual a 6 SMLMV,33382.9,1223,596,2024-09-06,2024-09-27,27.295911692559283
2024-09,Lulo Bank,3,Mayor a 6 SMLMV y menor o igual a 12 SMLMV,26148.53,959,453,2024-09-06,2024-09-27,27.26645464025026
2024-09,Lulo Bank,4,Mayor a 12 SMLMV y menor o igual a 25 SMLMV,6382.71,248,143,2024-09-06,2024-09-27,25.736733870967743
2024-09,Lulo Bank,5,Mayor a 25 SMLMV y menor o igual a 100 SMLMV,1499.1,58,47,2024-09-06,2024-09-27,25.846551724137928
2024-09,MiBanco,1,Menor o igual a 3 SMLMV,28.55,1,1,2024-09-13,2024-09-13,28.55
2024-09,MiBanco,2,Mayor a 3 SMLMV y menor o igual a 6 SMLMV,114.2,4,4,2024-09-13,2024-09-27,28.55
2024-10,BBVA Colombia,1,Menor o igual a 3 SMLMV,20099.84,853,518,2024-10-04,2024-10-25,23.563704572098477
2024-10,BBVA Colombia,2,Mayor a 3 SMLMV y menor o igual a 6 SMLMV,35127.68,1498,802,2024-10-04,2024-10-25,23.449719626168225
2024-10,BBVA Colombia,3,Mayor a 6 SMLMV y menor o igual a 12 SMLMV,52108.54,2222,1078,2024-10-04,2024-10-25,23.45118811881188
2024-10,BBVA Colombia,4,Mayor a 12 SMLMV y menor o igual a 25 SMLMV,45909.0,2020,926,2024-10-04,2024-10-25,22.727227722772277
2024-10,BBVA Colombia,5,Mayor a 25 SMLMV y menor o igual a 100 SMLMV,36643.08,1670,910,2024-10-04,2024-10-25,21.941964071856287
2024-10,BBVA Colombia,6,Mayor a 100 SMLMV,607.61,30,28,2024-10-04,2024-10-25,20.253666666666668
2024-10,Banco AV Villas,1,Menor o igual a 3 SMLMV,5126.09,218,187,2024-10-04,2024-10-25,23.514174311926606
2024-10,Banco AV Villas,2,Mayor a 3 SMLMV y menor o igual a 6 SMLMV,7694.7300000000005,330,242,2024-10-04,2024-10-25,23.317363636363638
2024-10,Banco AV Villas,3,Mayor a 6 SMLMV y menor o igual a 12 SMLMV,11191.62,494,348,2024-10-04,2024-10-25,22.655101214574902
2024-10,Banco AV Villas,4,Mayor a 12 SMLMV y menor o igual a 25 SMLMV,10371.58,495,308,2024-10-04,2024-10-25,20.952686868686868
2024-10,Banco AV Villas,5,Mayor a 25 SMLMV y menor o igual a 100 SMLMV,10779.08,560,331,2024-10-04,2024-10-25,19.24835714285714
2024-10,Banco AV Villas,6,Mayor a 100 SMLMV,1694.51,95,77,2024-10-04,2024-10-25,17.836947368421054
2024-10,Banco Agrario,1,Menor o igual a 3 SMLMV,803.58,32,32,2024-10-04,2024-10-25,25.111875
2024-10,Banco Agrario,2,Mayor a 3 SMLMV y menor o igual a 6 SMLMV,2418.7,97,96,2024-10-04,2024-10-25,24.93505154639175
2024-10,Banco Agrario,3,Mayor a 6 SMLMV y menor o igual a 12 SMLMV,2572.19,105,105,2024-10-04,2024-10-25,24.49704761904762
2024-10,Banco Agrario,4,Mayor a 12 SMLMV y menor o igual a 25 SMLMV,1326.46,56,56,2024-10-04,2024-10-25,23.686785714285715
2024-10,Banco Agrario,5,Mayor a 25 SMLMV y menor o igual a 100 SMLMV,273.56,11,11,2024-10-04,2024-10-25,24.86909090909091
2024-10,Banco Caja Social,1,Menor o igual a 3 SMLMV,46823.880000000005,1698,1264,2024-10-04,2024-10-25,27.575901060070674
2024-10,Banco Caja Social,2,Mayor a 3 SMLMV y menor o igual a 6 SMLMV,47529.41,1769,1311,2024-10-04,2024-10-25,26.86795364612776
2024-10,Banco Caja Social,3,Mayor a 6 SMLMV y menor o igual a 12 SMLMV,36969.12,1438,981,2024-10-04,2024-10-25,25.70870653685675
2024-10,Banco Caja Social,4,Mayor a 12 SMLMV y menor o igual a 25 SMLMV,12078.87,514,358,2024-10-04,2024-10-25,23.499747081712062
2024-10,Banco Caja Social,5,Mayor a 25 SMLMV y menor o igual a 100 SMLMV,3860.06,184,153,2024-10-04,2024-10-25,20.978586956521738
2024-10,Banco Caja Social,6,Mayor a 100 SMLMV,47.7,3,3,2024-10-18,2024-10-25,15.9
2024-10,Banco Davibank,1,Menor o igual a 3 SMLMV,2375.7400000000002,88,88,2024-10-04,2024-10-25,26.997045454545457
2024-10,Banco Davibank,2,Mayor a 3 SMLMV y menor o igual a 6 SMLMV,6308.88,235,233,2024-10-04,2024-10-25,26.846297872340426
2024-10,Banco Davibank,3,Mayor a 6 SMLMV y menor o igual a 12 SMLMV,15932.77,601,572,2024-10-04,2024-10-25,26.510432612312812
2024-10,Banco Davibank,4,Mayor a 12 SMLMV y menor o igual a 25 SMLMV,21328.05,827,698,2024-10-04,2024-10-25,25.789661426844013
2024-10,Banco Davibank,5,Mayor a 25 SMLMV y menor o igual a 100 SMLMV,37851.75,1514,747,2024-10-04,2024-10-25,25.001155878467635
2024-10,Banco Davibank,6,Mayor a 100 SMLMV,151835.86000000002,6346,285,2024-10-04,2024-10-25,23.926230696501737
2024-10,Banco Davivienda,1,Menor o igual a 3 SMLMV,85407.68,3252,1190,2024-10-04,2024-10-25,26.263124231242312
2024-10,Banco Davivienda,2,Mayor a 3 SMLMV y menor o igual a 6 SMLMV,108479.73,4392,2089,2024-10-04,2024-10-25,24.699392076502733
2024-10,Banco Davivienda,3,Mayor a 6 SMLMV y menor o igual a 12 SMLMV,110661.25,4553,1974,2024-10-04,2024-10-25,24.305128486712057
2024-10,Banco Davivienda,4,Mayor a 12 SMLMV y menor o igual a 25 SMLMV,105833.01,4570,2017,2024-10-04,2024-10-25,23.158207877461706
2024-10,Banco Davivienda,5,Mayor a 25 SMLMV y menor o igual a 100 SMLMV,66185.59,3148,1575,2024-10-04,2024-10-25,21.024647395171538
2024-10,Banco Davivienda,6,Mayor a 100 SMLMV,423.35,24,20,2024-10-04,2024-10-25,17.639583333333334
2024-10,Banco Falabella,1,Menor o igual a 3 SMLMV,219075.82,8001,2110,2024-10-04,2024-10-25,27.381054868141483
2024-10,Banco Falabella,2,Mayor a 3 SMLMV y menor o igual a 6 SMLMV,180986.96,6626,1722,2024-10-04,2024-10-25,27.314663447026863
2024-10,Banco Falabella,3,Mayor a 6 SMLMV y menor o igual a 12 SMLMV,58014.14,2273,1084,2024-10-04,2024-10-25,25.523158820941486
2024-10,Banco Falabella,4,Mayor a 12 SMLMV y menor o igual a 25 SMLMV,38750.33,1557,760,2024-10-04,2024-10-25,24.88781631342325
2024-10,Banco Falabella,5,Mayor a 25 SMLMV y menor o igual a 100 SMLMV,10278.78,447,254,2024-10-04,2024-10-25,22.99503355704698
2024-10,Banco Falabella,6,Mayor a 100 SMLMV,130.68,6,6,2024-10-11,2024-10-18,21.78
2024-10,Banco GNB Sudameris,1,Menor o igual a 3 SMLMV,22.0,1,1,2024-10-25,2024-10-25,22.0
2024-10,Banco GNB Sudameris,2,Mayor a 3 SMLMV y menor o igual a 6 SMLMV,16.77,1,1,2024-10-18,2024-10-18,16.77
2024-10,Banco GNB Sudameris,3,Mayor a 6 SMLMV y menor o igual a 12 SMLMV,71.3,4,4,2024-10-04,2024-10-25,17.825
2024-10,Banco GNB Sudameris,5,Mayor a 25 SMLMV y menor o igual a 100 SMLMV,86.44,5,5,2024-10-04,2024-10-25,17.288
2024-10,Banco GNB Sudameris,6,Mayor a 100 SMLMV,33.239999999999995,2,2,2024-10-18,2024-10-25,16.619999999999997
2024-10,Banco Mundo Mujer,1,Menor o igual a 3 SMLMV,105595.91,3749,2248,2024-10-04,2024-10-25,28.166420378767672
2024-10,Banco Mundo Mujer,2,Mayor a 3 SMLMV y menor o igual a 6 SMLMV,54613.18,1937,1059,2024-10-04,2024-10-25,28.194723799690244
2024-10,Banco Mundo Mujer,3,Mayor a 6 SMLMV y menor o igual a 12 SMLMV,22809.99,811,491,2024-10-04,2024-10-25,28.125758323057955
2024-10,Banco Mundo Mujer,4,Mayor a 12 SMLMV y menor o igual a 25 SMLMV,759.9100000000001,27,25,2024-10-04,2024-10-25,28.14481481481482
2024-10,Banco Pichincha,1,Menor o igual a 3 SMLMV,62.94,3,3,2024-10-25,2024-10-25,20.98
2024-10,Banco Pichincha,2,Mayor a 3 SMLMV y menor o igual a 6 SMLMV,62.94,3,2,2024-10-25,2024-10-25,20.98
2024-10,Banco Pichincha,3,Mayor a 6 SMLMV y menor o igual a 12 SMLMV,20.98,1,1,2024-10-25,2024-10-25,20.98
2024-10,Banco Pichincha,4,Mayor a 12 SMLMV y menor o igual a 25 SMLMV,20.98,1,1,2024-10-25,2024-10-25,20.98
2024-10,Banco Pichincha,6,Mayor a 100 SMLMV,12.0,1,1,2024-10-11,2024-10-11,12.0
2024-10,Banco Popular,1,Menor o igual a 3 SMLMV,28.12,1,1,2024-10-04,2024-10-04,28.12
2024-10,Banco Popular,2,Mayor a 3 SMLMV y menor o igual a 6 SMLMV,56.17,2,2,2024-10-04,2024-10-11,28.085
2024-10,Banco Popular,3,Mayor a 6 SMLMV y menor o igual a 12 SMLMV,82.64,3,3,2024-10-04,2024-10-11,27.546666666666667
2024-10,Banco Popular,4,Mayor a 12 SMLMV y menor o igual a 25 SMLMV,51.739999999999995,2,2,2024-10-11,2024-10-11,25.869999999999997
2024-10,Banco Popular,5,Mayor a 25 SMLMV y menor o igual a 100 SMLMV,54.05,2,2,2024-10-11,2024-10-11,27.025
2024-10,Banco Serfinanza,1,Menor o igual a 3 SMLMV,2622.4900000000002,126,110,2024-10-04,2024-10-25,20.8134126984127
2024-10,Banco Serfinanza,2,Mayor a 3 SMLMV y menor o igual a 6 SMLMV,8835.9,418,292,2024-10-04,2024-10-25,21.138516746411483
2024-10,Banco Serfinanza,3,Mayor a 6 SMLMV y menor o igual a 12 SMLMV,1524.0300000000002,73,68,2024-10-04,2024-10-25,20.877123287671235
2024-10,Banco Serfinanza,4,Mayor a 12 SMLMV y menor o igual a 25 SMLMV,867.2,43,40,2024-10-04,2024-10-25,20.167441860465118
2024-10,Banco Serfinanza,5,Mayor a 25 SMLMV y menor o igual a 100 SMLMV,198.09,10,10,2024-10-04,2024-10-25,19.809
2024-10,Banco Serfinanza,6,Mayor a 100 SMLMV,57.32,3,3,2024-10-04,2024-10-18,19.106666666666666
2024-10,Banco Unión,1,Menor o igual a 3 SMLMV,224.31,8,8,2024-10-04,2024-10-25,28.03875
2024-10,Banco Unión,2,Mayor a 3 SMLMV y menor o igual a 6 SMLMV,112.08,4,3,2024-10-04,2024-10-18,28.02
2024-10,Banco Unión,3,Mayor a 6 SMLMV y menor o igual a 12 SMLMV,112.08,4,4,2024-10-04,2024-10-18,28.02
2024-10,Banco Unión,4,Mayor a 12 SMLMV y menor o igual a 25 SMLMV,140.1,5,4,2024-10-18,2024-10-25,28.02
2024-10,Banco de Bogotá,1,Menor o igual a 3 SMLMV,315929.8,11460,4238,2024-10-04,2024-10-25,27.568045375218148
2024-10,Banco de Bogotá,2,Mayor a 3 SMLMV y menor o igual a 6 SMLMV,267202.3,9757,3623,2024-10-04,2024-10-25,27.38570257251204
2024-10,Banco de Bogotá,3,Mayor a 6 SMLMV y menor o igual a 12 SMLMV,216995.11,8037,3055,2024-10-04,2024-10-25,26.99951598855294
2024-10,Banco de Bogotá,4,Mayor a 12 SMLMV y menor o igual a 25 SMLMV,79934.81999999999,3132,1623,2024-10-04,2024-10-25,25.521973180076625
2024-10,Banco de Bogotá,5,Mayor a 25 SMLMV y menor o igual a 100 SMLMV,54300.95,2500,1360,2024-10-04,2024-10-25,21.72038
2024-10,Banco de Bogotá,6,Mayor a 100 SMLMV,2930.44,175,142,2024-10-04,2024-10-25,16.745371428571428
2024-10,Banco de Occidente,1,Menor o igual a 3 SMLMV,992.14,41,41,2024-10-04,2024-10-25,24.198536585365854
2024-10,Banco de Occidente,2,Mayor a 3 SMLMV y menor o igual a 6 SMLMV,1676.89,68,62,2024-10-04,2024-10-25,24.66014705882353
2024-10,Banco de Occidente,3,Mayor a 6 SMLMV y menor o igual a 12 SMLMV,6129.64,258,182,2024-10-04,2024-10-25,23.75829457364341
2024-10,Banco de Occidente,4,Mayor a 12 SMLMV y menor o igual a 25 SMLMV,10217.24,449,246,2024-10-04,2024-10-25,22.75554565701559
2024-10,Banco de Occidente,5,Mayor a 25 SMLMV y menor o igual a 100 SMLMV,28459.4,1383,560,2024-10-04,2024-10-25,20.578018799710776
2024-10,Banco de Occidente,6,Mayor a 100 SMLMV,4271.1,223,134,2024-10-04,2024-10-25,19.15291479820628
2024-10,Bancolombia,1,Menor o igual a 3 SMLMV,1051774.35,38798,9655,2024-10-04,2024-10-25,27.108983710500542
2024-10,Bancolombia,2,Mayor a 3 SMLMV y menor o igual a 6 SMLMV,284147.16000000003,11064,3643,2024-10-04,2024-10-25,25.68213665943601
2024-10,Bancolombia,3,Mayor a 6 SMLMV y menor o igual a 12 SMLMV,153357.09,6239,2293,2024-10-04,2024-10-25,24.58039589677833
2024-10,Bancolombia,4,Mayor a 12 SMLMV y menor o igual a 25 SMLMV,116190.78,4872,1587,2024-10-04,2024-10-25,23.848682266009853
2024-10,Bancolombia,5,Mayor a 25 SMLMV y menor o igual a 100 SMLMV,114928.96,5004,2061,2024-10-04,2024-10-25,22.967418065547562
2024-10,Bancolombia,6,Mayor a 100 SMLMV,12576.99,596,408,2024-10-04,2024-10-25,21.1023322147651
2024-10,Bancoomeva,1,Menor o igual a 3 SMLMV,1082.59,45,44,2024-10-04,2024-10-25,24.057555555555552
2024-10,Bancoomeva,2,Mayor a 3 SMLMV y menor o igual a 6 SMLMV,2264.59,102,94,2024-10-04,2024-10-25,22.20186274509804
2024-10,Bancoomeva,3,Mayor a 6 SMLMV y menor o igual a 12 SMLMV,4507.86,205,176,2024-10-04,2024-10-25,21.989560975609756
2024-10,Bancoomeva,4,Mayor a 12 SMLMV y menor o igual a 25 SMLMV,6030.06,276,217,2024-10-04,2024-10-25,21.84804347826087
2024-10,Bancoomeva,5,Mayor a 25 SMLMV y menor o igual a 100 SMLMV,8534.74,412,325,2024-10-04,2024-10-25,20.715388349514562
2024-10,Bancoomeva,6,Mayor a 100 SMLMV,257.44,14,14,2024-10-04,2024-10-25,18.388571428571428
2024-10,Coopcentral,1,Menor o igual a 3 SMLMV,107.0,4,4,2024-10-25,2024-10-25,26.75
2024-10,Coopcentral,3,Mayor a 6 SMLMV y menor o igual a 12 SMLMV,97.0,4,4,2024-10-11,2024-10-25,24.25
2024-10,Coopcentral,5,Mayor a 25 SMLMV y menor o igual a 100 SMLMV,56.0,3,3,2024-10-04,2024-10-18,18.666666666666668
2024-10,Coopcentral,6,Mayor a 100 SMLMV,18.0,1,1,2024-10-11,2024-10-11,18.0
2024-10,Finandina,1,Menor o igual a 3 SMLMV,106.12,4,4,2024-10-11,2024-10-25,26.53
2024-10,Finandina,2,Mayor a 3 SMLMV y menor o igual a 6 SMLMV,1370.57,50,45,2024-10-04,2024-10-25,27.4114
2024-10,Finandina,3,Mayor a 6 SMLMV y menor o igual a 12 SMLMV,4710.56,178,108,2024-10-04,2024-10-25,26.463820224719104
2024-10,Finandina,4,Mayor a 12 SMLMV y menor o igual a 25 SMLMV,6358.22,254,165,2024-10-04,2024-10-25,25.03236220472441
2024-10,Finandina,5,Mayor a 25 SMLMV y menor o igual a 100 SMLMV,857.48,35,28,2024-10-04,2024-10-25,24.49942857142857
2024-10,Finandina,6,Mayor a 100 SMLMV,12.16,1,1,2024-10-25,2024-10-25,12.16
2024-10,Itaú,1,Menor o igual a 3 SMLMV,240.99,10,9,2024-10-04,2024-10-25,24.099
2024-10,Itaú,2,Mayor a 3 SMLMV y menor o igual a 6 SMLMV,1539.03,62,49,2024-10-04,2024-10-25,24.823064516129033
2024-10,Itaú,3,Mayor a 6 SMLMV y menor o igual a 12 SMLMV,4291.85,183,96,2024-10-04,2024-10-25,23.45273224043716
2024-10,Itaú,4,Mayor a 12 SMLMV y menor o igual a 25 SMLMV,6590.13,294,141,2024-10-04,2024-10-25,22.415408163265308
2024-10,Itaú,5,Mayor a 25 SMLMV y menor o igual a 100 SMLMV,10931.960000000001,529,262,2024-10-04,2024-10-25,20.665330812854442
2024-10,Itaú,6,Mayor a 100 SMLMV,3479.71,188,137,2024-10-04,2024-10-25,18.509095744680852
2024-10,Lulo Bank,1,Menor o igual a 3 SMLMV,49692.46,1877,968,2024-10-04,2024-10-25,26.474405966968565
2024-10,Lulo Bank,2,Mayor a 3 SMLMV y menor o igual a 6 SMLMV,39415.18,1476,697,2024-10-04,2024-10-25,26.704051490514907
2024-10,Lulo Bank,3,Mayor a 6 SMLMV y menor o igual a 12 SMLMV,29573.07,1130,517,2024-10-04,2024-10-25,26.170858407079646
2024-10,Lulo Bank,4,Mayor a 12 SMLMV y menor o igual a 25 SMLMV,6206.98,243,134,2024-10-04,2024-10-25,25.54312757201646
2024-10,Lulo Bank,5,Mayor a 25 SMLMV y menor o igual a 100 SMLMV,1071.26,41,33,2024-10-04,2024-10-25,26.12829268292683
2024-10,MiBanco,2,Mayor a 3 SMLMV y menor o igual a 6 SMLMV,55.74,2,2,2024-10-11,2024-10-18,27.87
2024-11,BBVA Colombia,1,Menor o igual a 3 SMLMV,39091.39,1557,906,2024-11-01,2024-11-29,25.106865767501606
2024-11,BBVA Colombia,2,Mayor a 3 SMLMV y menor o igual a 6 SMLMV,74960.66,2984,1317,2024-11-01,2024-11-29,25.120864611260053
2024-11,BBVA Colombia,3,Mayor a 6 SMLMV y menor o igual a 12 SMLMV,83831.25,3435,1476,2024-11-01,2024-11-29,24.405021834061134
2024-11,BBVA Colombia,4,Mayor a 12 SMLMV y menor o igual a 25 SMLMV,86037.14,3650,1476,2024-11-01,2024-11-29,23.57181917808219
2024-11,BBVA Colombia,5,Mayor a 25 SMLMV y menor o igual a 100 SMLMV,60278.01,2720,1374,2024-11-01,2024-11-29,22.161033088235296
2024-11,BBVA Colombia,6,Mayor a 100 SMLMV,541.41,25,25,2024-11-01,2024-11-29,21.656399999999998
2024-11,Banco AV Villas,1,Menor o igual a 3 SMLMV,5224.7699999999995,207,181,2024-11-01,2024-11-29,25.240434782608695
2024-11,Banco AV Villas,2,Mayor a 3 SMLMV y menor o igual a 6 SMLMV,9107.3,375,315,2024-11-01,2024-11-29,24.286133333333332
2024-11,Banco AV Villas,3,Mayor a 6 SMLMV y menor o igual a 12 SMLMV,14921.66,643,416,2024-11-01,2024-11-29,23.206314152410574
2024-11,Banco AV Villas,4,Mayor a 12 SMLMV y menor o igual a 25 SMLMV,12438.61,587,365,2024-11-01,2024-11-29,21.190136286201025
2024-11,Banco AV Villas,5,Mayor a 25 SMLMV y menor o igual a 100 SMLMV,13217.98,667,405,2024-11-01,2024-11-29,19.817061469265365
2024-11,Banco AV Villas,6,Mayor a 100 SMLMV,1640.58,87,67,2024-11-01,2024-11-29,18.857241379310345
2024-11,Banco Agrario,1,Menor o igual a 3 SMLMV,1290.0,52,52,2024-11-01,2024-11-29,24.807692307692307
2024-11,Banco Agrario,2,Mayor a 3 SMLMV y menor o igual a 6 SMLMV,3943.54,160,157,2024-11-01,2024-11-29,24.647125
2024-11,Banco Agrario,3,Mayor a 6 SMLMV y menor o igual a 12 SMLMV,5355.36,221,219,2024-11-01,2024-11-29,24.23239819004525
2024-11,Banco Agrario,4,Mayor a 12 SMLMV y menor o igual a 25 SMLMV,1778.7,75,75,2024-11-01,2024-11-29,23.716
2024-11,Banco Agrario,5,Mayor a 25 SMLMV y menor o igual a 100 SMLMV,531.72,22,22,2024-11-01,2024-11-29,24.16909090909091
2024-11,Banco Agrario,6,Mayor a 100 SMLMV,24.74,1,1,2024-11-22,2024-11-22,24.74
2024-11,Banco Caja Social,1,Menor o igual a 3 SMLMV,66021.31,2425,1838,2024-11-01,2024-11-29,27.225282474226802
2024-11,Banco Caja Social,2,Mayor a 3 SMLMV y menor o igual a 6 SMLMV,67953.4,2567,1796,2024-11-01,2024-11-29,26.471912738605372
2024-11,Banco Caja Social,3,Mayor a 6 SMLMV y menor o igual a 12 SMLMV,56125.55,2219,1428,2024-11-01,2024-11-29,25.293172600270392
2024-11,Banco Caja Social,4,Mayor a 12 SMLMV y menor o igual a 25 SMLMV,16451.03,721,484,2024-11-01,2024-11-29,22.816962552011095
2024-11,Banco Caja Social,5,Mayor a 25 SMLMV y menor o igual a 100 SMLMV,6583.3,334,263,2024-11-01,2024-11-29,19.71047904191617
2024-11,Banco Caja Social,6,Mayor a 100 SMLMV,116.25,7,6,2024-11-01,2024-11-29,16.607142857142858
2024-11,Banco Davibank,1,Menor o igual a 3 SMLMV,2285.36,86,86,2024-11-01,2024-11-29,26.573953488372094
2024-11,Banco Davibank,2,Mayor a 3 SMLMV y menor o igual a 6 SMLMV,8332.6,314,314,2024-11-01,2024-11-29,26.53694267515924
2024-11,Banco Davibank,3,Mayor a 6 SMLMV y menor o igual a 12 SMLMV,18535.84,703,673,2024-11-01,2024-11-29,26.366770981507823
2024-11,Banco Davibank,4,Mayor a 12 SMLMV y menor o igual a 25 SMLMV,22810.35,888,732,2024-11-01,2024-11-29,25.68733108108108
2024-11,Banco Davibank,5,Mayor a 25 SMLMV y menor o igual a 100 SMLMV,46737.42,1865,875,2024-11-01,2024-11-29,25.060278820375334
2024-11,Banco Davibank,6,Mayor a 100 SMLMV,121259.38,5083,247,2024-11-01,2024-11-29,23.855868581546332
2024-11,Banco Davivienda,1,Menor o igual a 3 SMLMV,154958.08,5833,1964,2024-11-01,2024-11-29,26.565760329161662
2024-11,Banco Davivienda,2,Mayor a 3 SMLMV y menor o igual a 6 SMLMV,172241.21,6680,2654,2024-11-01,2024-11-29,25.7846122754491
2024-11,Banco Davivienda,3,Mayor a 6 SMLMV y menor o igual a 12 SMLMV,187357.16999999998,7551,3229,2024-11-01,2024-11-29,24.812232816845448
2024-11,Banco Davivienda,4,Mayor a 12 SMLMV y menor o igual a 25 SMLMV,146839.74,6274,2773,2024-11-01,2024-11-29,23.404485176920623
2024-11,Banco Davivienda,5,Mayor a 25 SMLMV y menor o igual a 100 SMLMV,74287.8,3465,1782,2024-11-01,2024-11-29,21.43948051948052
2024-11,Banco Davivienda,6,Mayor a 100 SMLMV,301.45,16,13,2024-11-01,2024-11-29,18.840625
2024-11,Banco Falabella,1,Menor o igual a 3 SMLMV,262876.78,9692,2752,2024-11-01,2024-11-29,27.123068510111434
2024-11,Banco Falabella,2,Mayor a 3 SMLMV y menor o igual a 6 SMLMV,206734.61000000002,7645,2194,2024-11-01,2024-11-29,27.041806409417923
2024-11,Banco Falabella,3,Mayor a 6 SMLMV y menor o igual a 12 SMLMV,64206.14,2551,1281,2024-11-01,2024-11-29,25.169008232065856
2024-11,Banco Falabella,4,Mayor a 12 SMLMV y menor o igual a 25 SMLMV,42542.48,1739,950,2024-11-01,2024-11-29,24.463760782058657
2024-11,Banco Falabella,5,Mayor a 25 SMLMV y menor o igual a 100 SMLMV,11560.05,505,325,2024-11-01,2024-11-29,22.89118811881188
2024-11,Banco Falabella,6,Mayor a 100 SMLMV,271.01,12,9,2024-11-01,2024-11-29,22.584166666666665
2024-11,Banco GNB Sudameris,2,Mayor a 3 SMLMV y menor o igual a 6 SMLMV,16.77,1,1,2024-11-15,2024-11-15,16.77
2024-11,Banco GNB Sudameris,3,Mayor a 6 SMLMV y menor o igual a 12 SMLMV,39.12,2,2,2024-11-01,2024-11-08,19.56
2024-11,Banco GNB Sudameris,4,Mayor a 12 SMLMV y menor o igual a 25 SMLMV,16.77,1,1,2024-11-01,2024-11-01,16.77
2024-11,Banco GNB Sudameris,5,Mayor a 25 SMLMV y menor o igual a 100 SMLMV,88.4,5,4,2024-11-01,2024-11-29,17.68
2024-11,Banco GNB Sudameris,6,Mayor a 100 SMLMV,16.1,1,1,2024-11-08,2024-11-08,16.1
2024-11,Banco Mundo Mujer,1,Menor o igual a 3 SMLMV,124834.27,4475,2708,2024-11-01,2024-11-29,27.89592625698324
2024-11,Banco Mundo Mujer,2,Mayor a 3 SMLMV y menor o igual a 6 SMLMV,70185.91,2515,1334,2024-11-01,2024-11-29,27.906922465208748
2024-11,Banco Mundo Mujer,3,Mayor a 6 SMLMV y menor o igual a 12 SMLMV,28371.63,1019,610,2024-11-01,2024-11-29,27.84262021589794
2024-11,Banco Mundo Mujer,4,Mayor a 12 SMLMV y menor o igual a 25 SMLMV,1059.33,38,35,2024-11-01,2024-11-29,27.877105263157894
2024-11,Banco Pichincha,1,Menor o igual a 3 SMLMV,41.96,2,2,2024-11-01,2024-11-01,20.98
2024-11,Banco Pichincha,2,Mayor a 3 SMLMV y menor o igual a 6 SMLMV,20.98,1,1,2024-11-01,2024-11-01,20.98
2024-11,Banco Pichincha,3,Mayor a 6 SMLMV y menor o igual a 12 SMLMV,20.98,1,1,2024-11-01,2024-11-01,20.98
2024-11,Banco Pichincha,4,Mayor a 12 SMLMV y menor o igual a 25 SMLMV,20.98,1,1,2024-11-01,2024-11-01,20.98
2024-11,Banco Popular,2,Mayor a 3 SMLMV y menor o igual a 6 SMLMV,27.85,1,1,2024-11-22,2024-11-22,27.85
2024-11,Banco Popular,3,Mayor a 6 SMLMV y menor o igual a 12 SMLMV,192.6,7,7,2024-11-08,2024-11-29,27.514285714285712
2024-11,Banco Popular,4,Mayor a 12 SMLMV y menor o igual a 25 SMLMV,83.55000000000001,3,2,2024-11-08,2024-11-08,27.850000000000005
2024-11,Banco Popular,5,Mayor a 25 SMLMV y menor o igual a 100 SMLMV,51.86,2,2,2024-11-15,2024-11-22,25.93
2024-11,Banco Serfinanza,1,Menor o igual a 3 SMLMV,2933.06,138,120,2024-11-01,2024-11-29,21.254057971014493
2024-11,Banco Serfinanza,2,Mayor a 3 SMLMV y menor o igual a 6 SMLMV,7603.700000000001,360,267,2024-11-01,2024-11-29,21.12138888888889
2024-11,Banco Serfinanza,3,Mayor a 6 SMLMV y menor o igual a 12 SMLMV,1869.0900000000001,85,74,2024-11-01,2024-11-29,21.98929411764706
2024-11,Banco Serfinanza,4,Mayor a 12 SMLMV y menor o igual a 25 SMLMV,1097.79,53,49,2024-11-01,2024-11-29,20.71301886792453
2024-11,Banco Serfinanza,5,Mayor a 25 SMLMV y menor o igual a 100 SMLMV,384.02000000000004,19,17,2024-11-01,2024-11-29,20.211578947368423
2024-11,Banco Serfinanza,6,Mayor a 100 SMLMV,53.55,3,3,2024-11-08,2024-11-15,17.849999999999998
2024-11,Banco Unión,1,Menor o igual a 3 SMLMV,194.04,7,7,2024-11-08,2024-11-29,27.72
2024-11,Banco Unión,2,Mayor a 3 SMLMV y menor o igual a 6 SMLMV,138.78,5,4,2024-11-01,2024-11-29,27.756
2024-11,Banco Unión,3,Mayor a 6 SMLMV y menor o igual a 12 SMLMV,166.28,6,6,2024-11-15,2024-11-22,27.713333333333335
2024-11,Banco Unión,4,Mayor a 12 SMLMV y menor o igual a 25 SMLMV,55.42,2,2,2024-11-15,2024-11-15,27.71
2024-11,Banco Unión,5,Mayor a 25 SMLMV y menor o igual a 100 SMLMV,45.45,2,2,2024-11-15,2024-11-22,22.725
2024-11,Banco de Bogotá,1,Menor o igual a 3 SMLMV,387117.05,14168,4783,2024-11-01,2024-11-29,27.323337803500845
2024-11,Banco de Bogotá,2,Mayor a 3 SMLMV y menor o igual a 6 SMLMV,322316.71,11852,4188,2024-11-01,2024-11-29,27.19513246709416
2024-11,Banco de Bogotá,3,Mayor a 6 SMLMV y menor o igual a 12 SMLMV,255787.16,9507,3521,2024-11-01,2024-11-29,26.905139370989797
2024-11,Banco de Bogotá,4,Mayor a 12 SMLMV y menor o igual a 25 SMLMV,93182.74,3691,1781,2024-11-01,2024-11-29,25.245933351395287
2024-11,Banco de Bogotá,5,Mayor a 25 SMLMV y menor o igual a 100 SMLMV,62558.79,2871,1577,2024-11-01,2024-11-29,21.78989550679206
2024-11,Banco de Bogotá,6,Mayor a 100 SMLMV,3509.15,219,152,2024-11-01,2024-11-29,16.02351598173516
2024-11,Banco de Occidente,1,Menor o igual a 3 SMLMV,671.8,30,29,2024-11-01,2024-11-29,22.39333333333333
2024-11,Banco de Occidente,2,Mayor a 3 SMLMV y menor o igual a 6 SMLMV,2232.02,94,81,2024-11-01,2024-11-29,23.744893617021276
2024-11,Banco de Occidente,3,Mayor a 6 SMLMV y menor o igual a 12 SMLMV,7915.95,337,219,2024-11-01,2024-11-29,23.489465875370918
2024-11,Banco de Occidente,4,Mayor a 12 SMLMV y menor o igual a 25 SMLMV,15042.01,658,303,2024-11-01,2024-11-29,22.860197568389058
2024-11,Banco de Occidente,5,Mayor a 25 SMLMV y menor o igual a 100 SMLMV,40345.62,1979,672,2024-11-01,2024-11-29,20.386872157655382
2024-11,Banco de Occidente,6,Mayor a 100 SMLMV,6405.96,351,181,2024-11-01,2024-11-29,18.25059829059829
2024-11,Bancolombia,1,Menor o igual a 3 SMLMV,990966.45,36825,9780,2024-11-01,2024-11-29,26.910154786150713
2024-11,Bancolombia,2,Mayor a 3 SMLMV y menor o igual a 6 SMLMV,273662.91,10708,3517,2024-11-01,2024-11-29,25.556864960776988
2024-11,Bancolombia,3,Mayor a 6 SMLMV y menor o igual a 12 SMLMV,163724.84,6692,2498,2024-11-01,2024-11-29,24.465756126718468
2024-11,Bancolombia,4,Mayor a 12 SMLMV y menor o igual a 25 SMLMV,131738.56,5516,1864,2024-11-01,2024-11-29,23.88298767222625
2024-11,Bancolombia,5,Mayor a 25 SMLMV y menor o igual a 100 SMLMV,137162.99,6014,2553,2024-11-01,2024-11-29,22.80728134353176
2024-11,Bancolombia,6,Mayor a 100 SMLMV,16024.0,772,555,2024-11-01,2024-11-29,20.756476683937823
2024-11,Bancoomeva,1,Menor o igual a 3 SMLMV,1447.1,65,57,2024-11-01,2024-11-29,22.263076923076923
2024-11,Bancoomeva,2,Mayor a 3 SMLMV y menor o igual a 6 SMLMV,3250.94,144,129,2024-11-01,2024-11-29,22.575972222222223
2024-11,Bancoomeva,3,Mayor a 6 SMLMV y menor o igual a 12 SMLMV,6192.48,286,248,2024-11-01,2024-11-29,21.65202797202797
2024-11,Bancoomeva,4,Mayor a 12 SMLMV y menor o igual a 25 SMLMV,8533.52,400,318,2024-11-01,2024-11-29,21.3338
2024-11,Bancoomeva,5,Mayor a 25 SMLMV y menor o igual a 100 SMLMV,10623.45,508,405,2024-11-01,2024-11-29,20.912303149606302
2024-11,Bancoomeva,6,Mayor a 100 SMLMV,172.97,9,9,2024-11-01,2024-11-22,19.218888888888888
2024-11,Coopcentral,2,Mayor a 3 SMLMV y menor o igual a 6 SMLMV,108.0,4,4,2024-11-01,2024-11-22,27.0
2024-11,Coopcentral,3,Mayor a 6 SMLMV y menor o igual a 12 SMLMV,92.0,4,4,2024-11-01,2024-11-22,23.0
2024-11,Coopcentral,4,Mayor a 12 SMLMV y menor o igual a 25 SMLMV,69.4,4,4,2024-11-01,2024-11-29,17.35
2024-11,Coopcentral,5,Mayor a 25 SMLMV y menor o igual a 100 SMLMV,42.0,3,3,2024-11-01,2024-11-29,14.0
2024-11,Finandina,1,Menor o igual a 3 SMLMV,463.36,17,16,2024-11-01,2024-11-29,27.256470588235295
2024-11,Finandina,2,Mayor a 3 SMLMV y menor o igual a 6 SMLMV,1896.27,71,61,2024-11-01,2024-11-29,26.708028169014085
2024-11,Finandina,3,Mayor a 6 SMLMV y menor o igual a 12 SMLMV,6741.95,256,180,2024-11-01,2024-11-29,26.3357421875
2024-11,Finandina,4,Mayor a 12 SMLMV y menor o igual a 25 SMLMV,8203.66,327,207,2024-11-01,2024-11-29,25.08764525993884
2024-11,Finandina,5,Mayor a 25 SMLMV y menor o igual a 100 SMLMV,887.61,37,33,2024-11-01,2024-11-29,23.98945945945946
2024-11,Itaú,1,Menor o igual a 3 SMLMV,443.15,18,18,2024-11-01,2024-11-29,24.619444444444444
2024-11,Itaú,2,Mayor a 3 SMLMV y menor o igual a 6 SMLMV,2758.8,114,77,2024-11-01,2024-11-29,24.200000000000003
2024-11,Itaú,3,Mayor a 6 SMLMV y menor o igual a 12 SMLMV,5473.32,237,133,2024-11-01,2024-11-29,23.094177215189873
2024-11,Itaú,4,Mayor a 12 SMLMV y menor o igual a 25 SMLMV,9412.28,424,189,2024-11-01,2024-11-29,22.198773584905663
2024-11,Itaú,5,Mayor a 25 SMLMV y menor o igual a 100 SMLMV,16383.41,800,384,2024-11-01,2024-11-29,20.4792625
2024-11,Itaú,6,Mayor a 100 SMLMV,3608.3,191,134,2024-11-01,2024-11-29,18.891623036649214
2024-11,Lulo Bank,1,Menor o igual a 3 SMLMV,40883.0,1615,933,2024-11-01,2024-11-29,25.314551083591333
2024-11,Lulo Bank,2,Mayor a 3 SMLMV y menor o igual a 6 SMLMV,31656.7,1224,671,2024-11-01,2024-11-29,25.863316993464053
2024-11,Lulo Bank,3,Mayor a 6 SMLMV y menor o igual a 12 SMLMV,29136.67,1154,578,2024-11-01,2024-11-29,25.248414211438472
2024-11,Lulo Bank,4,Mayor a 12 SMLMV y menor o igual a 25 SMLMV,12124.93,480,256,2024-11-01,2024-11-29,25.260270833333333
2024-11,Lulo Bank,5,Mayor a 25 SMLMV y menor o igual a 100 SMLMV,4819.6,198,110,2024-11-01,2024-11-29,24.341414141414145
2024-11,MiBanco,1,Menor o igual a 3 SMLMV,27.6,1,1,2024-11-29,2024-11-29,27.6
2024-11,MiBanco,2,Mayor a 3 SMLMV y menor o igual a 6 SMLMV,55.2,2,2,2024-11-22,2024-11-22,27.6
2024-12,BBVA Colombia,1,Menor o igual a 3 SMLMV,17536.48,721,459,2024-12-06,2024-12-27,24.322441054091538
2024-12,BBVA Colombia,2,Mayor a 3 SMLMV y menor o igual a 6 SMLMV,36653.56,1507,780,2024-12-06,2024-12-27,24.32220305242203
2024-12,BBVA Colombia,3,Mayor a 6 SMLMV y menor o igual a 12 SMLMV,39663.83,1698,868,2024-12-06,2024-12-27,23.35914605418139
2024-12,BBVA Colombia,4,Mayor a 12 SMLMV y menor o igual a 25 SMLMV,41333.8,1798,861,2024-12-06,2024-12-27,22.98876529477197
2024-12,BBVA Colombia,5,Mayor a 25 SMLMV y menor o igual a 100 SMLMV,29644.05,1383,798,2024-12-06,2024-12-27,21.43459869848156
2024-12,BBVA Colombia,6,Mayor a 100 SMLMV,727.66,36,34,2024-12-06,2024-12-27,20.212777777777777
2024-12,Banco AV Villas,1,Menor o igual a 3 SMLMV,3407.0,141,128,2024-12-06,2024-12-27,24.163120567375888
2024-12,Banco AV Villas,2,Mayor a 3 SMLMV y menor o igual a 6 SMLMV,6505.14,279,220,2024-12-06,2024-12-27,23.315913978494624
2024-12,Banco AV Villas,3,Mayor a 6 SMLMV y menor o igual a 12 SMLMV,11439.89,504,346,2024-12-06,2024-12-27,22.698194444444443
2024-12,Banco AV Villas,4,Mayor a 12 SMLMV y menor o igual a 25 SMLMV,9957.14,470,307,2024-12-06,2024-12-27,21.18540425531915
2024-12,Banco AV Villas,5,Mayor a 25 SMLMV y menor o igual a 100 SMLMV,9728.63,495,335,2024-12-06,2024-12-27,19.65379797979798
2024-12,Banco AV Villas,6,Mayor a 100 SMLMV,824.76,46,42,2024-12-06,2024-12-27,17.929565217391303
2024-12,Banco Agrario,1,Menor o igual a 3 SMLMV,607.46,26,26,2024-12-06,2024-12-27,23.363846153846154
2024-12,Banco Agrario,2,Mayor a 3 SMLMV y menor o igual a 6 SMLMV,1999.3500000000001,86,85,2024-12-06,2024-12-27,23.24825581395349
2024-12,Banco Agrario,3,Mayor a 6 SMLMV y menor o igual a 12 SMLMV,3016.04,131,130,2024-12-06,2024-12-27,23.02320610687023
2024-12,Banco Agrario,4,Mayor a 12 SMLMV y menor o igual a 25 SMLMV,1041.42,46,46,2024-12-06,2024-12-27,22.639565217391304
2024-12,Banco Agrario,5,Mayor a 25 SMLMV y menor o igual a 100 SMLMV,441.02,19,19,2024-12-06,2024-12-27,23.21157894736842
2024-12,Banco Caja Social,1,Menor o igual a 3 SMLMV,46209.17,1783,1326,2024-12-06,2024-12-27,25.916528323051036
2024-12,Banco Caja Social,2,Mayor a 3 SMLMV y menor o igual a 6 SMLMV,44898.090000000004,1777,1261,2024-12-06,2024-12-27,25.2662296004502
2024-12,Banco Caja Social,3,Mayor a 6 SMLMV y menor o igual a 12 SMLMV,36030.86,1472,962,2024-12-06,2024-12-27,24.47748641304348
2024-12,Banco Caja Social,4,Mayor a 12 SMLMV y menor o igual a 25 SMLMV,10796.65,477,355,2024-12-06,2024-12-27,22.63448637316562
2024-12,Banco Caja Social,5,Mayor a 25 SMLMV y menor o igual a 100 SMLMV,4895.31,256,213,2024-12-06,2024-12-27,19.1223046875
2024-12,Banco Caja Social,6,Mayor a 100 SMLMV,154.54999999999998,10,10,2024-12-06,2024-12-27,15.454999999999998
2024-12,Banco Davibank,1,Menor o igual a 3 SMLMV,2314.28,91,91,2024-12-06,2024-12-27,25.431648351648352
2024-12,Banco Davibank,2,Mayor a 3 SMLMV y menor o igual a 6 SMLMV,5619.82,221,221,2024-12-06,2024-12-27,25.429049773755654
2024-12,Banco Davibank,3,Mayor a 6 SMLMV y menor o igual a 12 SMLMV,13369.52,534,514,2024-12-06,2024-12-27,25.036554307116106
2024-12,Banco Davibank,4,Mayor a 12 SMLMV y menor o igual a 25 SMLMV,15924.63,651,547,2024-12-06,2024-12-27,24.46179723502304
2024-12,Banco Davibank,5,Mayor a 25 SMLMV y menor o igual a 100 SMLMV,31411.79,1320,666,2024-12-06,2024-12-27,23.796810606060607
2024-12,Banco Davibank,6,Mayor a 100 SMLMV,76474.82,3337,191,2024-12-06,2024-12-27,22.91723703925682
2024-12,Banco Davivienda,1,Menor o igual a 3 SMLMV,65268.48,2712,1046,2024-12-06,2024-12-27,24.066548672566373
2024-12,Banco Davivienda,2,Mayor a 3 SMLMV y menor o igual a 6 SMLMV,81692.59,3479,1504,2024-12-06,2024-12-27,23.48162977867203
2024-12,Banco Davivienda,3,Mayor a 6 SMLMV y menor o igual a 12 SMLMV,107591.99,4729,2062,2024-12-06,2024-12-27,22.751530979065343
2024-12,Banco Davivienda,4,Mayor a 12 SMLMV y menor o igual a 25 SMLMV,97780.69,4482,1999,2024-12-06,2024-12-27,21.816307452030344
2024-12,Banco Davivienda,5,Mayor a 25 SMLMV y menor o igual a 100 SMLMV,49863.06,2430,1277,2024-12-06,2024-12-27,20.519777777777776
2024-12,Banco Davivienda,6,Mayor a 100 SMLMV,219.74,12,11,2024-12-06,2024-12-27,18.311666666666667
2024-12,Banco Falabella,1,Menor o igual a 3 SMLMV,187140.78,7214,2348,2024-12-06,2024-12-27,25.941333518159134
2024-12,Banco Falabella,2,Mayor a 3 SMLMV y menor o igual a 6 SMLMV,152408.55,5882,1908,2024-12-06,2024-12-27,25.911008160489626
2024-12,Banco Falabella,3,Mayor a 6 SMLMV y menor o igual a 12 SMLMV,60023.229999999996,2425,1243,2024-12-06,2024-12-27,24.75184742268041
2024-12,Banco Falabella,4,Mayor a 12 SMLMV y menor o igual a 25 SMLMV,37492.93,1560,867,2024-12-06,2024-12-27,24.03392948717949
2024-12,Banco Falabella,5,Mayor a 25 SMLMV y menor o igual a 100 SMLMV,10929.08,488,322,2024-12-06,2024-12-27,22.395655737704917
2024-12,Banco Falabella,6,Mayor a 100 SMLMV,183.58,8,5,2024-12-06,2024-12-27,22.9475
2024-12,Banco GNB Sudameris,2,Mayor a 3 SMLMV y menor o igual a 6 SMLMV,18.17,1,1,2024-12-06,2024-12-06,18.17
2024-12,Banco GNB Sudameris,3,Mayor a 6 SMLMV y menor o igual a 12 SMLMV,33.099999999999994,2,2,2024-12-27,2024-12-27,16.549999999999997
2024-12,Banco GNB Sudameris,6,Mayor a 100 SMLMV,64.19999999999999,4,4,2024-12-13,2024-12-27,16.049999999999997
2024-12,Banco Mundo Mujer,1,Menor o igual a 3 SMLMV,87380.56,3311,2070,2024-12-06,2024-12-27,26.390987617034128
2024-12,Banco Mundo Mujer,2,Mayor a 3 SMLMV y menor o igual a 6 SMLMV,46412.28,1756,955,2024-12-06,2024-12-27,26.430683371298404
2024-12,Banco Mundo Mujer,3,Mayor a 6 SMLMV y menor o igual a 12 SMLMV,18616.0,707,455,2024-12-06,2024-12-27,26.33097595473833
2024-12,Banco Mundo Mujer,4,Mayor a 12 SMLMV y menor o igual a 25 SMLMV,770.15,29,29,2024-12-06,2024-12-27,26.556896551724137
2024-12,Banco Popular,2,Mayor a 3 SMLMV y menor o igual a 6 SMLMV,26.3,1,1,2024-12-13,2024-12-13,26.3
2024-12,Banco Popular,3,Mayor a 6 SMLMV y menor o igual a 12 SMLMV,79.02,3,3,2024-12-06,2024-12-27,26.34
2024-12,Banco Popular,4,Mayor a 12 SMLMV y menor o igual a 25 SMLMV,130.15,5,5,2024-12-06,2024-12-27,26.03
2024-12,Banco Popular,5,Mayor a 25 SMLMV y menor o igual a 100 SMLMV,25.93,1,1,2024-12-06,2024-12-06,25.93
2024-12,Banco Santander,2,Mayor a 3 SMLMV y menor o igual a 6 SMLMV,9.0,2,2,2024-12-27,2024-12-27,4.5
2024-12,Banco Santander,4,Mayor a 12 SMLMV y menor o igual a 25 SMLMV,31.09,4,4,2024-12-20,2024-12-27,7.7725
2024-12,Banco Santander,5,Mayor a 25 SMLMV y menor o igual a 100 SMLMV,44.59,7,6,2024-12-20,2024-12-27,6.37
2024-12,Banco Serfinanza,1,Menor o igual a 3 SMLMV,1774.0600000000002,85,74,2024-12-06,2024-12-27,20.87129411764706
2024-12,Banco Serfinanza,2,Mayor a 3 SMLMV y menor o igual a 6 SMLMV,5435.29,262,186,2024-12-06,2024-12-27,20.74538167938931
2024-12,Banco Serfinanza,3,Mayor a 6 SMLMV y menor o igual a 12 SMLMV,1348.0800000000002,61,58,2024-12-06,2024-12-27,22.099672131147543
2024-12,Banco Serfinanza,4,Mayor a 12 SMLMV y menor o igual a 25 SMLMV,695.61,34,30,2024-12-06,2024-12-27,20.459117647058825
2024-12,Banco Serfinanza,5,Mayor a 25 SMLMV y menor o igual a 100 SMLMV,270.3,15,14,2024-12-06,2024-12-27,18.02
2024-12,Banco Serfinanza,6,Mayor a 100 SMLMV,55.82,3,2,2024-12-13,2024-12-20,18.606666666666666
2024-12,Banco Unión,1,Menor o igual a 3 SMLMV,131.15,5,5,2024-12-06,2024-12-27,26.23
2024-12,Banco Unión,2,Mayor a 3 SMLMV y menor o igual a 6 SMLMV,78.69,3,3,2024-12-13,2024-12-27,26.23
2024-12,Banco Unión,3,Mayor a 6 SMLMV y menor o igual a 12 SMLMV,52.46,2,2,2024-12-06,2024-12-13,26.23
2024-12,Banco Unión,4,Mayor a 12 SMLMV y menor o igual a 25 SMLMV,44.39,2,2,2024-12-06,2024-12-13,22.195
2024-12,Banco Unión,5,Mayor a 25 SMLMV y menor o igual a 100 SMLMV,52.46,2,2,2024-12-13,2024-12-20,26.23
2024-12,Banco de Bogotá,1,Menor o igual a 3 SMLMV,307646.06,11812,3806,2024-12-06,2024-12-27,26.0452133423637
2024-12,Banco de Bogotá,2,Mayor a 3 SMLMV y menor o igual a 6 SMLMV,225534.76,8682,3032,2024-12-06,2024-12-27,25.977281732319742
2024-12,Banco de Bogotá,3,Mayor a 6 SMLMV y menor o igual a 12 SMLMV,174358.09,6771,2700,2024-12-06,2024-12-27,25.75071481317383
2024-12,Banco de Bogotá,4,Mayor a 12 SMLMV y menor o igual a 25 SMLMV,61326.57,2497,1322,2024-12-06,2024-12-27,24.560100120144174
2024-12,Banco de Bogotá,5,Mayor a 25 SMLMV y menor o igual a 100 SMLMV,42557.28,1987,1216,2024-12-06,2024-12-27,21.41785606441872
2024-12,Banco de Bogotá,6,Mayor a 100 SMLMV,2392.88,157,124,2024-12-06,2024-12-27,15.241273885350319
2024-12,Banco de Occidente,1,Menor o igual a 3 SMLMV,379.23,17,16,2024-12-06,2024-12-27,22.30764705882353
2024-12,Banco de Occidente,2,Mayor a 3 SMLMV y menor o igual a 6 SMLMV,1478.29,65,55,2024-12-06,2024-12-27,22.742923076923077
2024-12,Banco de Occidente,3,Mayor a 6 SMLMV y menor o igual a 12 SMLMV,4339.93,190,136,2024-12-06,2024-12-27,22.841736842105266
2024-12,Banco de Occidente,4,Mayor a 12 SMLMV y menor o igual a 25 SMLMV,8797.71,395,200,2024-12-06,2024-12-27,22.272683544303796
2024-12,Banco de Occidente,5,Mayor a 25 SMLMV y menor o igual a 100 SMLMV,23146.63,1149,459,2024-12-06,2024-12-27,20.14502175805048
2024-12,Banco de Occidente,6,Mayor a 100 SMLMV,4520.37,245,142,2024-12-06,2024-12-27,18.450489795918365
2024-12,Bancolombia,1,Menor o igual a 3 SMLMV,670959.12,26103,6912,2024-12-06,2024-12-27,25.704291460751637
2024-12,Bancolombia,2,Mayor a 3 SMLMV y menor o igual a 6 SMLMV,206285.43,8414,2757,2024-12-06,2024-12-27,24.516927739481815
2024-12,Bancolombia,3,Mayor a 6 SMLMV y menor o igual a 12 SMLMV,119630.69,5232,1912,2024-12-06,2024-12-27,22.865193042813456
2024-12,Bancolombia,4,Mayor a 12 SMLMV y menor o igual a 25 SMLMV,104768.52,4763,1540,2024-12-06,2024-12-27,21.99633004408986
2024-12,Bancolombia,5,Mayor a 25 SMLMV y menor o igual a 100 SMLMV,112774.59,5322,2254,2024-12-06,2024-12-27,21.190264937993234
2024-12,Bancolombia,6,Mayor a 100 SMLMV,15468.35,783,532,2024-12-06,2024-12-27,19.755236270753514
2024-12,Bancoomeva,1,Menor o igual a 3 SMLMV,558.05,26,26,2024-12-06,2024-12-27,21.463461538461537
2024-12,Bancoomeva,2,Mayor a 3 SMLMV y menor o igual a 6 SMLMV,1963.65,92,89,2024-12-06,2024-12-27,21.344021739130437
2024-12,Bancoomeva,3,Mayor a 6 SMLMV y menor o igual a 12 SMLMV,4221.0199999999995,201,174,2024-12-06,2024-12-27,21.00009950248756
2024-12,Bancoomeva,4,Mayor a 12 SMLMV y menor o igual a 25 SMLMV,4395.32,211,184,2024-12-06,2024-12-27,20.83090047393365
2024-12,Bancoomeva,5,Mayor a 25 SMLMV y menor o igual a 100 SMLMV,6419.4,308,274,2024-12-06,2024-12-27,20.84220779220779
2024-12,Bancoomeva,6,Mayor a 100 SMLMV,111.7,5,5,2024-12-06,2024-12-27,22.34
2024-12,Coopcentral,3,Mayor a 6 SMLMV y menor o igual a 12 SMLMV,16.0,1,1,2024-12-27,2024-12-27,16.0
2024-12,Coopcentral,5,Mayor a 25 SMLMV y menor o igual a 100 SMLMV,38.0,2,2,2024-12-20,2024-12-27,19.0
2024-12,Finandina,1,Menor o igual a 3 SMLMV,287.87,11,11,2024-12-06,2024-12-27,26.17
2024-12,Finandina,2,Mayor a 3 SMLMV y menor o igual a 6 SMLMV,1070.75,41,36,2024-12-06,2024-12-27,26.115853658536587
2024-12,Finandina,3,Mayor a 6 SMLMV y menor o igual a 12 SMLMV,4819.38,186,123,2024-12-06,2024-12-27,25.910645161290322
2024-12,Finandina,4,Mayor a 12 SMLMV y menor o igual a 25 SMLMV,5978.78,237,143,2024-12-06,2024-12-27,25.22691983122363
2024-12,Finandina,5,Mayor a 25 SMLMV y menor o igual a 100 SMLMV,532.41,23,23,2024-12-06,2024-12-27,23.148260869565217
2024-12,Itaú,1,Menor o igual a 3 SMLMV,283.48,12,12,2024-12-06,2024-12-27,23.623333333333335
2024-12,Itaú,2,Mayor a 3 SMLMV y menor o igual a 6 SMLMV,1905.7,83,62,2024-12-06,2024-12-27,22.960240963855423
2024-12,Itaú,3,Mayor a 6 SMLMV y menor o igual a 12 SMLMV,3813.89,169,96,2024-12-06,2024-12-27,22.56739644970414
2024-12,Itaú,4,Mayor a 12 SMLMV y menor o igual a 25 SMLMV,7039.7,327,167,2024-12-06,2024-12-27,21.528134556574923
2024-12,Itaú,5,Mayor a 25 SMLMV y menor o igual a 100 SMLMV,13563.26,676,339,2024-12-06,2024-12-27,20.06399408284024
2024-12,Itaú,6,Mayor a 100 SMLMV,3885.37,214,159,2024-12-06,2024-12-27,18.15593457943925
2024-12,Lulo Bank,1,Menor o igual a 3 SMLMV,24091.82,1021,625,2024-12-06,2024-12-27,23.59629774730656
2024-12,Lulo Bank,2,Mayor a 3 SMLMV y menor o igual a 6 SMLMV,20450.86,844,470,2024-12-06,2024-12-27,24.230876777251186
2024-12,Lulo Bank,3,Mayor a 6 SMLMV y menor o igual a 12 SMLMV,19514.28,828,441,2024-12-06,2024-12-27,23.567971014492752
2024-12,Lulo Bank,4,Mayor a 12 SMLMV y menor o igual a 25 SMLMV,11252.48,467,225,2024-12-06,2024-12-27,24.09524625267666
2024-12,Lulo Bank,5,Mayor a 25 SMLMV y menor o igual a 100 SMLMV,4532.7,198,110,2024-12-06,2024-12-27,22.89242424242424
2024-12,MiBanco,1,Menor o igual a 3 SMLMV,26.09,1,1,2024-12-20,2024-12-20,26.09
2025-01,BBVA Colombia,1,Menor o igual a 3 SMLMV,52421.14,2220,1124,2025-01-03,2025-01-31,23.613126126126126
2025-01,BBVA Colombia,2,Mayor a 3 SMLMV y menor o igual a 6 SMLMV,56376.1,2417,1143,2025-01-03,2025-01-31,23.324824162184527
2025-01,BBVA Colombia,3,Mayor a 6 SMLMV y menor o igual a 12 SMLMV,81789.64,3517,1473,2025-01-03,2025-01-31,23.255513221495594
2025-01,BBVA Colombia,4,Mayor a 12 SMLMV y menor o igual a 25 SMLMV,78406.19,3436,1461,2025-01-03,2025-01-31,22.819030849825378
2025-01,BBVA Colombia,5,Mayor a 25 SMLMV y menor o igual a 100 SMLMV,43601.09,1989,1028,2025-01-03,2025-01-31,21.92111111111111
2025-01,BBVA Colombia,6,Mayor a 100 SMLMV,345.21,17,17,2025-01-03,2025-01-31,20.306470588235292
2025-01,Banco AV Villas,1,Menor o igual a 3 SMLMV,3288.96,145,138,2025-01-03,2025-01-31,22.68248275862069
2025-01,Banco AV Villas,2,Mayor a 3 SMLMV y menor o igual a 6 SMLMV,6936.94,309,243,2025-01-03,2025-01-31,22.449644012944983
2025-01,Banco AV Villas,3,Mayor a 6 SMLMV y menor o igual a 12 SMLMV,12165.38,569,405,2025-01-03,2025-01-31,21.380281195079085
2025-01,Banco AV Villas,4,Mayor a 12 SMLMV y menor o igual a 25 SMLMV,9678.0,483,325,2025-01-03,2025-01-31,20.03726708074534
2025-01,Banco AV Villas,5,Mayor a 25 SMLMV y menor o igual a 100 SMLMV,8710.47,476,323,2025-01-03,2025-01-31,18.299306722689074
2025-01,Banco AV Villas,6,Mayor a 100 SMLMV,780.7,45,40,2025-01-03,2025-01-31,17.34888888888889
2025-01,Banco Agrario,1,Menor o igual a 3 SMLMV,871.61,39,39,2025-01-03,2025-01-31,22.34897435897436
2025-01,Banco Agrario,2,Mayor a 3 SMLMV y menor o igual a 6 SMLMV,2009.84,91,91,2025-01-03,2025-01-31,22.086153846153845
2025-01,Banco Agrario,3,Mayor a 6 SMLMV y menor o igual a 12 SMLMV,2471.8399999999997,112,111,2025-01-03,2025-01-31,22.069999999999997
2025-01,Banco Agrario,4,Mayor a 12 SMLMV y menor o igual a 25 SMLMV,1250.7,57,56,2025-01-03,2025-01-31,21.942105263157895
2025-01,Banco Agrario,5,Mayor a 25 SMLMV y menor o igual a 100 SMLMV,286.71,13,13,2025-01-03,2025-01-31,22.05461538461538
2025-01,Banco Caja Social,1,Menor o igual a 3 SMLMV,49166.56,2010,1545,2025-01-03,2025-01-31,24.46097512437811
2025-01,Banco Caja Social,2,Mayor a 3 SMLMV y menor o igual a 6 SMLMV,40867.63,1722,1247,2025-01-03,2025-01-31,23.732653890824622
2025-01,Banco Caja Social,3,Mayor a 6 SMLMV y menor o igual a 12 SMLMV,33726.21,1455,1004,2025-01-03,2025-01-31,23.179525773195877
2025-01,Banco Caja Social,4,Mayor a 12 SMLMV y menor o igual a 25 SMLMV,11700.65,537,411,2025-01-03,2025-01-31,21.788919925512104
2025-01,Banco Caja Social,5,Mayor a 25 SMLMV y menor o igual a 100 SMLMV,4358.21,229,187,2025-01-03,2025-01-31,19.031484716157205
2025-01,Banco Caja Social,6,Mayor a 100 SMLMV,93.6,6,6,2025-01-03,2025-01-31,15.6
2025-01,Banco Davibank,1,Menor o igual a 3 SMLMV,2653.04,112,112,2025-01-03,2025-01-31,23.687857142857144
2025-01,Banco Davibank,2,Mayor a 3 SMLMV y menor o igual a 6 SMLMV,7871.2,334,329,2025-01-03,2025-01-31,23.566467065868263
2025-01,Banco Davibank,3,Mayor a 6 SMLMV y menor o igual a 12 SMLMV,18386.8,791,766,2025-01-03,2025-01-31,23.245006321112516
2025-01,Banco Davibank,4,Mayor a 12 SMLMV y menor o igual a 25 SMLMV,24650.45,1088,946,2025-01-03,2025-01-31,22.656663602941176
2025-01,Banco Davibank,5,Mayor a 25 SMLMV y menor o igual a 100 SMLMV,57907.76,2615,1313,2025-01-03,2025-01-31,22.144458891013386
2025-01,Banco Davibank,6,Mayor a 100 SMLMV,181212.29,8349,415,2025-01-03,2025-01-31,21.70467002036172
2025-01,Banco Davivienda,1,Menor o igual a 3 SMLMV,91959.7,4007,1524,2025-01-03,2025-01-31,22.949762914898926
2025-01,Banco Davivienda,2,Mayor a 3 SMLMV y menor o igual a 6 SMLMV,100293.6,4496,1977,2025-01-03,2025-01-31,22.307295373665482
2025-01,Banco Davivienda,3,Mayor a 6 SMLMV y menor o igual a 12 SMLMV,121224.71,5557,2412,2025-01-03,2025-01-31,21.814775958250856
2025-01,Banco Davivienda,4,Mayor a 12 SMLMV y menor o igual a 25 SMLMV,117805.98,5618,2569,2025-01-03,2025-01-31,20.96938056247775
2025-01,Banco Davivienda,5,Mayor a 25 SMLMV y menor o igual a 100 SMLMV,60642.49,3054,1601,2025-01-03,2025-01-31,19.856741977734117
2025-01,Banco Davivienda,6,Mayor a 100 SMLMV,113.25,7,7,2025-01-03,2025-01-31,16.178571428571427
2025-01,Banco Falabella,1,Menor o igual a 3 SMLMV,233736.94,9584,3015,2025-01-03,2025-01-31,24.388244991652755
2025-01,Banco Falabella,2,Mayor a 3 SMLMV y menor o igual a 6 SMLMV,168185.55,6898,2293,2025-01-03,2025-01-31,24.381784575239198
2025-01,Banco Falabella,3,Mayor a 6 SMLMV y menor o igual a 12 SMLMV,166111.24,6894,2484,2025-01-03,2025-01-31,24.095044966637655
2025-01,Banco Falabella,4,Mayor a 12 SMLMV y menor o igual a 25 SMLMV,58453.3,2472,1312,2025-01-03,2025-01-31,23.646156957928802
2025-01,Banco Falabella,5,Mayor a 25 SMLMV y menor o igual a 100 SMLMV,22693.44,1005,617,2025-01-03,2025-01-31,22.580537313432835
2025-01,Banco Falabella,6,Mayor a 100 SMLMV,361.98,16,13,2025-01-03,2025-01-31,22.62375
2025-01,Banco GNB Sudameris,2,Mayor a 3 SMLMV y menor o igual a 6 SMLMV,16.77,1,1,2025-01-31,2025-01-31,16.77
2025-01,Banco GNB Sudameris,3,Mayor a 6 SMLMV y menor o igual a 12 SMLMV,16.25,1,1,2025-01-17,2025-01-17,16.25
2025-01,Banco GNB Sudameris,4,Mayor a 12 SMLMV y menor o igual a 25 SMLMV,78.22,4,4,2025-01-03,2025-01-31,19.555
2025-01,Banco GNB Sudameris,5,Mayor a 25 SMLMV y menor o igual a 100 SMLMV,72.75999999999999,4,4,2025-01-24,2025-01-31,18.189999999999998
2025-01,Banco GNB Sudameris,6,Mayor a 100 SMLMV,35.05,2,2,2025-01-03,2025-01-03,17.525
2025-01,Banco Mundo Mujer,1,Menor o igual a 3 SMLMV,112240.78,4489,2759,2025-01-03,2025-01-31,25.00351525952328
2025-01,Banco Mundo Mujer,2,Mayor a 3 SMLMV y menor o igual a 6 SMLMV,62458.01,2502,1288,2025-01-03,2025-01-31,24.963233413269386
2025-01,Banco Mundo Mujer,3,Mayor a 6 SMLMV y menor o igual a 12 SMLMV,15790.07,633,447,2025-01-03,2025-01-31,24.94481832543444
2025-01,Banco Mundo Mujer,4,Mayor a 12 SMLMV y menor o igual a 25 SMLMV,947.32,38,37,2025-01-03,2025-01-31,24.929473684210528
2025-01,Banco Popular,3,Mayor a 6 SMLMV y menor o igual a 12 SMLMV,123.99,5,5,2025-01-10,2025-01-31,24.798
2025-01,Banco Santander,2,Mayor a 3 SMLMV y menor o igual a 6 SMLMV,4.5,1,1,2025-01-24,2025-01-24,4.5
2025-01,Banco Santander,3,Mayor a 6 SMLMV y menor o igual a 12 SMLMV,22.09,2,2,2025-01-24,2025-01-31,11.045
2025-01,Banco Santander,5,Mayor a 25 SMLMV y menor o igual a 100 SMLMV,22.09,2,2,2025-01-24,2025-01-24,11.045
2025-01,Banco Serfinanza,1,Menor o igual a 3 SMLMV,2224.83,106,93,2025-01-03,2025-01-31,20.988962264150942
2025-01,Banco Serfinanza,2,Mayor a 3 SMLMV y menor o igual a 6 SMLMV,5755.47,279,201,2025-01-03,2025-01-31,20.628924731182796
2025-01,Banco Serfinanza,3,Mayor a 6 SMLMV y menor o igual a 12 SMLMV,1257.9,58,50,2025-01-03,2025-01-31,21.68793103448276
2025-01,Banco Serfinanza,4,Mayor a 12 SMLMV y menor o igual a 25 SMLMV,631.37,31,30,2025-01-03,2025-01-31,20.366774193548387
2025-01,Banco Serfinanza,5,Mayor a 25 SMLMV y menor o igual a 100 SMLMV,123.58,7,7,2025-01-03,2025-01-31,17.654285714285713
2025-01,Banco Serfinanza,6,Mayor a 100 SMLMV,40.28,2,2,2025-01-03,2025-01-10,20.14
2025-01,Banco Unión,1,Menor o igual a 3 SMLMV,148.5,6,6,2025-01-17,2025-01-31,24.75
2025-01,Banco Unión,2,Mayor a 3 SMLMV y menor o igual a 6 SMLMV,74.25,3,3,2025-01-10,2025-01-17,24.75
2025-01,Banco Unión,3,Mayor a 6 SMLMV y menor o igual a 12 SMLMV,74.25,3,3,2025-01-17,2025-01-24,24.75
2025-01,Banco Unión,5,Mayor a 25 SMLMV y menor o igual a 100 SMLMV,15.88,1,1,2025-01-17,2025-01-17,15.88
2025-01,Banco de Bogotá,1,Menor o igual a 3 SMLMV,361913.86,14801,4787,2025-01-03,2025-01-31,24.45198702790352
2025-01,Banco de Bogotá,2,Mayor a 3 SMLMV y menor o igual a 6 SMLMV,288481.39,11844,3883,2025-01-03,2025-01-31,24.35675363053023
2025-01,Banco de Bogotá,3,Mayor a 6 SMLMV y menor o igual a 12 SMLMV,228259.98,9485,3468,2025-01-03,2025-01-31,24.06536425935688
2025-01,Banco de Bogotá,4,Mayor a 12 SMLMV y menor o igual a 25 SMLMV,83790.68000000001,3697,1773,2025-01-03,2025-01-31,22.664506356505278
2025-01,Banco de Bogotá,5,Mayor a 25 SMLMV y menor o igual a 100 SMLMV,54359.340000000004,2741,1357,2025-01-03,2025-01-31,19.831937249179134
2025-01,Banco de Bogotá,6,Mayor a 100 SMLMV,3757.15,236,160,2025-01-03,2025-01-31,15.920127118644068
2025-01,Banco de Occidente,1,Menor o igual a 3 SMLMV,710.02,33,33,2025-01-03,2025-01-31,21.515757575757576
2025-01,Banco de Occidente,2,Mayor a 3 SMLMV y menor o igual a 6 SMLMV,1782.8899999999999,82,73,2025-01-03,2025-01-31,21.742560975609756
2025-01,Banco de Occidente,3,Mayor a 6 SMLMV y menor o igual a 12 SMLMV,4902.7699999999995,224,155,2025-01-03,2025-01-31,21.88736607142857
2025-01,Banco de Occidente,4,Mayor a 12 SMLMV y menor o igual a 25 SMLMV,10354.46,482,235,2025-01-03,2025-01-31,21.482282157676348
2025-01,Banco de Occidente,5,Mayor a 25 SMLMV y menor o igual a 100 SMLMV,24327.75,1233,489,2025-01-03,2025-01-31,19.730535279805352
2025-01,Banco de Occidente,6,Mayor a 100 SMLMV,3497.99,192,123,2025-01-03,2025-01-31,18.218697916666667
2025-01,Bancolombia,1,Menor o igual a 3 SMLMV,1376055.6300000001,56315,13262,2025-01-03,2025-01-31,24.4349752286247
2025-01,Bancolombia,2,Mayor a 3 SMLMV y menor o igual a 6 SMLMV,278658.73,11866,3943,2025-01-03,2025-01-31,23.48379656160458
2025-01,Bancolombia,3,Mayor a 6 SMLMV y menor o igual a 12 SMLMV,144044.97,6676,2453,2025-01-03,2025-01-31,21.576538346315157
2025-01,Bancolombia,4,Mayor a 12 SMLMV y menor o igual a 25 SMLMV,112173.38,5454,1771,2025-01-03,2025-01-31,20.5671763843051
2025-01,Bancolombia,5,Mayor a 25 SMLMV y menor o igual a 100 SMLMV,110402.67,5503,2271,2025-01-03,2025-01-31,20.062269671088497
2025-01,Bancolombia,6,Mayor a 100 SMLMV,11679.58,603,394,2025-01-03,2025-01-31,19.369121061359866
2025-01,Bancoomeva,1,Menor o igual a 3 SMLMV,931.01,45,43,2025-01-03,2025-01-31,20.68911111111111
2025-01,Bancoomeva,2,Mayor a 3 SMLMV y menor o igual a 6 SMLMV,2609.2,129,118,2025-01-03,2025-01-31,20.226356589147287
2025-01,Bancoomeva,3,Mayor a 6 SMLMV y menor o igual a 12 SMLMV,3779.97,186,173,2025-01-03,2025-01-31,20.322419354838708
2025-01,Bancoomeva,4,Mayor a 12 SMLMV y menor o igual a 25 SMLMV,5758.45,285,246,2025-01-03,2025-01-31,20.205087719298245
2025-01,Bancoomeva,5,Mayor a 25 SMLMV y menor o igual a 100 SMLMV,5651.05,284,252,2025-01-03,2025-01-31,19.89806338028169
2025-01,Bancoomeva,6,Mayor a 100 SMLMV,81.99,4,4,2025-01-03,2025-01-31,20.4975
2025-01,Coopcentral,2,Mayor a 3 SMLMV y menor o igual a 6 SMLMV,22.0,1,1,2025-01-17,2025-01-17,22.0
2025-01,Coopcentral,3,Mayor a 6 SMLMV y menor o igual a 12 SMLMV,36.0,2,2,2025-01-17,2025-01-24,18.0
2025-01,Coopcentral,5,Mayor a 25 SMLMV y menor o igual a 100 SMLMV,60.0,4,4,2025-01-03,2025-01-31,15.0
2025-01,Finandina,1,Menor o igual a 3 SMLMV,495.39,20,20,2025-01-03,2025-01-31,24.7695
2025-01,Finandina,2,Mayor a 3 SMLMV y menor o igual a 6 SMLMV,2302.49,93,79,2025-01-03,2025-01-31,24.757956989247308
2025-01,Finandina,3,Mayor a 6 SMLMV y menor o igual a 12 SMLMV,4593.29,186,124,2025-01-03,2025-01-31,24.69510752688172
2025-01,Finandina,4,Mayor a 12 SMLMV y menor o igual a 25 SMLMV,6801.22,277,172,2025-01-03,2025-01-31,24.55314079422383
2025-01,Finandina,5,Mayor a 25 SMLMV y menor o igual a 100 SMLMV,710.83,30,26,2025-01-03,2025-01-31,23.694333333333336
2025-01,Itaú,1,Menor o igual a 3 SMLMV,706.81,33,31,2025-01-03,2025-01-31,21.418484848484848
2025-01,Itaú,2,Mayor a 3 SMLMV y menor o igual a 6 SMLMV,3745.32,169,110,2025-01-03,2025-01-31,22.161656804733727
2025-01,Itaú,3,Mayor a 6 SMLMV y menor o igual a 12 SMLMV,7722.43,349,178,2025-01-03,2025-01-31,22.12730659025788
2025-01,Itaú,4,Mayor a 12 SMLMV y menor o igual a 25 SMLMV,11175.49,524,256,2025-01-03,2025-01-31,21.32727099236641
2025-01,Itaú,5,Mayor a 25 SMLMV y menor o igual a 100 SMLMV,15996.48,799,402,2025-01-03,2025-01-31,20.020625782227786
2025-01,Itaú,6,Mayor a 100 SMLMV,3697.63,196,129,2025-01-03,2025-01-31,18.86545918367347
2025-01,Lulo Bank,1,Menor o igual a 3 SMLMV,30563.4,1319,844,2025-01-03,2025-01-31,23.17164518574678
2025-01,Lulo Bank,2,Mayor a 3 SMLMV y menor o igual a 6 SMLMV,23093.5,997,570,2025-01-03,2025-01-31,23.162988966900702
2025-01,Lulo Bank,3,Mayor a 6 SMLMV y menor o igual a 12 SMLMV,23565.88,1025,541,2025-01-03,2025-01-31,22.99110243902439
2025-01,Lulo Bank,4,Mayor a 12 SMLMV y menor o igual a 25 SMLMV,11308.91,481,250,2025-01-03,2025-01-31,23.511247401247402
2025-01,Lulo Bank,5,Mayor a 25 SMLMV y menor o igual a 100 SMLMV,3143.59,140,91,2025-01-03,2025-01-31,22.454214285714286
2025-01,MiBanco,1,Menor o igual a 3 SMLMV,74.37,3,3,2025-01-03,2025-01-31,24.790000000000003
2025-02,BBVA Colombia,1,Menor o igual a 3 SMLMV,33531.7,1384,743,2025-02-07,2025-02-28,24.228106936416182
2025-02,BBVA Colombia,2,Mayor a 3 SMLMV y menor o igual a 6 SMLMV,33711.79,1412,755,2025-02-07,2025-02-28,23.87520538243626
2025-02,BBVA Colombia,3,Mayor a 6 SMLMV y menor o igual a 12 SMLMV,49221.13,2078,1040,2025-02-07,2025-02-28,23.686780558229064
2025-02,BBVA Colombia,4,Mayor a 12 SMLMV y menor o igual a 25 SMLMV,46777.43,2024,976,2025-02-07,2025-02-28,23.111378458498024
2025-02,BBVA Colombia,5,Mayor a 25 SMLMV y menor o igual a 100 SMLMV,31525.14,1422,767,2025-02-07,2025-02-28,22.16957805907173
2025-02,BBVA Colombia,6,Mayor a 100 SMLMV,644.47,31,28,2025-02-07,2025-02-28,20.789354838709677
2025-02,Banco AV Villas,1,Menor o igual a 3 SMLMV,4381.9,189,172,2025-02-07,2025-02-28,23.184656084656083
2025-02,Banco AV Villas,2,Mayor a 3 SMLMV y menor o igual a 6 SMLMV,8347.38,375,298,2025-02-07,2025-02-28,22.25968
2025-02,Banco AV Villas,3,Mayor a 6 SMLMV y menor o igual a 12 SMLMV,15754.789999999999,750,480,2025-02-07,2025-02-28,21.006386666666664
2025-02,Banco AV Villas,4,Mayor a 12 SMLMV y menor o igual a 25 SMLMV,14072.38,705,411,2025-02-07,2025-02-28,19.96082269503546
2025-02,Banco AV Villas,5,Mayor a 25 SMLMV y menor o igual a 100 SMLMV,15965.18,870,492,2025-02-07,2025-02-28,18.3507816091954
2025-02,Banco AV Villas,6,Mayor a 100 SMLMV,2121.23,121,83,2025-02-07,2025-02-28,17.53082644628099
2025-02,Banco Agrario,1,Menor o igual a 3 SMLMV,677.1999999999999,29,29,2025-02-07,2025-02-28,23.351724137931033
2025-02,Banco Agrario,2,Mayor a 3 SMLMV y menor o igual a 6 SMLMV,2232.0699999999997,96,96,2025-02-07,2025-02-28,23.250729166666662
2025-02,Banco Agrario,3,Mayor a 6 SMLMV y menor o igual a 12 SMLMV,3162.3399999999997,138,137,2025-02-07,2025-02-28,22.91550724637681
2025-02,Banco Agrario,4,Mayor a 12 SMLMV y menor o igual a 25 SMLMV,1454.79,64,64,2025-02-07,2025-02-28,22.73109375
2025-02,Banco Agrario,5,Mayor a 25 SMLMV y menor o igual a 100 SMLMV,415.67999999999995,18,18,2025-02-07,2025-02-28,23.09333333333333
2025-02,Banco Caja Social,1,Menor o igual a 3 SMLMV,41900.840000000004,1642,1290,2025-02-07,2025-02-28,25.518172959805117
2025-02,Banco Caja Social,2,Mayor a 3 SMLMV y menor o igual a 6 SMLMV,39054.12,1593,1154,2025-02-07,2025-02-28,24.516082862523543
2025-02,Banco Caja Social,3,Mayor a 6 SMLMV y menor o igual a 12 SMLMV,36534.38,1538,1039,2025-02-07,2025-02-28,23.754473342002598
2025-02,Banco Caja Social,4,Mayor a 12 SMLMV y menor o igual a 25 SMLMV,13368.95,602,441,2025-02-07,2025-02-28,22.207558139534886
2025-02,Banco Caja Social,5,Mayor a 25 SMLMV y menor o igual a 100 SMLMV,4772.91,248,188,2025-02-07,2025-02-28,19.245604838709678
2025-02,Banco Caja Social,6,Mayor a 100 SMLMV,74.4,5,5,2025-02-21,2025-02-28,14.88
2025-02,Banco Davibank,1,Menor o igual a 3 SMLMV,1899.87,78,78,2025-02-07,2025-02-28,24.357307692307693
2025-02,Banco Davibank,2,Mayor a 3 SMLMV y menor o igual a 6 SMLMV,4884.62,207,204,2025-02-07,2025-02-28,23.59719806763285
2025-02,Banco Davibank,3,Mayor a 6 SMLMV y menor o igual a 12 SMLMV,12116.34,519,498,2025-02-07,2025-02-28,23.345549132947976
2025-02,Banco Davibank,4,Mayor a 12 SMLMV y menor o igual a 25 SMLMV,19478.15,848,732,2025-02-07,2025-02-28,22.969516509433966
2025-02,Banco Davibank,5,Mayor a 25 SMLMV y menor o igual a 100 SMLMV,44031.47,1926,1002,2025-02-07,2025-02-28,22.86161474558671
2025-02,Banco Davibank,6,Mayor a 100 SMLMV,151392.87,6664,283,2025-02-07,2025-02-28,22.718017707082833
2025-02,Banco Davivienda,1,Menor o igual a 3 SMLMV,121674.98,4999,1732,2025-02-07,2025-02-28,24.339863972794557
2025-02,Banco Davivienda,2,Mayor a 3 SMLMV y menor o igual a 6 SMLMV,112720.33,4782,2014,2025-02-07,2025-02-28,23.571796319531575
2025-02,Banco Davivienda,3,Mayor a 6 SMLMV y menor o igual a 12 SMLMV,136620.79,5974,2569,2025-02-07,2025-02-28,22.869231670572482
2025-02,Banco Davivienda,4,Mayor a 12 SMLMV y menor o igual a 25 SMLMV,128446.96,5983,2708,2025-02-07,2025-02-28,21.46865452114324
2025-02,Banco Davivienda,5,Mayor a 25 SMLMV y menor o igual a 100 SMLMV,69677.85,3392,1755,2025-02-07,2025-02-28,20.54181898584906
2025-02,Banco Davivienda,6,Mayor a 100 SMLMV,245.46,14,13,2025-02-07,2025-02-28,17.532857142857143
2025-02,Banco Falabella,1,Menor o igual a 3 SMLMV,96088.92,3860,1537,2025-02-07,2025-02-28,24.893502590673574
2025-02,Banco Falabella,2,Mayor a 3 SMLMV y menor o igual a 6 SMLMV,91425.03,3675,1532,2025-02-07,2025-02-28,24.87755918367347
2025-02,Banco Falabella,3,Mayor a 6 SMLMV y menor o igual a 12 SMLMV,123497.61,4985,2061,2025-02-07,2025-02-28,24.773843530591776
2025-02,Banco Falabella,4,Mayor a 12 SMLMV y menor o igual a 25 SMLMV,76997.87,3165,1521,2025-02-07,2025-02-28,24.32792101105845
2025-02,Banco Falabella,5,Mayor a 25 SMLMV y menor o igual a 100 SMLMV,38961.21,1717,982,2025-02-07,2025-02-28,22.69144437973209
2025-02,Banco Falabella,6,Mayor a 100 SMLMV,273.79,13,13,2025-02-14,2025-02-28,21.060769230769232
2025-02,Banco GNB Sudameris,2,Mayor a 3 SMLMV y menor o igual a 6 SMLMV,18.03,1,1,2025-02-07,2025-02-07,18.03
2025-02,Banco GNB Sudameris,3,Mayor a 6 SMLMV y menor o igual a 12 SMLMV,16.81,1,1,2025-02-28,2025-02-28,16.81
2025-02,Banco GNB Sudameris,4,Mayor a 12 SMLMV y menor o igual a 25 SMLMV,52.86,3,3,2025-02-14,2025-02-14,17.62
2025-02,Banco GNB Sudameris,5,Mayor a 25 SMLMV y menor o igual a 100 SMLMV,32.93,2,2,2025-02-07,2025-02-28,16.465
2025-02,Banco GNB Sudameris,6,Mayor a 100 SMLMV,20.12,1,1,2025-02-28,2025-02-28,20.12
2025-02,Banco Mundo Mujer,1,Menor o igual a 3 SMLMV,105349.76000000001,4013,2420,2025-02-07,2025-02-28,26.252120608023926
2025-02,Banco Mundo Mujer,2,Mayor a 3 SMLMV y menor o igual a 6 SMLMV,62049.54,2363,1215,2025-02-07,2025-02-28,26.25879813796022
2025-02,Banco Mundo Mujer,3,Mayor a 6 SMLMV y menor o igual a 12 SMLMV,16554.47,633,452,2025-02-07,2025-02-28,26.152401263823066
2025-02,Banco Mundo Mujer,4,Mayor a 12 SMLMV y menor o igual a 25 SMLMV,812.9,31,31,2025-02-07,2025-02-28,26.22258064516129
2025-02,Banco Popular,1,Menor o igual a 3 SMLMV,24.82,1,1,2025-02-21,2025-02-21,24.82
2025-02,Banco Popular,2,Mayor a 3 SMLMV y menor o igual a 6 SMLMV,50.989999999999995,2,2,2025-02-07,2025-02-28,25.494999999999997
2025-02,Banco Popular,3,Mayor a 6 SMLMV y menor o igual a 12 SMLMV,51.129999999999995,2,2,2025-02-28,2025-02-28,25.564999999999998
2025-02,Banco Popular,4,Mayor a 12 SMLMV y menor o igual a 25 SMLMV,24.89,1,1,2025-02-28,2025-02-28,24.89
2025-02,Banco Santander,3,Mayor a 6 SMLMV y menor o igual a 12 SMLMV,61.77,5,3,2025-02-21,2025-02-28,12.354000000000001
2025-02,Banco Santander,4,Mayor a 12 SMLMV y menor o igual a 25 SMLMV,13.5,3,1,2025-02-28,2025-02-28,4.5
2025-02,Banco Santander,5,Mayor a 25 SMLMV y menor o igual a 100 SMLMV,18.0,4,4,2025-02-28,2025-02-28,4.5
2025-02,Banco Santander,6,Mayor a 100 SMLMV,9.0,2,2,2025-02-21,2025-02-28,4.5
2025-02,Banco Serfinanza,1,Menor o igual a 3 SMLMV,1522.96,75,66,2025-02-07,2025-02-28,20.306133333333335
2025-02,Banco Serfinanza,2,Mayor a 3 SMLMV y menor o igual a 6 SMLMV,3916.42,200,176,2025-02-07,2025-02-28,19.5821
2025-02,Banco Serfinanza,3,Mayor a 6 SMLMV y menor o igual a 12 SMLMV,1041.16,49,46,2025-02-07,2025-02-28,21.248163265306125
2025-02,Banco Serfinanza,4,Mayor a 12 SMLMV y menor o igual a 25 SMLMV,587.34,30,29,2025-02-07,2025-02-28,19.578
2025-02,Banco Serfinanza,5,Mayor a 25 SMLMV y menor o igual a 100 SMLMV,243.9,14,14,2025-02-07,2025-02-28,17.42142857142857
2025-02,Banco Serfinanza,6,Mayor a 100 SMLMV,12.55,1,1,2025-02-21,2025-02-21,12.55
2025-02,Banco Unión,1,Menor o igual a 3 SMLMV,131.15,5,5,2025-02-07,2025-02-28,26.23
2025-02,Banco Unión,2,Mayor a 3 SMLMV y menor o igual a 6 SMLMV,52.46,2,2,2025-02-07,2025-02-21,26.23
2025-02,Banco Unión,3,Mayor a 6 SMLMV y menor o igual a 12 SMLMV,131.15,5,5,2025-02-07,2025-02-28,26.23
2025-02,Banco Unión,4,Mayor a 12 SMLMV y menor o igual a 25 SMLMV,78.69,3,3,2025-02-07,2025-02-14,26.23
2025-02,Banco Unión,5,Mayor a 25 SMLMV y menor o igual a 100 SMLMV,70.07,3,3,2025-02-07,2025-02-28,23.356666666666666
2025-02,Banco de Bogotá,1,Menor o igual a 3 SMLMV,321453.64,12549,4203,2025-02-07,2025-02-28,25.615876962307755
2025-02,Banco de Bogotá,2,Mayor a 3 SMLMV y menor o igual a 6 SMLMV,260739.98,10223,3676,2025-02-07,2025-02-28,25.505231341093612
2025-02,Banco de Bogotá,3,Mayor a 6 SMLMV y menor o igual a 12 SMLMV,197322.9,7825,3122,2025-02-07,2025-02-28,25.216984025559103
2025-02,Banco de Bogotá,4,Mayor a 12 SMLMV y menor o igual a 25 SMLMV,77463.43000000001,3252,1609,2025-02-07,2025-02-28,23.820242927429277
2025-02,Banco de Bogotá,5,Mayor a 25 SMLMV y menor o igual a 100 SMLMV,50507.72,2447,1307,2025-02-07,2025-02-28,20.640670208418474
2025-02,Banco de Bogotá,6,Mayor a 100 SMLMV,3692.52,231,135,2025-02-07,2025-02-28,15.984935064935065
2025-02,Banco de Occidente,1,Menor o igual a 3 SMLMV,699.0699999999999,35,32,2025-02-07,2025-02-28,19.97342857142857
2025-02,Banco de Occidente,2,Mayor a 3 SMLMV y menor o igual a 6 SMLMV,1601.24,77,63,2025-02-07,2025-02-28,20.795324675324675
2025-02,Banco de Occidente,3,Mayor a 6 SMLMV y menor o igual a 12 SMLMV,5011.17,234,154,2025-02-07,2025-02-28,21.41525641025641
2025-02,Banco de Occidente,4,Mayor a 12 SMLMV y menor o igual a 25 SMLMV,10105.38,472,243,2025-02-07,2025-02-28,21.409703389830508
2025-02,Banco de Occidente,5,Mayor a 25 SMLMV y menor o igual a 100 SMLMV,25009.64,1281,483,2025-02-07,2025-02-28,19.52352849336456
2025-02,Banco de Occidente,6,Mayor a 100 SMLMV,3793.27,209,114,2025-02-07,2025-02-28,18.149617224880384
2025-02,Bancolombia,1,Menor o igual a 3 SMLMV,1101685.77,43266,11469,2025-02-07,2025-02-28,25.463083483566773
2025-02,Bancolombia,2,Mayor a 3 SMLMV y menor o igual a 6 SMLMV,242250.56,10112,3609,2025-02-07,2025-02-28,23.956740506329115
2025-02,Bancolombia,3,Mayor a 6 SMLMV y menor o igual a 12 SMLMV,133661.61,6200,2313,2025-02-07,2025-02-28,21.558324193548383
2025-02,Bancolombia,4,Mayor a 12 SMLMV y menor o igual a 25 SMLMV,104104.56,5106,1734,2025-02-07,2025-02-28,20.38867215041128
2025-02,Bancolombia,5,Mayor a 25 SMLMV y menor o igual a 100 SMLMV,112471.83,5717,2442,2025-02-07,2025-02-28,19.673225467902746
2025-02,Bancolombia,6,Mayor a 100 SMLMV,13088.4,698,463,2025-02-07,2025-02-28,18.7512893982808
2025-02,Bancoomeva,1,Menor o igual a 3 SMLMV,1041.21,47,45,2025-02-07,2025-02-28,22.15340425531915
2025-02,Bancoomeva,2,Mayor a 3 SMLMV y menor o igual a 6 SMLMV,1702.54,79,78,2025-02-07,2025-02-28,21.551139240506327
2025-02,Bancoomeva,3,Mayor a 6 SMLMV y menor o igual a 12 SMLMV,3369.95,157,144,2025-02-07,2025-02-28,21.464649681528662
2025-02,Bancoomeva,4,Mayor a 12 SMLMV y menor o igual a 25 SMLMV,3458.24,162,149,2025-02-07,2025-02-28,21.347160493827158
2025-02,Bancoomeva,5,Mayor a 25 SMLMV y menor o igual a 100 SMLMV,5436.04,256,230,2025-02-07,2025-02-28,21.23453125
2025-02,Bancoomeva,6,Mayor a 100 SMLMV,106.05,5,5,2025-02-14,2025-02-21,21.21
2025-02,Coopcentral,1,Menor o igual a 3 SMLMV,44.0,2,2,2025-02-07,2025-02-07,22.0
2025-02,Coopcentral,3,Mayor a 6 SMLMV y menor o igual a 12 SMLMV,45.0,2,2,2025-02-21,2025-02-28,22.5
2025-02,Coopcentral,4,Mayor a 12 SMLMV y menor o igual a 25 SMLMV,29.39,2,2,2025-02-14,2025-02-14,14.695
2025-02,Finandina,1,Menor o igual a 3 SMLMV,492.29999999999995,19,18,2025-02-07,2025-02-28,25.910526315789472
2025-02,Finandina,2,Mayor a 3 SMLMV y menor o igual a 6 SMLMV,1918.6999999999998,74,58,2025-02-07,2025-02-28,25.928378378378376
2025-02,Finandina,3,Mayor a 6 SMLMV y menor o igual a 12 SMLMV,5133.68,199,116,2025-02-07,2025-02-28,25.79738693467337
2025-02,Finandina,4,Mayor a 12 SMLMV y menor o igual a 25 SMLMV,6373.599999999999,248,136,2025-02-07,2025-02-28,25.7
2025-02,Finandina,5,Mayor a 25 SMLMV y menor o igual a 100 SMLMV,753.68,30,24,2025-02-07,2025-02-28,25.122666666666664
2025-02,Itaú,1,Menor o igual a 3 SMLMV,649.26,29,27,2025-02-07,2025-02-28,22.388275862068966
2025-02,Itaú,2,Mayor a 3 SMLMV y menor o igual a 6 SMLMV,3073.41,137,96,2025-02-07,2025-02-28,22.433649635036495
2025-02,Itaú,3,Mayor a 6 SMLMV y menor o igual a 12 SMLMV,6896.5,310,163,2025-02-07,2025-02-28,22.246774193548386
2025-02,Itaú,4,Mayor a 12 SMLMV y menor o igual a 25 SMLMV,10146.68,464,226,2025-02-07,2025-02-28,21.867844827586207
2025-02,Itaú,5,Mayor a 25 SMLMV y menor o igual a 100 SMLMV,14259.89,694,327,2025-02-07,2025-02-28,20.547391930835733
2025-02,Itaú,6,Mayor a 100 SMLMV,2870.86,147,109,2025-02-07,2025-02-28,19.52965986394558
2025-02,Lulo Bank,1,Menor o igual a 3 SMLMV,83425.85,3714,2031,2025-02-07,2025-02-28,22.462533656435113
2025-02,Lulo Bank,2,Mayor a 3 SMLMV y menor o igual a 6 SMLMV,24792.19,1080,619,2025-02-07,2025-02-28,22.95573148148148
2025-02,Lulo Bank,3,Mayor a 6 SMLMV y menor o igual a 12 SMLMV,26598.829999999998,1176,632,2025-02-07,2025-02-28,22.618052721088432
2025-02,Lulo Bank,4,Mayor a 12 SMLMV y menor o igual a 25 SMLMV,11879.01,534,270,2025-02-07,2025-02-28,22.245337078651687
2025-02,Lulo Bank,5,Mayor a 25 SMLMV y menor o igual a 100 SMLMV,2603.56,117,67,2025-02-07,2025-02-28,22.252649572649574
2025-02,MiBanco,2,Mayor a 3 SMLMV y menor o igual a 6 SMLMV,26.0,1,1,2025-02-14,2025-02-14,26.0
2025-03,BBVA Colombia,1,Menor o igual a 3 SMLMV,82396.65,3433,1337,2025-03-07,2025-03-28,24.001354500436936
2025-03,BBVA Colombia,2,Mayor a 3 SMLMV y menor o igual a 6 SMLMV,53393.72,2278,1026,2025-03-07,2025-03-28,23.438858647936787
2025-03,BBVA Colombia,3,Mayor a 6 SMLMV y menor o igual a 12 SMLMV,64409.71,2802,1174,2025-03-07,2025-03-28,22.987048536759456
2025-03,BBVA Colombia,4,Mayor a 12 SMLMV y menor o igual a 25 SMLMV,57164.26,2520,1102,2025-03-07,2025-03-28,22.68423015873016
2025-03,BBVA Colombia,5,Mayor a 25 SMLMV y menor o igual a 100 SMLMV,35780.31,1654,881,2025-03-07,2025-03-28,21.632593712212817
2025-03,BBVA Colombia,6,Mayor a 100 SMLMV,474.83,22,21,2025-03-07,2025-03-28,21.583181818181817
2025-03,Banco AV Villas,1,Menor o igual a 3 SMLMV,4978.2,219,185,2025-03-07,2025-03-28,22.731506849315068
2025-03,Banco AV Villas,2,Mayor a 3 SMLMV y menor o igual a 6 SMLMV,7950.31,371,264,2025-03-07,2025-03-28,21.429407008086255
2025-03,Banco AV Villas,3,Mayor a 6 SMLMV y menor o igual a 12 SMLMV,14313.48,692,434,2025-03-07,2025-03-28,20.68421965317919
2025-03,Banco AV Villas,4,Mayor a 12 SMLMV y menor o igual a 25 SMLMV,16266.67,821,454,2025-03-07,2025-03-28,19.813239951278927
2025-03,Banco AV Villas,5,Mayor a 25 SMLMV y menor o igual a 100 SMLMV,20683.14,1117,556,2025-03-07,2025-03-28,18.516687555953446
2025-03,Banco AV Villas,6,Mayor a 100 SMLMV,2853.49,164,112,2025-03-07,2025-03-28,17.399329268292682
2025-03,Banco Agrario,1,Menor o igual a 3 SMLMV,863.95,39,39,2025-03-07,2025-03-28,22.152564102564103
2025-03,Banco Agrario,2,Mayor a 3 SMLMV y menor o igual a 6 SMLMV,2030.34,92,92,2025-03-07,2025-03-28,22.06891304347826
2025-03,Banco Agrario,3,Mayor a 6 SMLMV y menor o igual a 12 SMLMV,3102.82,141,138,2025-03-07,2025-03-28,22.00581560283688
2025-03,Banco Agrario,4,Mayor a 12 SMLMV y menor o igual a 25 SMLMV,1354.25,62,62,2025-03-07,2025-03-28,21.842741935483872
2025-03,Banco Agrario,5,Mayor a 25 SMLMV y menor o igual a 100 SMLMV,287.17,13,13,2025-03-07,2025-03-28,22.09
2025-03,Banco Caja Social,1,Menor o igual a 3 SMLMV,34920.97,1425,1153,2025-03-07,2025-03-28,24.505943859649122
2025-03,Banco Caja Social,2,Mayor a 3 SMLMV y menor o igual a 6 SMLMV,36554.07,1519,1112,2025-03-07,2025-03-28,24.064562211981567
2025-03,Banco Caja Social,3,Mayor a 6 SMLMV y menor o igual a 12 SMLMV,32273.83,1373,939,2025-03-07,2025-03-28,23.50606700655499
2025-03,Banco Caja Social,4,Mayor a 12 SMLMV y menor o igual a 25 SMLMV,11389.55,514,368,2025-03-07,2025-03-28,22.158657587548635
2025-03,Banco Caja Social,5,Mayor a 25 SMLMV y menor o igual a 100 SMLMV,3848.73,201,161,2025-03-07,2025-03-28,19.147910447761195
2025-03,Banco Caja Social,6,Mayor a 100 SMLMV,72.9,5,5,2025-03-07,2025-03-28,14.580000000000002
2025-03,Banco Contactar,1,Menor o igual a 3 SMLMV,14.0,1,1,2025-03-07,2025-03-07,14.0
2025-03,Banco Davibank,1,Menor o igual a 3 SMLMV,1504.8600000000001,63,63,2025-03-07,2025-03-28,23.88666666666667
2025-03,Banco Davibank,2,Mayor a 3 SMLMV y menor o igual a 6 SMLMV,5971.740000000001,253,248,2025-03-07,2025-03-28,23.603715415019767
2025-03,Banco Davibank,3,Mayor a 6 SMLMV y menor o igual a 12 SMLMV,13033.640000000001,562,544,2025-03-07,2025-03-28,23.191530249110322
2025-03,Banco Davibank,4,Mayor a 12 SMLMV y menor o igual a 25 SMLMV,16610.96,732,608,2025-03-07,2025-03-28,22.692568306010926
2025-03,Banco Davibank,5,Mayor a 25 SMLMV y menor o igual a 100 SMLMV,35656.68,1615,789,2025-03-07,2025-03-28,22.078439628482972
2025-03,Banco Davibank,6,Mayor a 100 SMLMV,114621.07,5170,243,2025-03-07,2025-03-28,22.170419729206966
2025-03,Banco Davivienda,1,Menor o igual a 3 SMLMV,104992.65,4386,1573,2025-03-07,2025-03-28,23.93813269493844
2025-03,Banco Davivienda,2,Mayor a 3 SMLMV y menor o igual a 6 SMLMV,99824.55,4242,1811,2025-03-07,2025-03-28,23.532425742574258
2025-03,Banco Davivienda,3,Mayor a 6 SMLMV y menor o igual a 12 SMLMV,119767.61,5209,2218,2025-03-07,2025-03-28,22.992438087924747
2025-03,Banco Davivienda,4,Mayor a 12 SMLMV y menor o igual a 25 SMLMV,125529.13,5684,2578,2025-03-07,2025-03-28,22.084646375791696
2025-03,Banco Davivienda,5,Mayor a 25 SMLMV y menor o igual a 100 SMLMV,65820.21,3128,1614,2025-03-07,2025-03-28,21.042266624040924
2025-03,Banco Davivienda,6,Mayor a 100 SMLMV,165.46,9,9,2025-03-07,2025-03-28,18.384444444444444
2025-03,Banco Falabella,1,Menor o igual a 3 SMLMV,99518.2,4180,1581,2025-03-07,2025-03-28,23.80818181818182
2025-03,Banco Falabella,2,Mayor a 3 SMLMV y menor o igual a 6 SMLMV,88793.97,3698,1557,2025-03-07,2025-03-28,24.011349378042187
2025-03,Banco Falabella,3,Mayor a 6 SMLMV y menor o igual a 12 SMLMV,127132.45,5301,2079,2025-03-07,2025-03-28,23.98272967364648
2025-03,Banco Falabella,4,Mayor a 12 SMLMV y menor o igual a 25 SMLMV,42645.67,1862,1030,2025-03-07,2025-03-28,22.90315252416756
2025-03,Banco Falabella,5,Mayor a 25 SMLMV y menor o igual a 100 SMLMV,17684.19,835,581,2025-03-07,2025-03-28,21.178670658682634
2025-03,Banco Falabella,6,Mayor a 100 SMLMV,196.73,10,10,2025-03-07,2025-03-28,19.673
2025-03,Banco GNB Sudameris,4,Mayor a 12 SMLMV y menor o igual a 25 SMLMV,49.3,3,3,2025-03-14,2025-03-28,16.433333333333334
2025-03,Banco Mundo Mujer,1,Menor o igual a 3 SMLMV,90371.03,3634,2303,2025-03-07,2025-03-28,24.868197578425978
2025-03,Banco Mundo Mujer,2,Mayor a 3 SMLMV y menor o igual a 6 SMLMV,55798.23,2243,1217,2025-03-07,2025-03-28,24.876607222469907
2025-03,Banco Mundo Mujer,3,Mayor a 6 SMLMV y menor o igual a 12 SMLMV,14394.210000000001,581,456,2025-03-07,2025-03-28,24.77488812392427
2025-03,Banco Mundo Mujer,4,Mayor a 12 SMLMV y menor o igual a 25 SMLMV,571.96,23,23,2025-03-07,2025-03-28,24.867826086956523
2025-03,Banco Popular,1,Menor o igual a 3 SMLMV,49.68,2,2,2025-03-07,2025-03-21,24.84
2025-03,Banco Popular,2,Mayor a 3 SMLMV y menor o igual a 6 SMLMV,47.41,2,2,2025-03-14,2025-03-21,23.705
2025-03,Banco Popular,3,Mayor a 6 SMLMV y menor o igual a 12 SMLMV,133.97,6,6,2025-03-21,2025-03-28,22.328333333333333
2025-03,Banco Popular,4,Mayor a 12 SMLMV y menor o igual a 25 SMLMV,24.82,1,1,2025-03-28,2025-03-28,24.82
2025-03,Banco Santander,1,Menor o igual a 3 SMLMV,17.59,1,1,2025-03-21,2025-03-21,17.59
2025-03,Banco Santander,2,Mayor a 3 SMLMV y menor o igual a 6 SMLMV,4.5,1,1,2025-03-28,2025-03-28,4.5
2025-03,Banco Santander,3,Mayor a 6 SMLMV y menor o igual a 12 SMLMV,52.769999999999996,3,3,2025-03-14,2025-03-28,17.59
2025-03,Banco Santander,4,Mayor a 12 SMLMV y menor o igual a 25 SMLMV,13.5,3,3,2025-03-28,2025-03-28,4.5
2025-03,Banco Santander,5,Mayor a 25 SMLMV y menor o igual a 100 SMLMV,31.5,7,4,2025-03-28,2025-03-28,4.5
2025-03,Banco Santander,6,Mayor a 100 SMLMV,27.0,6,5,2025-03-28,2025-03-28,4.5
2025-03,Banco Serfinanza,1,Menor o igual a 3 SMLMV,2013.03,98,80,2025-03-07,2025-03-28,20.541122448979593
2025-03,Banco Serfinanza,2,Mayor a 3 SMLMV y menor o igual a 6 SMLMV,4898.820000000001,240,166,2025-03-07,2025-03-28,20.41175
2025-03,Banco Serfinanza,3,Mayor a 6 SMLMV y menor o igual a 12 SMLMV,1227.62,58,53,2025-03-07,2025-03-28,21.165862068965517
2025-03,Banco Serfinanza,4,Mayor a 12 SMLMV y menor o igual a 25 SMLMV,807.32,42,39,2025-03-07,2025-03-28,19.221904761904764
2025-03,Banco Serfinanza,5,Mayor a 25 SMLMV y menor o igual a 100 SMLMV,378.83000000000004,24,24,2025-03-07,2025-03-28,15.784583333333336
2025-03,Banco Serfinanza,6,Mayor a 100 SMLMV,32.74,2,2,2025-03-21,2025-03-28,16.37
2025-03,Banco Unión,1,Menor o igual a 3 SMLMV,74.25,3,3,2025-03-07,2025-03-28,24.75
2025-03,Banco Unión,2,Mayor a 3 SMLMV y menor o igual a 6 SMLMV,99.0,4,4,2025-03-14,2025-03-28,24.75
2025-03,Banco Unión,3,Mayor a 6 SMLMV y menor o igual a 12 SMLMV,148.5,6,6,2025-03-14,2025-03-28,24.75
2025-03,Banco Unión,4,Mayor a 12 SMLMV y menor o igual a 25 SMLMV,24.75,1,1,2025-03-07,2025-03-07,24.75
2025-03,Banco Unión,5,Mayor a 25 SMLMV y menor o igual a 100 SMLMV,49.5,2,2,2025-03-14,2025-03-21,24.75
2025-03,Banco de Bogotá,1,Menor o igual a 3 SMLMV,301720.24,12276,4328,2025-03-07,2025-03-28,24.57805799934832
2025-03,Banco de Bogotá,2,Mayor a 3 SMLMV y menor o igual a 6 SMLMV,215221.46000000002,8786,3111,2025-03-07,2025-03-28,24.495954928295017
2025-03,Banco de Bogotá,3,Mayor a 6 SMLMV y menor o igual a 12 SMLMV,167021.09,6880,2637,2025-03-07,2025-03-28,24.27632122093023
2025-03,Banco de Bogotá,4,Mayor a 12 SMLMV y menor o igual a 25 SMLMV,66730.8,2867,1403,2025-03-07,2025-03-28,23.275479595395886
2025-03,Banco de Bogotá,5,Mayor a 25 SMLMV y menor o igual a 100 SMLMV,40104.840000000004,1956,1095,2025-03-07,2025-03-28,20.50349693251534
2025-03,Banco de Bogotá,6,Mayor a 100 SMLMV,2473.66,156,124,2025-03-07,2025-03-28,15.856794871794872
2025-03,Banco de Occidente,1,Menor o igual a 3 SMLMV,573.33,28,28,2025-03-07,2025-03-28,20.47607142857143
2025-03,Banco de Occidente,2,Mayor a 3 SMLMV y menor o igual a 6 SMLMV,1173.18,52,44,2025-03-07,2025-03-28,22.561153846153847
2025-03,Banco de Occidente,3,Mayor a 6 SMLMV y menor o igual a 12 SMLMV,4970.7,230,145,2025-03-07,2025-03-28,21.61173913043478
2025-03,Banco de Occidente,4,Mayor a 12 SMLMV y menor o igual a 25 SMLMV,9909.8,465,231,2025-03-07,2025-03-28,21.311397849462363
2025-03,Banco de Occidente,5,Mayor a 25 SMLMV y menor o igual a 100 SMLMV,24136.81,1232,458,2025-03-07,2025-03-28,19.59156655844156
2025-03,Banco de Occidente,6,Mayor a 100 SMLMV,4174.97,226,109,2025-03-07,2025-03-28,18.473318584070796
2025-03,Bancolombia,1,Menor o igual a 3 SMLMV,1113588.34,45298,11632,2025-03-07,2025-03-28,24.583609430879953
2025-03,Bancolombia,2,Mayor a 3 SMLMV y menor o igual a 6 SMLMV,234713.29,9982,3513,2025-03-07,2025-03-28,23.513653576437587
2025-03,Bancolombia,3,Mayor a 6 SMLMV y menor o igual a 12 SMLMV,108107.75,5098,1972,2025-03-07,2025-03-28,21.205914083954493
2025-03,Bancolombia,4,Mayor a 12 SMLMV y menor o igual a 25 SMLMV,84114.81,4180,1490,2025-03-07,2025-03-28,20.12316028708134
2025-03,Bancolombia,5,Mayor a 25 SMLMV y menor o igual a 100 SMLMV,92880.1,4843,2099,2025-03-07,2025-03-28,19.178215981829446
2025-03,Bancolombia,6,Mayor a 100 SMLMV,9164.98,519,374,2025-03-07,2025-03-28,17.65892100192678
2025-03,Bancoomeva,1,Menor o igual a 3 SMLMV,728.02,35,34,2025-03-07,2025-03-28,20.800571428571427
2025-03,Bancoomeva,2,Mayor a 3 SMLMV y menor o igual a 6 SMLMV,2212.7,107,104,2025-03-07,2025-03-28,20.679439252336447
2025-03,Bancoomeva,3,Mayor a 6 SMLMV y menor o igual a 12 SMLMV,4019.79,200,181,2025-03-07,2025-03-28,20.09895
2025-03,Bancoomeva,4,Mayor a 12 SMLMV y menor o igual a 25 SMLMV,6184.24,309,255,2025-03-07,2025-03-28,20.013721682847894
2025-03,Bancoomeva,5,Mayor a 25 SMLMV y menor o igual a 100 SMLMV,5891.16,298,259,2025-03-07,2025-03-28,19.768993288590604
2025-03,Bancoomeva,6,Mayor a 100 SMLMV,129.77,6,6,2025-03-07,2025-03-28,21.628333333333334
2025-03,Coopcentral,1,Menor o igual a 3 SMLMV,40.0,2,2,2025-03-07,2025-03-07,20.0
2025-03,Coopcentral,2,Mayor a 3 SMLMV y menor o igual a 6 SMLMV,22.0,1,1,2025-03-21,2025-03-21,22.0
2025-03,Coopcentral,3,Mayor a 6 SMLMV y menor o igual a 12 SMLMV,18.0,1,1,2025-03-21,2025-03-21,18.0
2025-03,Coopcentral,5,Mayor a 25 SMLMV y menor o igual a 100 SMLMV,37.0,2,2,2025-03-07,2025-03-28,18.5
2025-03,Finandina,1,Menor o igual a 3 SMLMV,346.65,14,13,2025-03-07,2025-03-28,24.760714285714283
2025-03,Finandina,2,Mayor a 3 SMLMV y menor o igual a 6 SMLMV,1487.53,60,43,2025-03-07,2025-03-28,24.792166666666667
2025-03,Finandina,3,Mayor a 6 SMLMV y menor o igual a 12 SMLMV,3782.36,153,97,2025-03-07,2025-03-28,24.721307189542486
2025-03,Finandina,4,Mayor a 12 SMLMV y menor o igual a 25 SMLMV,6068.17,246,128,2025-03-07,2025-03-28,24.667357723577236
2025-03,Finandina,5,Mayor a 25 SMLMV y menor o igual a 100 SMLMV,997.95,41,31,2025-03-07,2025-03-28,24.340243902439024
2025-03,Itaú,1,Menor o igual a 3 SMLMV,400.32,19,18,2025-03-07,2025-03-28,21.069473684210525
2025-03,Itaú,2,Mayor a 3 SMLMV y menor o igual a 6 SMLMV,1946.14,90,64,2025-03-07,2025-03-28,21.62377777777778
2025-03,Itaú,3,Mayor a 6 SMLMV y menor o igual a 12 SMLMV,3724.36,178,111,2025-03-07,2025-03-28,20.923370786516855
2025-03,Itaú,4,Mayor a 12 SMLMV y menor o igual a 25 SMLMV,6818.25,328,165,2025-03-07,2025-03-28,20.78734756097561
2025-03,Itaú,5,Mayor a 25 SMLMV y menor o igual a 100 SMLMV,13417.93,651,329,2025-03-07,2025-03-28,20.61125960061444
2025-03,Itaú,6,Mayor a 100 SMLMV,2793.63,143,112,2025-03-07,2025-03-28,19.535874125874127
2025-03,Lulo Bank,1,Menor o igual a 3 SMLMV,71120.28,3244,1835,2025-03-07,2025-03-28,21.92363748458693
2025-03,Lulo Bank,2,Mayor a 3 SMLMV y menor o igual a 6 SMLMV,26337.13,1185,681,2025-03-07,2025-03-28,22.225426160337555
2025-03,Lulo Bank,3,Mayor a 6 SMLMV y menor o igual a 12 SMLMV,27046.56,1264,711,2025-03-07,2025-03-28,21.397594936708863
2025-03,Lulo Bank,4,Mayor a 12 SMLMV y menor o igual a 25 SMLMV,11231.75,532,308,2025-03-07,2025-03-28,21.112312030075188
2025-03,Lulo Bank,5,Mayor a 25 SMLMV y menor o igual a 100 SMLMV,2321.12,107,66,2025-03-07,2025-03-28,21.69271028037383
2025-03,MiBanco,2,Mayor a 3 SMLMV y menor o igual a 6 SMLMV,73.80000000000001,3,3,2025-03-14,2025-03-28,24.600000000000005
2025-04,BBVA Colombia,1,Menor o igual a 3 SMLMV,45934.67,1948,982,2025-04-04,2025-04-25,23.580426078028747
2025-04,BBVA Colombia,2,Mayor a 3 SMLMV y menor o igual a 6 SMLMV,31189.329999999998,1378,755,2025-04-04,2025-04-25,22.63376632801161
2025-04,BBVA Colombia,3,Mayor a 6 SMLMV y menor o igual a 12 SMLMV,40337.41,1801,946,2025-04-04,2025-04-25,22.397229317046087
2025-04,BBVA Colombia,4,Mayor a 12 SMLMV y menor o igual a 25 SMLMV,35614.73,1628,837,2025-04-04,2025-04-25,21.87636977886978
2025-04,BBVA Colombia,5,Mayor a 25 SMLMV y menor o igual a 100 SMLMV,23626.38,1129,663,2025-04-04,2025-04-25,20.92682019486271
2025-04,BBVA Colombia,6,Mayor a 100 SMLMV,498.23,25,24,2025-04-04,2025-04-25,19.9292
2025-04,Banco AV Villas,1,Menor o igual a 3 SMLMV,6116.09,274,229,2025-04-04,2025-04-25,22.321496350364963
2025-04,Banco AV Villas,2,Mayor a 3 SMLMV y menor o igual a 6 SMLMV,10080.92,477,353,2025-04-04,2025-04-25,21.13400419287212
2025-04,Banco AV Villas,3,Mayor a 6 SMLMV y menor o igual a 12 SMLMV,17825.97,885,579,2025-04-04,2025-04-25,20.14233898305085
2025-04,Banco AV Villas,4,Mayor a 12 SMLMV y menor o igual a 25 SMLMV,19671.32,1029,560,2025-04-04,2025-04-25,19.11692905733722
2025-04,Banco AV Villas,5,Mayor a 25 SMLMV y menor o igual a 100 SMLMV,19709.39,1074,600,2025-04-04,2025-04-25,18.351387337057727
2025-04,Banco AV Villas,6,Mayor a 100 SMLMV,2062.5,119,94,2025-04-04,2025-04-25,17.331932773109244
2025-04,Banco Agrario,1,Menor o igual a 3 SMLMV,995.3199999999999,44,44,2025-04-04,2025-04-25,22.62090909090909
2025-04,Banco Agrario,2,Mayor a 3 SMLMV y menor o igual a 6 SMLMV,2769.29,123,123,2025-04-04,2025-04-25,22.514552845528456
2025-04,Banco Agrario,3,Mayor a 6 SMLMV y menor o igual a 12 SMLMV,3006.14,134,133,2025-04-04,2025-04-25,22.433880597014923
2025-04,Banco Agrario,4,Mayor a 12 SMLMV y menor o igual a 25 SMLMV,1603.6,72,71,2025-04-04,2025-04-25,22.272222222222222
2025-04,Banco Agrario,5,Mayor a 25 SMLMV y menor o igual a 100 SMLMV,721.0699999999999,32,32,2025-04-04,2025-04-25,22.533437499999998
2025-04,Banco Agrario,6,Mayor a 100 SMLMV,22.72,1,1,2025-04-25,2025-04-25,22.72
2025-04,Banco Caja Social,1,Menor o igual a 3 SMLMV,39213.31,1614,1271,2025-04-04,2025-04-25,24.29573110285006
2025-04,Banco Caja Social,2,Mayor a 3 SMLMV y menor o igual a 6 SMLMV,46071.93,1915,1349,2025-04-04,2025-04-25,24.05844908616188
2025-04,Banco Caja Social,3,Mayor a 6 SMLMV y menor o igual a 12 SMLMV,38665.11,1642,1078,2025-04-04,2025-04-25,23.547570036540804
2025-04,Banco Caja Social,4,Mayor a 12 SMLMV y menor o igual a 25 SMLMV,12583.15,567,418,2025-04-04,2025-04-25,22.192504409171075
2025-04,Banco Caja Social,5,Mayor a 25 SMLMV y menor o igual a 100 SMLMV,5194.12,272,222,2025-04-04,2025-04-25,19.096029411764704
2025-04,Banco Caja Social,6,Mayor a 100 SMLMV,194.59,12,11,2025-04-04,2025-04-25,16.215833333333332
2025-04,Banco Davibank,1,Menor o igual a 3 SMLMV,1606.46,69,68,2025-04-04,2025-04-25,23.282028985507246
2025-04,Banco Davibank,2,Mayor a 3 SMLMV y menor o igual a 6 SMLMV,5693.21,254,245,2025-04-04,2025-04-25,22.4142125984252
2025-04,Banco Davibank,3,Mayor a 6 SMLMV y menor o igual a 12 SMLMV,15739.13,717,670,2025-04-04,2025-04-25,21.95136680613668
2025-04,Banco Davibank,4,Mayor a 12 SMLMV y menor o igual a 25 SMLMV,23241.44,1094,946,2025-04-04,2025-04-25,21.244460694698354
2025-04,Banco Davibank,5,Mayor a 25 SMLMV y menor o igual a 100 SMLMV,56881.0,2694,1401,2025-04-04,2025-04-25,21.11395694135115
2025-04,Banco Davibank,6,Mayor a 100 SMLMV,229288.25,10970,554,2025-04-04,2025-04-25,20.901390154968094
2025-04,Banco Davivienda,1,Menor o igual a 3 SMLMV,120300.55,5013,1774,2025-04-04,2025-04-25,23.997715938559747
2025-04,Banco Davivienda,2,Mayor a 3 SMLMV y menor o igual a 6 SMLMV,103508.64,4354,1787,2025-04-04,2025-04-25,23.77322921451539
2025-04,Banco Davivienda,3,Mayor a 6 SMLMV y menor o igual a 12 SMLMV,131654.61,5640,2396,2025-04-04,2025-04-25,23.343015957446806
2025-04,Banco Davivienda,4,Mayor a 12 SMLMV y menor o igual a 25 SMLMV,163948.54,7359,3346,2025-04-04,2025-04-25,22.27864383747792
2025-04,Banco Davivienda,5,Mayor a 25 SMLMV y menor o igual a 100 SMLMV,65799.9,3095,1672,2025-04-04,2025-04-25,21.26006462035541
2025-04,Banco Davivienda,6,Mayor a 100 SMLMV,190.27,10,9,2025-04-04,2025-04-25,19.027
2025-04,Banco Falabella,1,Menor o igual a 3 SMLMV,118374.53,4902,1792,2025-04-04,2025-04-25,24.148210934312527
2025-04,Banco Falabella,2,Mayor a 3 SMLMV y menor o igual a 6 SMLMV,105279.35,4349,1701,2025-04-04,2025-04-25,24.207714417107383
2025-04,Banco Falabella,3,Mayor a 6 SMLMV y menor o igual a 12 SMLMV,159472.79,6592,2469,2025-04-04,2025-04-25,24.191867415048545
2025-04,Banco Falabella,4,Mayor a 12 SMLMV y menor o igual a 25 SMLMV,40461.25,1831,1058,2025-04-04,2025-04-25,22.09789732386674
2025-04,Banco Falabella,5,Mayor a 25 SMLMV y menor o igual a 100 SMLMV,20901.96,1039,665,2025-04-04,2025-04-25,20.11738209817132
2025-04,Banco Falabella,6,Mayor a 100 SMLMV,343.04,19,17,2025-04-04,2025-04-25,18.054736842105264
2025-04,Banco GNB Sudameris,3,Mayor a 6 SMLMV y menor o igual a 12 SMLMV,16.02,1,1,2025-04-04,2025-04-04,16.02
2025-04,Banco GNB Sudameris,4,Mayor a 12 SMLMV y menor o igual a 25 SMLMV,67.2,4,4,2025-04-04,2025-04-25,16.8
2025-04,Banco GNB Sudameris,5,Mayor a 25 SMLMV y menor o igual a 100 SMLMV,50.9,3,3,2025-04-11,2025-04-25,16.966666666666665
2025-04,Banco GNB Sudameris,6,Mayor a 100 SMLMV,31.33,2,2,2025-04-04,2025-04-25,15.665
2025-04,Banco Mundo Mujer,1,Menor o igual a 3 SMLMV,96985.03,3805,2354,2025-04-04,2025-04-25,25.488838370565045
2025-04,Banco Mundo Mujer,2,Mayor a 3 SMLMV y menor o igual a 6 SMLMV,56685.08,2223,1199,2025-04-04,2025-04-25,25.49936122357175
2025-04,Banco Mundo Mujer,3,Mayor a 6 SMLMV y menor o igual a 12 SMLMV,14291.4,563,428,2025-04-04,2025-04-25,25.38436944937833
2025-04,Banco Mundo Mujer,4,Mayor a 12 SMLMV y menor o igual a 25 SMLMV,739.48,29,29,2025-04-04,2025-04-25,25.499310344827588
2025-04,Banco Popular,1,Menor o igual a 3 SMLMV,277.72,11,11,2025-04-04,2025-04-25,25.24727272727273
2025-04,Banco Popular,2,Mayor a 3 SMLMV y menor o igual a 6 SMLMV,89.59,4,4,2025-04-11,2025-04-25,22.3975
2025-04,Banco Popular,3,Mayor a 6 SMLMV y menor o igual a 12 SMLMV,95.53,4,4,2025-04-18,2025-04-25,23.8825
2025-04,Banco Popular,4,Mayor a 12 SMLMV y menor o igual a 25 SMLMV,102.18,5,5,2025-04-04,2025-04-11,20.436
2025-04,Banco Santander,3,Mayor a 6 SMLMV y menor o igual a 12 SMLMV,79.36,6,5,2025-04-11,2025-04-25,13.226666666666667
2025-04,Banco Santander,4,Mayor a 12 SMLMV y menor o igual a 25 SMLMV,22.09,2,2,2025-04-11,2025-04-25,11.045
2025-04,Banco Serfinanza,1,Menor o igual a 3 SMLMV,1840.93,90,83,2025-04-04,2025-04-25,20.454777777777778
2025-04,Banco Serfinanza,2,Mayor a 3 SMLMV y menor o igual a 6 SMLMV,5128.7,251,197,2025-04-04,2025-04-25,20.433067729083664
2025-04,Banco Serfinanza,3,Mayor a 6 SMLMV y menor o igual a 12 SMLMV,1094.92,51,47,2025-04-04,2025-04-25,21.469019607843137
2025-04,Banco Serfinanza,4,Mayor a 12 SMLMV y menor o igual a 25 SMLMV,733.58,37,37,2025-04-04,2025-04-25,19.826486486486488
2025-04,Banco Serfinanza,5,Mayor a 25 SMLMV y menor o igual a 100 SMLMV,379.39,26,26,2025-04-04,2025-04-25,14.591923076923077
2025-04,Banco Serfinanza,6,Mayor a 100 SMLMV,70.83,4,4,2025-04-04,2025-04-25,17.7075
2025-04,Banco Unión,1,Menor o igual a 3 SMLMV,76.02,3,3,2025-04-11,2025-04-18,25.34
2025-04,Banco Unión,2,Mayor a 3 SMLMV y menor o igual a 6 SMLMV,50.68,2,2,2025-04-11,2025-04-25,25.34
2025-04,Banco Unión,3,Mayor a 6 SMLMV y menor o igual a 12 SMLMV,76.02,3,3,2025-04-04,2025-04-25,25.34
2025-04,Banco Unión,4,Mayor a 12 SMLMV y menor o igual a 25 SMLMV,25.34,1,1,2025-04-11,2025-04-11,25.34
2025-04,Banco Unión,5,Mayor a 25 SMLMV y menor o igual a 100 SMLMV,88.73,4,4,2025-04-04,2025-04-25,22.1825
2025-04,Banco de Bogotá,1,Menor o igual a 3 SMLMV,302703.71,12151,4266,2025-04-04,2025-04-25,24.911835239897954
2025-04,Banco de Bogotá,2,Mayor a 3 SMLMV y menor o igual a 6 SMLMV,204781.17,8264,2865,2025-04-04,2025-04-25,24.779909244917718
2025-04,Banco de Bogotá,3,Mayor a 6 SMLMV y menor o igual a 12 SMLMV,155591.28,6357,2288,2025-04-04,2025-04-25,24.47558282208589
2025-04,Banco de Bogotá,4,Mayor a 12 SMLMV y menor o igual a 25 SMLMV,61853.83,2651,1260,2025-04-04,2025-04-25,23.332263296869108
2025-04,Banco de Bogotá,5,Mayor a 25 SMLMV y menor o igual a 100 SMLMV,41044.36,2044,1140,2025-04-04,2025-04-25,20.08041095890411
2025-04,Banco de Bogotá,6,Mayor a 100 SMLMV,2500.21,163,116,2025-04-04,2025-04-25,15.338711656441719
2025-04,Banco de Occidente,1,Menor o igual a 3 SMLMV,622.87,28,28,2025-04-04,2025-04-25,22.24535714285714
2025-04,Banco de Occidente,2,Mayor a 3 SMLMV y menor o igual a 6 SMLMV,1303.72,62,59,2025-04-04,2025-04-25,21.02774193548387
2025-04,Banco de Occidente,3,Mayor a 6 SMLMV y menor o igual a 12 SMLMV,5072.93,231,154,2025-04-04,2025-04-25,21.960735930735932
2025-04,Banco de Occidente,4,Mayor a 12 SMLMV y menor o igual a 25 SMLMV,9739.29,455,237,2025-04-04,2025-04-25,21.40503296703297
2025-04,Banco de Occidente,5,Mayor a 25 SMLMV y menor o igual a 100 SMLMV,22182.83,1150,460,2025-04-04,2025-04-25,19.28941739130435
2025-04,Banco de Occidente,6,Mayor a 100 SMLMV,3639.85,201,115,2025-04-04,2025-04-25,18.10870646766169
2025-04,Bancolombia,1,Menor o igual a 3 SMLMV,1842466.83,73049,15598,2025-04-04,2025-04-25,25.222341578940163
2025-04,Bancolombia,2,Mayor a 3 SMLMV y menor o igual a 6 SMLMV,335173.7,13865,4474,2025-04-04,2025-04-25,24.174085827623514
2025-04,Bancolombia,3,Mayor a 6 SMLMV y menor o igual a 12 SMLMV,139710.77,6438,2422,2025-04-04,2025-04-25,21.700958372165267
2025-04,Bancolombia,4,Mayor a 12 SMLMV y menor o igual a 25 SMLMV,109881.84,5445,1743,2025-04-04,2025-04-25,20.18031955922865
2025-04,Bancolombia,5,Mayor a 25 SMLMV y menor o igual a 100 SMLMV,114883.52,6009,2418,2025-04-04,2025-04-25,19.118575470128143
2025-04,Bancolombia,6,Mayor a 100 SMLMV,7170.1,421,281,2025-04-04,2025-04-25,17.031116389548693
2025-04,Bancoomeva,1,Menor o igual a 3 SMLMV,921.25,43,43,2025-04-04,2025-04-25,21.424418604651162
2025-04,Bancoomeva,2,Mayor a 3 SMLMV y menor o igual a 6 SMLMV,2351.48,111,105,2025-04-04,2025-04-25,21.184504504504506
2025-04,Bancoomeva,3,Mayor a 6 SMLMV y menor o igual a 12 SMLMV,3697.81,178,167,2025-04-04,2025-04-25,20.774213483146067
2025-04,Bancoomeva,4,Mayor a 12 SMLMV y menor o igual a 25 SMLMV,4098.19,203,184,2025-04-04,2025-04-25,20.188128078817734
2025-04,Bancoomeva,5,Mayor a 25 SMLMV y menor o igual a 100 SMLMV,4041.1,202,181,2025-04-04,2025-04-25,20.005445544554455
2025-04,Bancoomeva,6,Mayor a 100 SMLMV,42.71,2,2,2025-04-18,2025-04-25,21.355
2025-04,Coopcentral,2,Mayor a 3 SMLMV y menor o igual a 6 SMLMV,19.0,1,1,2025-04-04,2025-04-04,19.0
2025-04,Coopcentral,3,Mayor a 6 SMLMV y menor o igual a 12 SMLMV,23.0,1,1,2025-04-11,2025-04-11,23.0
2025-04,Coopcentral,4,Mayor a 12 SMLMV y menor o igual a 25 SMLMV,20.0,1,1,2025-04-25,2025-04-25,20.0
2025-04,Coopcentral,5,Mayor a 25 SMLMV y menor o igual a 100 SMLMV,18.0,1,1,2025-04-04,2025-04-04,18.0
2025-04,Finandina,1,Menor o igual a 3 SMLMV,527.18,21,19,2025-04-04,2025-04-25,25.10380952380952
2025-04,Finandina,2,Mayor a 3 SMLMV y menor o igual a 6 SMLMV,1834.98,73,49,2025-04-04,2025-04-25,25.136712328767125
2025-04,Finandina,3,Mayor a 6 SMLMV y menor o igual a 12 SMLMV,2575.9900000000002,103,69,2025-04-04,2025-04-25,25.00961165048544
2025-04,Finandina,4,Mayor a 12 SMLMV y menor o igual a 25 SMLMV,4449.21,178,96,2025-04-04,2025-04-25,24.99556179775281
2025-04,Finandina,5,Mayor a 25 SMLMV y menor o igual a 100 SMLMV,663.59,27,23,2025-04-04,2025-04-25,24.57740740740741
2025-04,Itaú,1,Menor o igual a 3 SMLMV,169.86,9,8,2025-04-04,2025-04-25,18.873333333333335
2025-04,Itaú,2,Mayor a 3 SMLMV y menor o igual a 6 SMLMV,1210.4,57,47,2025-04-04,2025-04-25,21.235087719298246
2025-04,Itaú,3,Mayor a 6 SMLMV y menor o igual a 12 SMLMV,3642.05,175,105,2025-04-04,2025-04-25,20.811714285714288
2025-04,Itaú,4,Mayor a 12 SMLMV y menor o igual a 25 SMLMV,7087.67,355,196,2025-04-04,2025-04-25,19.9652676056338
2025-04,Itaú,5,Mayor a 25 SMLMV y menor o igual a 100 SMLMV,14675.18,740,368,2025-04-04,2025-04-25,19.831324324324324
2025-04,Itaú,6,Mayor a 100 SMLMV,2444.27,127,91,2025-04-04,2025-04-25,19.246220472440946
2025-04,Lulo Bank,1,Menor o igual a 3 SMLMV,68562.87,3121,1767,2025-04-04,2025-04-25,21.96823774431272
2025-04,Lulo Bank,2,Mayor a 3 SMLMV y menor o igual a 6 SMLMV,28075.21,1269,671,2025-04-04,2025-04-25,22.123884948778564
2025-04,Lulo Bank,3,Mayor a 6 SMLMV y menor o igual a 12 SMLMV,25895.73,1226,706,2025-04-04,2025-04-25,21.122128874388252
2025-04,Lulo Bank,4,Mayor a 12 SMLMV y menor o igual a 25 SMLMV,10397.18,503,280,2025-04-04,2025-04-25,20.670337972166998
2025-04,Lulo Bank,5,Mayor a 25 SMLMV y menor o igual a 100 SMLMV,2181.03,103,63,2025-04-04,2025-04-25,21.17504854368932
2025-04,MiBanco,2,Mayor a 3 SMLMV y menor o igual a 6 SMLMV,25.3,1,1,2025-04-25,2025-04-25,25.3
2025-05,BBVA Colombia,1,Menor o igual a 3 SMLMV,128376.88,5173,2105,2025-05-02,2025-05-30,24.816717572008507
2025-05,BBVA Colombia,2,Mayor a 3 SMLMV y menor o igual a 6 SMLMV,75822.96,3202,1468,2025-05-02,2025-05-30,23.679875078076204
2025-05,BBVA Colombia,3,Mayor a 6 SMLMV y menor o igual a 12 SMLMV,91722.04000000001,4013,1824,2025-05-02,2025-05-30,22.856227261400452
2025-05,BBVA Colombia,4,Mayor a 12 SMLMV y menor o igual a 25 SMLMV,102235.67,4599,2072,2025-05-02,2025-05-30,22.22997825614264
2025-05,BBVA Colombia,5,Mayor a 25 SMLMV y menor o igual a 100 SMLMV,85654.59,4316,2485,2025-05-02,2025-05-30,19.845827154772937
2025-05,BBVA Colombia,6,Mayor a 100 SMLMV,6447.26,400,318,2025-05-02,2025-05-30,16.11815
2025-05,Bancien,5,Mayor a 25 SMLMV y menor o igual a 100 SMLMV,14.03,1,1,2025-05-09,2025-05-09,14.03
2025-05,Banco AV Villas,1,Menor o igual a 3 SMLMV,8037.46,371,314,2025-05-02,2025-05-30,21.664312668463612
2025-05,Banco AV Villas,2,Mayor a 3 SMLMV y menor o igual a 6 SMLMV,15794.45,740,518,2025-05-02,2025-05-30,21.34385135135135
2025-05,Banco AV Villas,3,Mayor a 6 SMLMV y menor o igual a 12 SMLMV,30764.37,1531,883,2025-05-02,2025-05-30,20.09429784454605
2025-05,Banco AV Villas,4,Mayor a 12 SMLMV y menor o igual a 25 SMLMV,26115.13,1344,750,2025-05-02,2025-05-30,19.430900297619047
2025-05,Banco AV Villas,5,Mayor a 25 SMLMV y menor o igual a 100 SMLMV,26682.4,1470,777,2025-05-02,2025-05-30,18.151292517006805
2025-05,Banco AV Villas,6,Mayor a 100 SMLMV,2995.55,172,133,2025-05-02,2025-05-30,17.415988372093025
2025-05,Banco Agrario,1,Menor o igual a 3 SMLMV,1216.8799999999999,53,53,2025-05-02,2025-05-30,22.959999999999997
2025-05,Banco Agrario,2,Mayor a 3 SMLMV y menor o igual a 6 SMLMV,3856.94,169,169,2025-05-02,2025-05-30,22.822130177514794
2025-05,Banco Agrario,3,Mayor a 6 SMLMV y menor o igual a 12 SMLMV,4976.62,219,215,2025-05-02,2025-05-30,22.72429223744292
2025-05,Banco Agrario,4,Mayor a 12 SMLMV y menor o igual a 25 SMLMV,2915.74,129,125,2025-05-02,2025-05-30,22.60263565891473
2025-05,Banco Agrario,5,Mayor a 25 SMLMV y menor o igual a 100 SMLMV,732.12,32,32,2025-05-02,2025-05-30,22.87875
2025-05,Banco Caja Social,1,Menor o igual a 3 SMLMV,59703.05,2468,1852,2025-05-02,2025-05-30,24.19086304700162
2025-05,Banco Caja Social,2,Mayor a 3 SMLMV y menor o igual a 6 SMLMV,66625.2,2754,1868,2025-05-02,2025-05-30,24.192156862745097
2025-05,Banco Caja Social,3,Mayor a 6 SMLMV y menor o igual a 12 SMLMV,53286.4,2265,1508,2025-05-02,2025-05-30,23.526004415011037
2025-05,Banco Caja Social,4,Mayor a 12 SMLMV y menor o igual a 25 SMLMV,17124.74,771,549,2025-05-02,2025-05-30,22.211076523994812
2025-05,Banco Caja Social,5,Mayor a 25 SMLMV y menor o igual a 100 SMLMV,6410.55,331,269,2025-05-02,2025-05-30,19.367220543806646
2025-05,Banco Caja Social,6,Mayor a 100 SMLMV,142.8,9,9,2025-05-02,2025-05-30,15.866666666666667
2025-05,Banco Davibank,1,Menor o igual a 3 SMLMV,2324.08,96,94,2025-05-02,2025-05-30,24.209166666666665
2025-05,Banco Davibank,2,Mayor a 3 SMLMV y menor o igual a 6 SMLMV,5388.64,237,233,2025-05-02,2025-05-30,22.736877637130803
2025-05,Banco Davibank,3,Mayor a 6 SMLMV y menor o igual a 12 SMLMV,14926.98,665,631,2025-05-02,2025-05-30,22.446586466165414
2025-05,Banco Davibank,4,Mayor a 12 SMLMV y menor o igual a 25 SMLMV,23794.81,1095,938,2025-05-02,2025-05-30,21.730420091324202
2025-05,Banco Davibank,5,Mayor a 25 SMLMV y menor o igual a 100 SMLMV,60001.8,2801,1462,2025-05-02,2025-05-30,21.421563727240272
2025-05,Banco Davibank,6,Mayor a 100 SMLMV,218297.25,10025,510,2025-05-02,2025-05-30,21.775286783042393
2025-05,Banco Davivienda,1,Menor o igual a 3 SMLMV,141198.89,5933,2171,2025-05-02,2025-05-30,23.79890274734536
2025-05,Banco Davivienda,2,Mayor a 3 SMLMV y menor o igual a 6 SMLMV,141340.98,6016,2550,2025-05-02,2025-05-30,23.49417885638298
2025-05,Banco Davivienda,3,Mayor a 6 SMLMV y menor o igual a 12 SMLMV,172273.11,7438,3169,2025-05-02,2025-05-30,23.16121403603119
2025-05,Banco Davivienda,4,Mayor a 12 SMLMV y menor o igual a 25 SMLMV,186969.29,8432,3909,2025-05-02,2025-05-30,22.17377727703985
2025-05,Banco Davivienda,5,Mayor a 25 SMLMV y menor o igual a 100 SMLMV,67626.33,3234,1743,2025-05-02,2025-05-30,20.91104823747681
2025-05,Banco Davivienda,6,Mayor a 100 SMLMV,150.57999999999998,8,7,2025-05-09,2025-05-30,18.822499999999998
2025-05,Banco Falabella,1,Menor o igual a 3 SMLMV,217756.06,8896,2935,2025-05-02,2025-05-30,24.477974370503595
2025-05,Banco Falabella,2,Mayor a 3 SMLMV y menor o igual a 6 SMLMV,203458.22,8255,2799,2025-05-02,2025-05-30,24.64666505148395
2025-05,Banco Falabella,3,Mayor a 6 SMLMV y menor o igual a 12 SMLMV,197074.47,8115,3090,2025-05-02,2025-05-30,24.285208872458412
2025-05,Banco Falabella,4,Mayor a 12 SMLMV y menor o igual a 25 SMLMV,53664.12,2462,1362,2025-05-02,2025-05-30,21.796961819658815
2025-05,Banco Falabella,5,Mayor a 25 SMLMV y menor o igual a 100 SMLMV,23390.43,1214,781,2025-05-02,2025-05-30,19.267240527182867
2025-05,Banco Falabella,6,Mayor a 100 SMLMV,293.27,16,15,2025-05-02,2025-05-30,18.329375
2025-05,Banco GNB Sudameris,1,Menor o igual a 3 SMLMV,19.32,1,1,2025-05-09,2025-05-09,19.32
2025-05,Banco GNB Sudameris,2,Mayor a 3 SMLMV y menor o igual a 6 SMLMV,21.06,1,1,2025-05-30,2025-05-30,21.06
2025-05,Banco GNB Sudameris,4,Mayor a 12 SMLMV y menor o igual a 25 SMLMV,48.45,3,3,2025-05-02,2025-05-16,16.150000000000002
2025-05,Banco GNB Sudameris,6,Mayor a 100 SMLMV,33.96,2,2,2025-05-16,2025-05-23,16.98
2025-05,Banco Mundo Mujer,1,Menor o igual a 3 SMLMV,125118.5,4838,2964,2025-05-02,2025-05-30,25.86161637040099
2025-05,Banco Mundo Mujer,2,Mayor a 3 SMLMV y menor o igual a 6 SMLMV,76720.55,2965,1595,2025-05-02,2025-05-30,25.875396290050592
2025-05,Banco Mundo Mujer,3,Mayor a 6 SMLMV y menor o igual a 12 SMLMV,18672.23,724,568,2025-05-02,2025-05-30,25.790372928176794
2025-05,Banco Mundo Mujer,4,Mayor a 12 SMLMV y menor o igual a 25 SMLMV,877.33,34,33,2025-05-02,2025-05-30,25.803823529411765
2025-05,Banco Pichincha,3,Mayor a 6 SMLMV y menor o igual a 12 SMLMV,25.93,1,1,2025-05-16,2025-05-16,25.93
2025-05,Banco Popular,1,Menor o igual a 3 SMLMV,96.36,4,4,2025-05-02,2025-05-23,24.09
2025-05,Banco Popular,2,Mayor a 3 SMLMV y menor o igual a 6 SMLMV,122.05,5,4,2025-05-02,2025-05-23,24.41
2025-05,Banco Popular,3,Mayor a 6 SMLMV y menor o igual a 12 SMLMV,136.51,6,6,2025-05-02,2025-05-30,22.751666666666665
2025-05,Banco Popular,4,Mayor a 12 SMLMV y menor o igual a 25 SMLMV,89.28,4,4,2025-05-16,2025-05-30,22.32
2025-05,Banco Popular,5,Mayor a 25 SMLMV y menor o igual a 100 SMLMV,68.84,3,3,2025-05-02,2025-05-16,22.94666666666667
2025-05,Banco Santander,3,Mayor a 6 SMLMV y menor o igual a 12 SMLMV,57.269999999999996,5,5,2025-05-02,2025-05-30,11.453999999999999
2025-05,Banco Santander,4,Mayor a 12 SMLMV y menor o igual a 25 SMLMV,39.120000000000005,4,4,2025-05-02,2025-05-30,9.780000000000001
2025-05,Banco Santander,5,Mayor a 25 SMLMV y menor o igual a 100 SMLMV,31.5,7,5,2025-05-30,2025-05-30,4.5
2025-05,Banco Santander,6,Mayor a 100 SMLMV,13.5,3,1,2025-05-30,2025-05-30,4.5
2025-05,Banco Serfinanza,1,Menor o igual a 3 SMLMV,2064.94,101,94,2025-05-02,2025-05-30,20.444950495049504
2025-05,Banco Serfinanza,2,Mayor a 3 SMLMV y menor o igual a 6 SMLMV,5507.33,274,234,2025-05-02,2025-05-30,20.099744525547447
2025-05,Banco Serfinanza,3,Mayor a 6 SMLMV y menor o igual a 12 SMLMV,2029.59,100,92,2025-05-02,2025-05-30,20.2959
2025-05,Banco Serfinanza,4,Mayor a 12 SMLMV y menor o igual a 25 SMLMV,1553.56,82,79,2025-05-02,2025-05-30,18.945853658536585
2025-05,Banco Serfinanza,5,Mayor a 25 SMLMV y menor o igual a 100 SMLMV,791.6700000000001,55,51,2025-05-02,2025-05-30,14.394000000000002
2025-05,Banco Serfinanza,6,Mayor a 100 SMLMV,59.93000000000001,4,4,2025-05-09,2025-05-30,14.982500000000002
2025-05,Banco Unión,1,Menor o igual a 3 SMLMV,257.53,10,10,2025-05-02,2025-05-23,25.752999999999997
2025-05,Banco Unión,2,Mayor a 3 SMLMV y menor o igual a 6 SMLMV,103.72,4,4,2025-05-09,2025-05-23,25.93
2025-05,Banco Unión,3,Mayor a 6 SMLMV y menor o igual a 12 SMLMV,154.99,6,6,2025-05-02,2025-05-23,25.831666666666667
2025-05,Banco Unión,4,Mayor a 12 SMLMV y menor o igual a 25 SMLMV,25.93,1,1,2025-05-23,2025-05-23,25.93
2025-05,Banco Unión,5,Mayor a 25 SMLMV y menor o igual a 100 SMLMV,98.77,4,4,2025-05-09,2025-05-23,24.6925
2025-05,Banco Unión,6,Mayor a 100 SMLMV,35.14,2,2,2025-05-02,2025-05-02,17.57
2025-05,Banco de Bogotá,1,Menor o igual a 3 SMLMV,392933.99,15558,5137,2025-05-02,2025-05-30,25.256073402750996
2025-05,Banco de Bogotá,2,Mayor a 3 SMLMV y menor o igual a 6 SMLMV,291235.54,11623,3748,2025-05-02,2025-05-30,25.056830422438267
2025-05,Banco de Bogotá,3,Mayor a 6 SMLMV y menor o igual a 12 SMLMV,220067.47999999998,8907,3039,2025-05-02,2025-05-30,24.707250477152797
2025-05,Banco de Bogotá,4,Mayor a 12 SMLMV y menor o igual a 25 SMLMV,85059.54,3675,1645,2025-05-02,2025-05-30,23.145453061224487
2025-05,Banco de Bogotá,5,Mayor a 25 SMLMV y menor o igual a 100 SMLMV,56131.23,2768,1389,2025-05-02,2025-05-30,20.278623554913295
2025-05,Banco de Bogotá,6,Mayor a 100 SMLMV,3123.7400000000002,204,145,2025-05-02,2025-05-30,15.312450980392159
2025-05,Banco de Occidente,1,Menor o igual a 3 SMLMV,758.97,37,36,2025-05-02,2025-05-30,20.512702702702704
2025-05,Banco de Occidente,2,Mayor a 3 SMLMV y menor o igual a 6 SMLMV,1694.17,77,70,2025-05-02,2025-05-30,22.002207792207795
2025-05,Banco de Occidente,3,Mayor a 6 SMLMV y menor o igual a 12 SMLMV,6320.1,289,205,2025-05-02,2025-05-30,21.86885813148789
2025-05,Banco de Occidente,4,Mayor a 12 SMLMV y menor o igual a 25 SMLMV,12001.33,580,312,2025-05-02,2025-05-30,20.691948275862067
2025-05,Banco de Occidente,5,Mayor a 25 SMLMV y menor o igual a 100 SMLMV,32149.31,1660,672,2025-05-02,2025-05-30,19.36705421686747
2025-05,Banco de Occidente,6,Mayor a 100 SMLMV,5562.82,309,163,2025-05-02,2025-05-30,18.002653721682847
2025-05,Bancolombia,1,Menor o igual a 3 SMLMV,1056715.12,41909,11244,2025-05-02,2025-05-30,25.21451525925219
2025-05,Bancolombia,2,Mayor a 3 SMLMV y menor o igual a 6 SMLMV,263693.19,11224,3983,2025-05-02,2025-05-30,23.49369119743407
2025-05,Bancolombia,3,Mayor a 6 SMLMV y menor o igual a 12 SMLMV,177273.74,8435,3069,2025-05-02,2025-05-30,21.01644813278008
2025-05,Bancolombia,4,Mayor a 12 SMLMV y menor o igual a 25 SMLMV,141954.81,7332,2361,2025-05-02,2025-05-30,19.36099427168576
2025-05,Bancolombia,5,Mayor a 25 SMLMV y menor o igual a 100 SMLMV,147594.68,8175,3255,2025-05-02,2025-05-30,18.05439510703364
2025-05,Bancolombia,6,Mayor a 100 SMLMV,10444.38,658,403,2025-05-02,2025-05-30,15.872917933130697
2025-05,Bancoomeva,1,Menor o igual a 3 SMLMV,1126.37,53,51,2025-05-02,2025-05-30,21.252264150943393
2025-05,Bancoomeva,2,Mayor a 3 SMLMV y menor o igual a 6 SMLMV,2759.95,133,124,2025-05-02,2025-05-30,20.751503759398496
2025-05,Bancoomeva,3,Mayor a 6 SMLMV y menor o igual a 12 SMLMV,4803.0199999999995,228,199,2025-05-02,2025-05-30,21.065877192982455
2025-05,Bancoomeva,4,Mayor a 12 SMLMV y menor o igual a 25 SMLMV,6074.7,292,240,2025-05-02,2025-05-30,20.80376712328767
2025-05,Bancoomeva,5,Mayor a 25 SMLMV y menor o igual a 100 SMLMV,7867.53,382,316,2025-05-02,2025-05-30,20.595628272251307
2025-05,Bancoomeva,6,Mayor a 100 SMLMV,163.5,8,8,2025-05-02,2025-05-30,20.4375
2025-05,Coopcentral,2,Mayor a 3 SMLMV y menor o igual a 6 SMLMV,22.0,1,1,2025-05-30,2025-05-30,22.0
2025-05,Coopcentral,3,Mayor a 6 SMLMV y menor o igual a 12 SMLMV,20.0,1,1,2025-05-16,2025-05-16,20.0
2025-05,Coopcentral,4,Mayor a 12 SMLMV y menor o igual a 25 SMLMV,61.0,3,3,2025-05-02,2025-05-23,20.333333333333332
2025-05,Coopcentral,5,Mayor a 25 SMLMV y menor o igual a 100 SMLMV,60.0,4,4,2025-05-09,2025-05-30,15.0
2025-05,Finandina,1,Menor o igual a 3 SMLMV,512.08,20,16,2025-05-02,2025-05-30,25.604000000000003
2025-05,Finandina,2,Mayor a 3 SMLMV y menor o igual a 6 SMLMV,2294.85,91,61,2025-05-02,2025-05-30,25.218131868131866
2025-05,Finandina,3,Mayor a 6 SMLMV y menor o igual a 12 SMLMV,3781.7,153,85,2025-05-02,2025-05-30,24.716993464052287
2025-05,Finandina,4,Mayor a 12 SMLMV y menor o igual a 25 SMLMV,6317.32,258,152,2025-05-02,2025-05-30,24.485736434108524
2025-05,Finandina,5,Mayor a 25 SMLMV y menor o igual a 100 SMLMV,1495.1,62,46,2025-05-02,2025-05-30,24.114516129032257
2025-05,Itaú,1,Menor o igual a 3 SMLMV,116.14,6,6,2025-05-02,2025-05-30,19.356666666666666
2025-05,Itaú,2,Mayor a 3 SMLMV y menor o igual a 6 SMLMV,1587.1,76,54,2025-05-02,2025-05-30,20.882894736842104
2025-05,Itaú,3,Mayor a 6 SMLMV y menor o igual a 12 SMLMV,4979.1,244,145,2025-05-02,2025-05-30,20.406147540983607
2025-05,Itaú,4,Mayor a 12 SMLMV y menor o igual a 25 SMLMV,9733.52,479,255,2025-05-02,2025-05-30,20.320501043841336
2025-05,Itaú,5,Mayor a 25 SMLMV y menor o igual a 100 SMLMV,20552.39,1038,527,2025-05-02,2025-05-30,19.799990366088632
2025-05,Itaú,6,Mayor a 100 SMLMV,3743.71,199,149,2025-05-02,2025-05-30,18.812613065326634
2025-05,Lulo Bank,1,Menor o igual a 3 SMLMV,92209.97,4122,2290,2025-05-02,2025-05-30,22.370201358563804
2025-05,Lulo Bank,2,Mayor a 3 SMLMV y menor o igual a 6 SMLMV,41599.53,1841,948,2025-05-02,2025-05-30,22.59615969581749
2025-05,Lulo Bank,3,Mayor a 6 SMLMV y menor o igual a 12 SMLMV,33163.01,1548,856,2025-05-02,2025-05-30,21.4231330749354
2025-05,Lulo Bank,4,Mayor a 12 SMLMV y menor o igual a 25 SMLMV,15415.43,736,402,2025-05-02,2025-05-30,20.944877717391304
2025-05,Lulo Bank,5,Mayor a 25 SMLMV y menor o igual a 100 SMLMV,2932.62,141,91,2025-05-02,2025-05-30,20.79872340425532
2025-05,MiBanco,1,Menor o igual a 3 SMLMV,25.3,1,1,2025-05-09,2025-05-09,25.3
2025-05,MiBanco,2,Mayor a 3 SMLMV y menor o igual a 6 SMLMV,51.2,2,2,2025-05-09,2025-05-16,25.6
2025-05,MiBanco,3,Mayor a 6 SMLMV y menor o igual a 12 SMLMV,25.6,1,1,2025-05-09,2025-05-09,25.6
2025-06,BBVA Colombia,1,Menor o igual a 3 SMLMV,51040.15,2083,1044,2025-06-06,2025-06-27,24.50319251080173
2025-06,BBVA Colombia,2,Mayor a 3 SMLMV y menor o igual a 6 SMLMV,32745.05,1377,740,2025-06-06,2025-06-27,23.779992737835876
2025-06,BBVA Colombia,3,Mayor a 6 SMLMV y menor o igual a 12 SMLMV,40329.55,1729,892,2025-06-06,2025-06-27,23.32536148062464
2025-06,BBVA Colombia,4,Mayor a 12 SMLMV y menor o igual a 25 SMLMV,41190.96,1796,912,2025-06-06,2025-06-27,22.934832962138085
2025-06,BBVA Colombia,5,Mayor a 25 SMLMV y menor o igual a 100 SMLMV,29145.329999999998,1322,790,2025-06-06,2025-06-27,22.046391830559756
2025-06,BBVA Colombia,6,Mayor a 100 SMLMV,787.05,38,30,2025-06-06,2025-06-27,20.711842105263155
2025-06,Banco AV Villas,1,Menor o igual a 3 SMLMV,5135.06,236,188,2025-06-06,2025-06-27,21.758728813559323
2025-06,Banco AV Villas,2,Mayor a 3 SMLMV y menor o igual a 6 SMLMV,11599.83,541,366,2025-06-06,2025-06-27,21.441460258780037
2025-06,Banco AV Villas,3,Mayor a 6 SMLMV y menor o igual a 12 SMLMV,23384.75,1171,628,2025-06-06,2025-06-27,19.969897523484203
2025-06,Banco AV Villas,4,Mayor a 12 SMLMV y menor o igual a 25 SMLMV,19356.0,1022,536,2025-06-06,2025-06-27,18.939334637964777
2025-06,Banco AV Villas,5,Mayor a 25 SMLMV y menor o igual a 100 SMLMV,20520.19,1122,579,2025-06-06,2025-06-27,18.288939393939394
2025-06,Banco AV Villas,6,Mayor a 100 SMLMV,2547.29,146,112,2025-06-06,2025-06-27,17.447191780821917
2025-06,Banco Agrario,1,Menor o igual a 3 SMLMV,722.2199999999999,32,32,2025-06-06,2025-06-27,22.569374999999997
2025-06,Banco Agrario,2,Mayor a 3 SMLMV y menor o igual a 6 SMLMV,2141.89,95,95,2025-06-06,2025-06-27,22.54621052631579
2025-06,Banco Agrario,3,Mayor a 6 SMLMV y menor o igual a 12 SMLMV,4083.0699999999997,182,179,2025-06-06,2025-06-27,22.43445054945055
2025-06,Banco Agrario,4,Mayor a 12 SMLMV y menor o igual a 25 SMLMV,1319.58,59,58,2025-06-06,2025-06-27,22.365762711864406
2025-06,Banco Agrario,5,Mayor a 25 SMLMV y menor o igual a 100 SMLMV,441.39,20,20,2025-06-06,2025-06-27,22.069499999999998
2025-06,Banco Caja Social,1,Menor o igual a 3 SMLMV,37818.7,1571,1193,2025-06-06,2025-06-27,24.073010821133035
2025-06,Banco Caja Social,2,Mayor a 3 SMLMV y menor o igual a 6 SMLMV,41973.28,1740,1214,2025-06-06,2025-06-27,24.122574712643676
2025-06,Banco Caja Social,3,Mayor a 6 SMLMV y menor o igual a 12 SMLMV,34842.52,1485,999,2025-06-06,2025-06-27,23.46297643097643
2025-06,Banco Caja Social,4,Mayor a 12 SMLMV y menor o igual a 25 SMLMV,10330.460000000001,470,369,2025-06-06,2025-06-27,21.979702127659575
2025-06,Banco Caja Social,5,Mayor a 25 SMLMV y menor o igual a 100 SMLMV,4439.83,236,202,2025-06-06,2025-06-27,18.81283898305085
2025-06,Banco Caja Social,6,Mayor a 100 SMLMV,168.8,10,7,2025-06-13,2025-06-27,16.880000000000003
2025-06,Banco Davibank,1,Menor o igual a 3 SMLMV,1719.82,73,72,2025-06-06,2025-06-27,23.55917808219178
2025-06,Banco Davibank,2,Mayor a 3 SMLMV y menor o igual a 6 SMLMV,4569.87,201,193,2025-06-06,2025-06-27,22.735671641791043
2025-06,Banco Davibank,3,Mayor a 6 SMLMV y menor o igual a 12 SMLMV,10936.7,506,482,2025-06-06,2025-06-27,21.614031620553362
2025-06,Banco Davibank,4,Mayor a 12 SMLMV y menor o igual a 25 SMLMV,16192.45,757,659,2025-06-06,2025-06-27,21.390290620871863
2025-06,Banco Davibank,5,Mayor a 25 SMLMV y menor o igual a 100 SMLMV,38566.659999999996,1808,964,2025-06-06,2025-06-27,21.331117256637167
2025-06,Banco Davibank,6,Mayor a 100 SMLMV,143787.32,6722,315,2025-06-06,2025-06-27,21.39055638202916
2025-06,Banco Davivienda,1,Menor o igual a 3 SMLMV,95929.85,4141,1429,2025-06-06,2025-06-27,23.165865732914757
2025-06,Banco Davivienda,2,Mayor a 3 SMLMV y menor o igual a 6 SMLMV,95529.98,4231,1733,2025-06-06,2025-06-27,22.57858189553297
2025-06,Banco Davivienda,3,Mayor a 6 SMLMV y menor o igual a 12 SMLMV,120195.25,5499,2164,2025-06-06,2025-06-27,21.857655937443173
2025-06,Banco Davivienda,4,Mayor a 12 SMLMV y menor o igual a 25 SMLMV,127582.97,6190,2592,2025-06-06,2025-06-27,20.611142164781906
2025-06,Banco Davivienda,5,Mayor a 25 SMLMV y menor o igual a 100 SMLMV,62079.28,3168,1501,2025-06-06,2025-06-27,19.595732323232323
2025-06,Banco Davivienda,6,Mayor a 100 SMLMV,107.67,6,6,2025-06-06,2025-06-27,17.945
2025-06,Banco Falabella,1,Menor o igual a 3 SMLMV,144425.04,5965,2033,2025-06-06,2025-06-27,24.212077116512994
2025-06,Banco Falabella,2,Mayor a 3 SMLMV y menor o igual a 6 SMLMV,118900.36,4884,1840,2025-06-06,2025-06-27,24.344873054873055
2025-06,Banco Falabella,3,Mayor a 6 SMLMV y menor o igual a 12 SMLMV,118407.43000000001,4937,2069,2025-06-06,2025-06-27,23.98368037269597
2025-06,Banco Falabella,4,Mayor a 12 SMLMV y menor o igual a 25 SMLMV,38025.12,1747,994,2025-06-06,2025-06-27,21.765953062392676
2025-06,Banco Falabella,5,Mayor a 25 SMLMV y menor o igual a 100 SMLMV,15694.01,808,563,2025-06-06,2025-06-27,19.423279702970298
2025-06,Banco Falabella,6,Mayor a 100 SMLMV,169.07,9,7,2025-06-06,2025-06-27,18.785555555555554
2025-06,Banco GNB Sudameris,2,Mayor a 3 SMLMV y menor o igual a 6 SMLMV,31.54,2,2,2025-06-13,2025-06-20,15.77
2025-06,Banco GNB Sudameris,3,Mayor a 6 SMLMV y menor o igual a 12 SMLMV,16.94,1,1,2025-06-20,2025-06-20,16.94
2025-06,Banco GNB Sudameris,4,Mayor a 12 SMLMV y menor o igual a 25 SMLMV,34.25,2,2,2025-06-13,2025-06-20,17.125
2025-06,Banco Mundo Mujer,1,Menor o igual a 3 SMLMV,91814.61,3599,2177,2025-06-06,2025-06-27,25.51114476243401
2025-06,Banco Mundo Mujer,2,Mayor a 3 SMLMV y menor o igual a 6 SMLMV,56656.840000000004,2219,1202,2025-06-06,2025-06-27,25.53260027039207
2025-06,Banco Mundo Mujer,3,Mayor a 6 SMLMV y menor o igual a 12 SMLMV,14604.97,574,430,2025-06-06,2025-06-27,25.444198606271776
2025-06,Banco Mundo Mujer,4,Mayor a 12 SMLMV y menor o igual a 25 SMLMV,943.6700000000001,37,37,2025-06-06,2025-06-27,25.504594594594597
2025-06,Banco Popular,1,Menor o igual a 3 SMLMV,50.98,2,2,2025-06-06,2025-06-13,25.49
2025-06,Banco Popular,3,Mayor a 6 SMLMV y menor o igual a 12 SMLMV,43.84,2,2,2025-06-13,2025-06-27,21.92
2025-06,Banco Popular,5,Mayor a 25 SMLMV y menor o igual a 100 SMLMV,69.47,3,3,2025-06-13,2025-06-20,23.156666666666666
2025-06,Banco Popular,6,Mayor a 100 SMLMV,21.99,1,1,2025-06-06,2025-06-06,21.99
2025-06,Banco Santander,5,Mayor a 25 SMLMV y menor o igual a 100 SMLMV,9.0,2,2,2025-06-27,2025-06-27,4.5
2025-06,Banco Santander,6,Mayor a 100 SMLMV,4.5,1,1,2025-06-27,2025-06-27,4.5
2025-06,Banco Serfinanza,1,Menor o igual a 3 SMLMV,2734.06,143,113,2025-06-06,2025-06-27,19.119300699300698
2025-06,Banco Serfinanza,2,Mayor a 3 SMLMV y menor o igual a 6 SMLMV,3929.1,204,163,2025-06-06,2025-06-27,19.26029411764706
2025-06,Banco Serfinanza,3,Mayor a 6 SMLMV y menor o igual a 12 SMLMV,3724.61,210,152,2025-06-06,2025-06-27,17.736238095238097
2025-06,Banco Serfinanza,4,Mayor a 12 SMLMV y menor o igual a 25 SMLMV,2523.1,156,124,2025-06-06,2025-06-27,16.173717948717947
2025-06,Banco Serfinanza,5,Mayor a 25 SMLMV y menor o igual a 100 SMLMV,1481.38,106,91,2025-06-06,2025-06-27,13.975283018867925
2025-06,Banco Serfinanza,6,Mayor a 100 SMLMV,75.26,5,5,2025-06-06,2025-06-27,15.052000000000001
2025-06,Banco Unión,1,Menor o igual a 3 SMLMV,75.46000000000001,3,3,2025-06-13,2025-06-27,25.153333333333336
2025-06,Banco Unión,2,Mayor a 3 SMLMV y menor o igual a 6 SMLMV,150.92000000000002,6,6,2025-06-06,2025-06-27,25.153333333333336
2025-06,Banco Unión,3,Mayor a 6 SMLMV y menor o igual a 12 SMLMV,199.92000000000002,8,6,2025-06-06,2025-06-27,24.990000000000002
2025-06,Banco Unión,4,Mayor a 12 SMLMV y menor o igual a 25 SMLMV,74.9,3,3,2025-06-20,2025-06-27,24.96666666666667
2025-06,Banco Unión,5,Mayor a 25 SMLMV y menor o igual a 100 SMLMV,50.120000000000005,2,2,2025-06-20,2025-06-27,25.060000000000002
2025-06,Banco Unión,6,Mayor a 100 SMLMV,18.75,1,1,2025-06-20,2025-06-20,18.75
2025-06,Banco de Bogotá,1,Menor o igual a 3 SMLMV,285659.51,11443,3594,2025-06-06,2025-06-27,24.963690465786947
2025-06,Banco de Bogotá,2,Mayor a 3 SMLMV y menor o igual a 6 SMLMV,197096.54,7948,2579,2025-06-06,2025-06-27,24.798256165072974
2025-06,Banco de Bogotá,3,Mayor a 6 SMLMV y menor o igual a 12 SMLMV,145136.63,5934,1973,2025-06-06,2025-06-27,24.458481631277387
2025-06,Banco de Bogotá,4,Mayor a 12 SMLMV y menor o igual a 25 SMLMV,51806.57,2259,1059,2025-06-06,2025-06-27,22.93340858787074
2025-06,Banco de Bogotá,5,Mayor a 25 SMLMV y menor o igual a 100 SMLMV,35869.13,1831,983,2025-06-06,2025-06-27,19.589912616056797
2025-06,Banco de Bogotá,6,Mayor a 100 SMLMV,2460.97,169,132,2025-06-06,2025-06-27,14.561952662721893
2025-06,Banco de Occidente,1,Menor o igual a 3 SMLMV,420.53,19,19,2025-06-06,2025-06-27,22.13315789473684
2025-06,Banco de Occidente,2,Mayor a 3 SMLMV y menor o igual a 6 SMLMV,1261.4,60,56,2025-06-06,2025-06-27,21.023333333333333
2025-06,Banco de Occidente,3,Mayor a 6 SMLMV y menor o igual a 12 SMLMV,4566.79,213,153,2025-06-06,2025-06-27,21.440328638497654
2025-06,Banco de Occidente,4,Mayor a 12 SMLMV y menor o igual a 25 SMLMV,9369.75,457,240,2025-06-06,2025-06-27,20.5027352297593
2025-06,Banco de Occidente,5,Mayor a 25 SMLMV y menor o igual a 100 SMLMV,22432.93,1184,464,2025-06-06,2025-06-27,18.94673141891892
2025-06,Banco de Occidente,6,Mayor a 100 SMLMV,4465.79,255,125,2025-06-06,2025-06-27,17.512901960784312
2025-06,Bancolombia,1,Menor o igual a 3 SMLMV,120525.28,5166,2099,2025-06-06,2025-06-27,23.33048393341076
2025-06,Bancolombia,2,Mayor a 3 SMLMV y menor o igual a 6 SMLMV,130382.42,5880,2272,2025-06-06,2025-06-27,22.17388095238095
2025-06,Bancolombia,3,Mayor a 6 SMLMV y menor o igual a 12 SMLMV,164983.73,7856,2653,2025-06-06,2025-06-27,21.000983961303465
2025-06,Bancolombia,4,Mayor a 12 SMLMV y menor o igual a 25 SMLMV,136718.91,6947,2039,2025-06-06,2025-06-27,19.680280696703612
2025-06,Bancolombia,5,Mayor a 25 SMLMV y menor o igual a 100 SMLMV,132411.35,7247,2692,2025-06-06,2025-06-27,18.27119497723196
2025-06,Bancolombia,6,Mayor a 100 SMLMV,8179.31,519,317,2025-06-06,2025-06-27,15.759749518304432
2025-06,Bancoomeva,1,Menor o igual a 3 SMLMV,1079.15,49,46,2025-06-06,2025-06-27,22.023469387755103
2025-06,Bancoomeva,2,Mayor a 3 SMLMV y menor o igual a 6 SMLMV,2566.89,121,114,2025-06-06,2025-06-27,21.213966942148758
2025-06,Bancoomeva,3,Mayor a 6 SMLMV y menor o igual a 12 SMLMV,4460.2,208,181,2025-06-06,2025-06-27,21.44326923076923
2025-06,Bancoomeva,4,Mayor a 12 SMLMV y menor o igual a 25 SMLMV,5718.98,268,222,2025-06-06,2025-06-27,21.339477611940296
2025-06,Bancoomeva,5,Mayor a 25 SMLMV y menor o igual a 100 SMLMV,7978.49,374,312,2025-06-06,2025-06-27,21.332860962566844
2025-06,Bancoomeva,6,Mayor a 100 SMLMV,111.16,5,5,2025-06-06,2025-06-27,22.232
2025-06,Coopcentral,2,Mayor a 3 SMLMV y menor o igual a 6 SMLMV,20.0,1,1,2025-06-20,2025-06-20,20.0
2025-06,Coopcentral,3,Mayor a 6 SMLMV y menor o igual a 12 SMLMV,37.0,2,2,2025-06-20,2025-06-27,18.5
2025-06,Coopcentral,4,Mayor a 12 SMLMV y menor o igual a 25 SMLMV,20.0,1,1,2025-06-27,2025-06-27,20.0
2025-06,Coopcentral,5,Mayor a 25 SMLMV y menor o igual a 100 SMLMV,82.78,5,5,2025-06-06,2025-06-20,16.556
2025-06,Finandina,1,Menor o igual a 3 SMLMV,177.33,7,7,2025-06-06,2025-06-27,25.332857142857144
2025-06,Finandina,2,Mayor a 3 SMLMV y menor o igual a 6 SMLMV,1727.7,70,44,2025-06-06,2025-06-27,24.681428571428572
2025-06,Finandina,3,Mayor a 6 SMLMV y menor o igual a 12 SMLMV,3018.1,130,67,2025-06-06,2025-06-27,23.216153846153844
2025-06,Finandina,4,Mayor a 12 SMLMV y menor o igual a 25 SMLMV,4917.7,215,114,2025-06-06,2025-06-27,22.87302325581395
2025-06,Finandina,5,Mayor a 25 SMLMV y menor o igual a 100 SMLMV,1204.04,55,41,2025-06-06,2025-06-27,21.891636363636362
2025-06,Itaú,1,Menor o igual a 3 SMLMV,180.59,9,9,2025-06-06,2025-06-20,20.065555555555555
2025-06,Itaú,2,Mayor a 3 SMLMV y menor o igual a 6 SMLMV,1065.55,51,41,2025-06-06,2025-06-27,20.89313725490196
2025-06,Itaú,3,Mayor a 6 SMLMV y menor o igual a 12 SMLMV,2973.97,145,113,2025-06-06,2025-06-27,20.510137931034482
2025-06,Itaú,4,Mayor a 12 SMLMV y menor o igual a 25 SMLMV,5836.18,291,162,2025-06-06,2025-06-27,20.055601374570447
2025-06,Itaú,5,Mayor a 25 SMLMV y menor o igual a 100 SMLMV,13800.66,710,399,2025-06-06,2025-06-27,19.437549295774648
2025-06,Itaú,6,Mayor a 100 SMLMV,3206.0,173,124,2025-06-06,2025-06-27,18.53179190751445
2025-06,Lulo Bank,1,Menor o igual a 3 SMLMV,56210.9,2496,1445,2025-06-06,2025-06-27,22.52039262820513
2025-06,Lulo Bank,2,Mayor a 3 SMLMV y menor o igual a 6 SMLMV,27164.1,1195,619,2025-06-06,2025-06-27,22.731464435146442
2025-06,Lulo Bank,3,Mayor a 6 SMLMV y menor o igual a 12 SMLMV,21622.8,992,529,2025-06-06,2025-06-27,21.79717741935484
2025-06,Lulo Bank,4,Mayor a 12 SMLMV y menor o igual a 25 SMLMV,10045.55,480,250,2025-06-06,2025-06-27,20.928229166666664
2025-06,Lulo Bank,5,Mayor a 25 SMLMV y menor o igual a 100 SMLMV,2280.89,108,68,2025-06-06,2025-06-27,21.11935185185185
2025-06,MiBanco,1,Menor o igual a 3 SMLMV,126.25,5,5,2025-06-13,2025-06-20,25.25
2025-06,MiBanco,2,Mayor a 3 SMLMV y menor o igual a 6 SMLMV,126.25,5,5,2025-06-13,2025-06-27,25.25
2025-07,BBVA Colombia,1,Menor o igual a 3 SMLMV,102872.5,4355,1810,2025-07-04,2025-07-25,23.621699196326063
2025-07,BBVA Colombia,2,Mayor a 3 SMLMV y menor o igual a 6 SMLMV,43615.95,1920,949,2025-07-04,2025-07-25,22.716640625
2025-07,BBVA Colombia,3,Mayor a 6 SMLMV y menor o igual a 12 SMLMV,51622.81,2336,1101,2025-07-04,2025-07-25,22.09880565068493
2025-07,BBVA Colombia,4,Mayor a 12 SMLMV y menor o igual a 25 SMLMV,59170.58,2725,1224,2025-07-04,2025-07-25,21.713974311926606
2025-07,BBVA Colombia,5,Mayor a 25 SMLMV y menor o igual a 100 SMLMV,43405.54,2092,1107,2025-07-04,2025-07-25,20.74834608030593
2025-07,BBVA Colombia,6,Mayor a 100 SMLMV,485.5,23,23,2025-07-04,2025-07-25,21.108695652173914
2025-07,Banco AV Villas,1,Menor o igual a 3 SMLMV,4902.92,220,194,2025-07-04,2025-07-25,22.286
2025-07,Banco AV Villas,2,Mayor a 3 SMLMV y menor o igual a 6 SMLMV,10928.87,508,364,2025-07-04,2025-07-25,21.513523622047245
2025-07,Banco AV Villas,3,Mayor a 6 SMLMV y menor o igual a 12 SMLMV,18531.26,899,558,2025-07-04,2025-07-25,20.61319243604004
2025-07,Banco AV Villas,4,Mayor a 12 SMLMV y menor o igual a 25 SMLMV,17371.64,888,497,2025-07-04,2025-07-25,19.562657657657656
2025-07,Banco AV Villas,5,Mayor a 25 SMLMV y menor o igual a 100 SMLMV,16431.31,876,490,2025-07-04,2025-07-25,18.757203196347035
2025-07,Banco AV Villas,6,Mayor a 100 SMLMV,2254.15,128,97,2025-07-04,2025-07-25,17.610546875
2025-07,Banco Agrario,1,Menor o igual a 3 SMLMV,708.36,32,32,2025-07-04,2025-07-25,22.13625
2025-07,Banco Agrario,2,Mayor a 3 SMLMV y menor o igual a 6 SMLMV,1843.7199999999998,84,84,2025-07-04,2025-07-25,21.949047619047615
2025-07,Banco Agrario,3,Mayor a 6 SMLMV y menor o igual a 12 SMLMV,2867.77,131,131,2025-07-04,2025-07-25,21.891374045801527
2025-07,Banco Agrario,4,Mayor a 12 SMLMV y menor o igual a 25 SMLMV,1006.49,46,46,2025-07-04,2025-07-25,21.88021739130435
2025-07,Banco Agrario,5,Mayor a 25 SMLMV y menor o igual a 100 SMLMV,307.58,14,14,2025-07-04,2025-07-25,21.97
2025-07,Banco Agrario,6,Mayor a 100 SMLMV,21.97,1,1,2025-07-18,2025-07-18,21.97
2025-07,Banco Caja Social,1,Menor o igual a 3 SMLMV,39523.8,1662,1248,2025-07-04,2025-07-25,23.78086642599278
2025-07,Banco Caja Social,2,Mayor a 3 SMLMV y menor o igual a 6 SMLMV,49394.05,2075,1394,2025-07-04,2025-07-25,23.804361445783133
2025-07,Banco Caja Social,3,Mayor a 6 SMLMV y menor o igual a 12 SMLMV,37953.89,1626,1107,2025-07-04,2025-07-25,23.34187576875769
2025-07,Banco Caja Social,4,Mayor a 12 SMLMV y menor o igual a 25 SMLMV,12506.36,570,397,2025-07-04,2025-07-25,21.94098245614035
2025-07,Banco Caja Social,5,Mayor a 25 SMLMV y menor o igual a 100 SMLMV,5352.58,282,228,2025-07-04,2025-07-25,18.980780141843972
2025-07,Banco Caja Social,6,Mayor a 100 SMLMV,71.25,5,5,2025-07-04,2025-07-18,14.25
2025-07,Banco Davibank,1,Menor o igual a 3 SMLMV,1607.63,69,69,2025-07-04,2025-07-25,23.29898550724638
2025-07,Banco Davibank,2,Mayor a 3 SMLMV y menor o igual a 6 SMLMV,4218.09,187,183,2025-07-04,2025-07-25,22.556631016042783
2025-07,Banco Davibank,3,Mayor a 6 SMLMV y menor o igual a 12 SMLMV,13001.14,590,575,2025-07-04,2025-07-25,22.035830508474575
2025-07,Banco Davibank,4,Mayor a 12 SMLMV y menor o igual a 25 SMLMV,20843.64,959,848,2025-07-04,2025-07-25,21.734765380604795
2025-07,Banco Davibank,5,Mayor a 25 SMLMV y menor o igual a 100 SMLMV,52055.08,2435,1405,2025-07-04,2025-07-25,21.377856262833678
2025-07,Banco Davibank,6,Mayor a 100 SMLMV,194411.07,9156,440,2025-07-04,2025-07-25,21.233188073394498
2025-07,Banco Davivienda,1,Menor o igual a 3 SMLMV,88749.59,3951,1355,2025-07-04,2025-07-25,22.462563907871424
2025-07,Banco Davivienda,2,Mayor a 3 SMLMV y menor o igual a 6 SMLMV,105789.66,4856,1878,2025-07-04,2025-07-25,21.785350082372325
2025-07,Banco Davivienda,3,Mayor a 6 SMLMV y menor o igual a 12 SMLMV,136690.92,6444,2409,2025-07-04,2025-07-25,21.212122905027936
2025-07,Banco Davivienda,4,Mayor a 12 SMLMV y menor o igual a 25 SMLMV,125613.17,6195,2451,2025-07-04,2025-07-25,20.27654075867635
2025-07,Banco Davivienda,5,Mayor a 25 SMLMV y menor o igual a 100 SMLMV,56707.38,2938,1330,2025-07-04,2025-07-25,19.30135466303608
2025-07,Banco Davivienda,6,Mayor a 100 SMLMV,218.23,13,13,2025-07-04,2025-07-25,16.786923076923078
2025-07,Banco Falabella,1,Menor o igual a 3 SMLMV,142794.54,6054,2065,2025-07-04,2025-07-25,23.586808721506443
2025-07,Banco Falabella,2,Mayor a 3 SMLMV y menor o igual a 6 SMLMV,136001.46,5717,2003,2025-07-04,2025-07-25,23.78895574602064
2025-07,Banco Falabella,3,Mayor a 6 SMLMV y menor o igual a 12 SMLMV,157430.9,6686,2340,2025-07-04,2025-07-25,23.546350583308406
2025-07,Banco Falabella,4,Mayor a 12 SMLMV y menor o igual a 25 SMLMV,45427.21,2115,1128,2025-07-04,2025-07-25,21.478586288416075
2025-07,Banco Falabella,5,Mayor a 25 SMLMV y menor o igual a 100 SMLMV,24250.06,1193,755,2025-07-04,2025-07-25,20.32695725062867
2025-07,Banco Falabella,6,Mayor a 100 SMLMV,589.8,29,25,2025-07-11,2025-07-25,20.337931034482757
2025-07,Banco GNB Sudameris,3,Mayor a 6 SMLMV y menor o igual a 12 SMLMV,20.98,1,1,2025-07-25,2025-07-25,20.98
2025-07,Banco GNB Sudameris,4,Mayor a 12 SMLMV y menor o igual a 25 SMLMV,16.08,1,1,2025-07-18,2025-07-18,16.08
2025-07,Banco GNB Sudameris,5,Mayor a 25 SMLMV y menor o igual a 100 SMLMV,36.91,2,2,2025-07-04,2025-07-18,18.455
2025-07,Banco GNB Sudameris,6,Mayor a 100 SMLMV,34.15,2,2,2025-07-11,2025-07-25,17.075
2025-07,Banco Mundo Mujer,1,Menor o igual a 3 SMLMV,88718.07,3582,2239,2025-07-04,2025-07-25,24.76774706867672
2025-07,Banco Mundo Mujer,2,Mayor a 3 SMLMV y menor o igual a 6 SMLMV,57560.770000000004,2323,1215,2025-07-04,2025-07-25,24.77863538527766
2025-07,Banco Mundo Mujer,3,Mayor a 6 SMLMV y menor o igual a 12 SMLMV,15125.78,613,475,2025-07-04,2025-07-25,24.675008156606854
2025-07,Banco Mundo Mujer,4,Mayor a 12 SMLMV y menor o igual a 25 SMLMV,863.4,35,33,2025-07-04,2025-07-25,24.66857142857143
2025-07,Banco Popular,1,Menor o igual a 3 SMLMV,49.48,2,2,2025-07-18,2025-07-18,24.74
2025-07,Banco Popular,2,Mayor a 3 SMLMV y menor o igual a 6 SMLMV,49.48,2,2,2025-07-11,2025-07-11,24.74
2025-07,Banco Popular,3,Mayor a 6 SMLMV y menor o igual a 12 SMLMV,43.79,2,2,2025-07-04,2025-07-25,21.895
2025-07,Banco Popular,5,Mayor a 25 SMLMV y menor o igual a 100 SMLMV,63.19,3,3,2025-07-18,2025-07-25,21.063333333333333
2025-07,Banco Santander,3,Mayor a 6 SMLMV y menor o igual a 12 SMLMV,52.769999999999996,3,3,2025-07-18,2025-07-18,17.59
2025-07,Banco Santander,4,Mayor a 12 SMLMV y menor o igual a 25 SMLMV,17.59,1,1,2025-07-18,2025-07-18,17.59
2025-07,Banco Santander,5,Mayor a 25 SMLMV y menor o igual a 100 SMLMV,4.5,1,1,2025-07-25,2025-07-25,4.5
2025-07,Banco Santander,6,Mayor a 100 SMLMV,13.5,3,3,2025-07-11,2025-07-25,4.5
2025-07,Banco Serfinanza,1,Menor o igual a 3 SMLMV,3379.83,182,147,2025-07-04,2025-07-25,18.570494505494505
2025-07,Banco Serfinanza,2,Mayor a 3 SMLMV y menor o igual a 6 SMLMV,5024.29,263,205,2025-07-04,2025-07-25,19.103764258555135
2025-07,Banco Serfinanza,3,Mayor a 6 SMLMV y menor o igual a 12 SMLMV,4085.38,230,167,2025-07-04,2025-07-25,17.762521739130435
2025-07,Banco Serfinanza,4,Mayor a 12 SMLMV y menor o igual a 25 SMLMV,3007.82,183,142,2025-07-04,2025-07-25,16.43617486338798
2025-07,Banco Serfinanza,5,Mayor a 25 SMLMV y menor o igual a 100 SMLMV,1887.38,137,114,2025-07-04,2025-07-25,13.776496350364964
2025-07,Banco Serfinanza,6,Mayor a 100 SMLMV,25.1,2,2,2025-07-04,2025-07-25,12.55
2025-07,Banco Unión,1,Menor o igual a 3 SMLMV,98.4,4,4,2025-07-11,2025-07-18,24.6
2025-07,Banco Unión,2,Mayor a 3 SMLMV y menor o igual a 6 SMLMV,98.6,4,3,2025-07-11,2025-07-18,24.65
2025-07,Banco Unión,3,Mayor a 6 SMLMV y menor o igual a 12 SMLMV,172.20000000000002,7,6,2025-07-11,2025-07-25,24.6
2025-07,Banco Unión,4,Mayor a 12 SMLMV y menor o igual a 25 SMLMV,24.6,1,1,2025-07-11,2025-07-11,24.6
2025-07,Banco Unión,5,Mayor a 25 SMLMV y menor o igual a 100 SMLMV,43.35,2,2,2025-07-04,2025-07-25,21.675
2025-07,Banco Unión,6,Mayor a 100 SMLMV,24.6,1,1,2025-07-25,2025-07-25,24.6
2025-07,Banco de Bogotá,1,Menor o igual a 3 SMLMV,298787.31,12404,4132,2025-07-04,2025-07-25,24.087980490164462
2025-07,Banco de Bogotá,2,Mayor a 3 SMLMV y menor o igual a 6 SMLMV,222750.47,9313,3115,2025-07-04,2025-07-25,23.918229356813058
2025-07,Banco de Bogotá,3,Mayor a 6 SMLMV y menor o igual a 12 SMLMV,152304.82,6501,2455,2025-07-04,2025-07-25,23.427906475926783
2025-07,Banco de Bogotá,4,Mayor a 12 SMLMV y menor o igual a 25 SMLMV,62345.15,2850,1373,2025-07-04,2025-07-25,21.875491228070175
2025-07,Banco de Bogotá,5,Mayor a 25 SMLMV y menor o igual a 100 SMLMV,40955.33,2191,1217,2025-07-04,2025-07-25,18.692528525787313
2025-07,Banco de Bogotá,6,Mayor a 100 SMLMV,3039.62,210,162,2025-07-04,2025-07-25,14.474380952380951
2025-07,Banco de Occidente,1,Menor o igual a 3 SMLMV,654.48,29,29,2025-07-04,2025-07-25,22.568275862068965
2025-07,Banco de Occidente,2,Mayor a 3 SMLMV y menor o igual a 6 SMLMV,1136.38,53,50,2025-07-04,2025-07-25,21.4411320754717
2025-07,Banco de Occidente,3,Mayor a 6 SMLMV y menor o igual a 12 SMLMV,5432.41,255,167,2025-07-04,2025-07-25,21.30356862745098
2025-07,Banco de Occidente,4,Mayor a 12 SMLMV y menor o igual a 25 SMLMV,10180.86,488,233,2025-07-04,2025-07-25,20.862418032786888
2025-07,Banco de Occidente,5,Mayor a 25 SMLMV y menor o igual a 100 SMLMV,22213.79,1163,437,2025-07-04,2025-07-25,19.10042132416165
2025-07,Banco de Occidente,6,Mayor a 100 SMLMV,4295.37,244,120,2025-07-04,2025-07-25,17.603975409836064
2025-07,Bancolombia,1,Menor o igual a 3 SMLMV,91618.88,4116,1682,2025-07-04,2025-07-25,22.259203109815356
2025-07,Bancolombia,2,Mayor a 3 SMLMV y menor o igual a 6 SMLMV,146925.98,6645,2548,2025-07-04,2025-07-25,22.110756960120394
2025-07,Bancolombia,3,Mayor a 6 SMLMV y menor o igual a 12 SMLMV,175849.79,8358,2739,2025-07-04,2025-07-25,21.03969729600383
2025-07,Bancolombia,4,Mayor a 12 SMLMV y menor o igual a 25 SMLMV,151695.97,7617,2227,2025-07-04,2025-07-25,19.91544833924117
2025-07,Bancolombia,5,Mayor a 25 SMLMV y menor o igual a 100 SMLMV,135894.45,7289,2735,2025-07-04,2025-07-25,18.643771436411033
2025-07,Bancolombia,6,Mayor a 100 SMLMV,7504.12,457,301,2025-07-04,2025-07-25,16.420393873085338
2025-07,Bancoomeva,1,Menor o igual a 3 SMLMV,814.46,38,37,2025-07-04,2025-07-25,21.433157894736844
2025-07,Bancoomeva,2,Mayor a 3 SMLMV y menor o igual a 6 SMLMV,1946.37,92,85,2025-07-04,2025-07-25,21.156195652173913
2025-07,Bancoomeva,3,Mayor a 6 SMLMV y menor o igual a 12 SMLMV,3799.32,177,163,2025-07-04,2025-07-25,21.465084745762713
2025-07,Bancoomeva,4,Mayor a 12 SMLMV y menor o igual a 25 SMLMV,5130.0,238,199,2025-07-04,2025-07-25,21.554621848739497
2025-07,Bancoomeva,5,Mayor a 25 SMLMV y menor o igual a 100 SMLMV,7012.44,328,292,2025-07-04,2025-07-25,21.37939024390244
2025-07,Bancoomeva,6,Mayor a 100 SMLMV,170.21,8,8,2025-07-04,2025-07-25,21.27625
2025-07,Coopcentral,1,Menor o igual a 3 SMLMV,22.0,1,1,2025-07-18,2025-07-18,22.0
2025-07,Coopcentral,2,Mayor a 3 SMLMV y menor o igual a 6 SMLMV,65.0,3,3,2025-07-04,2025-07-11,21.666666666666668
2025-07,Coopcentral,3,Mayor a 6 SMLMV y menor o igual a 12 SMLMV,23.0,1,1,2025-07-25,2025-07-25,23.0
2025-07,Coopcentral,4,Mayor a 12 SMLMV y menor o igual a 25 SMLMV,17.0,1,1,2025-07-25,2025-07-25,17.0
2025-07,Coopcentral,5,Mayor a 25 SMLMV y menor o igual a 100 SMLMV,47.0,3,3,2025-07-18,2025-07-25,15.666666666666666
2025-07,Finandina,1,Menor o igual a 3 SMLMV,319.96000000000004,13,12,2025-07-11,2025-07-25,24.612307692307695
2025-07,Finandina,2,Mayor a 3 SMLMV y menor o igual a 6 SMLMV,2160.93,89,54,2025-07-04,2025-07-25,24.28011235955056
2025-07,Finandina,3,Mayor a 6 SMLMV y menor o igual a 12 SMLMV,3028.34,136,76,2025-07-04,2025-07-25,22.267205882352943
2025-07,Finandina,4,Mayor a 12 SMLMV y menor o igual a 25 SMLMV,4949.16,228,115,2025-07-04,2025-07-25,21.706842105263156
2025-07,Finandina,5,Mayor a 25 SMLMV y menor o igual a 100 SMLMV,1785.16,90,52,2025-07-04,2025-07-25,19.83511111111111
2025-07,Itaú,1,Menor o igual a 3 SMLMV,211.42000000000002,11,10,2025-07-04,2025-07-25,19.220000000000002
2025-07,Itaú,2,Mayor a 3 SMLMV y menor o igual a 6 SMLMV,1060.6000000000001,54,45,2025-07-04,2025-07-25,19.640740740740743
2025-07,Itaú,3,Mayor a 6 SMLMV y menor o igual a 12 SMLMV,3094.41,162,106,2025-07-04,2025-07-25,19.101296296296294
2025-07,Itaú,4,Mayor a 12 SMLMV y menor o igual a 25 SMLMV,6479.76,338,187,2025-07-04,2025-07-25,19.170887573964496
2025-07,Itaú,5,Mayor a 25 SMLMV y menor o igual a 100 SMLMV,12439.56,661,360,2025-07-04,2025-07-25,18.81930408472012
2025-07,Itaú,6,Mayor a 100 SMLMV,3189.4700000000003,176,132,2025-07-04,2025-07-25,18.12198863636364
2025-07,Lulo Bank,1,Menor o igual a 3 SMLMV,81251.08,3793,2126,2025-07-04,2025-07-25,21.421323490640653
2025-07,Lulo Bank,2,Mayor a 3 SMLMV y menor o igual a 6 SMLMV,34483.6,1551,784,2025-07-04,2025-07-25,22.233139909735655
2025-07,Lulo Bank,3,Mayor a 6 SMLMV y menor o igual a 12 SMLMV,29011.3,1352,722,2025-07-04,2025-07-25,21.458062130177513
2025-07,Lulo Bank,4,Mayor a 12 SMLMV y menor o igual a 25 SMLMV,10239.98,488,273,2025-07-04,2025-07-25,20.98356557377049
2025-07,Lulo Bank,5,Mayor a 25 SMLMV y menor o igual a 100 SMLMV,2082.18,98,63,2025-07-04,2025-07-25,21.24673469387755
2025-07,MiBanco,1,Menor o igual a 3 SMLMV,48.9,2,2,2025-07-11,2025-07-25,24.45
2025-07,MiBanco,2,Mayor a 3 SMLMV y menor o igual a 6 SMLMV,171.15,7,7,2025-07-04,2025-07-25,24.45
2025-08,BBVA Colombia,1,Menor o igual a 3 SMLMV,72569.1,3130,1559,2025-08-01,2025-08-29,23.185015974440898
2025-08,BBVA Colombia,2,Mayor a 3 SMLMV y menor o igual a 6 SMLMV,31770.3,1445,820,2025-08-01,2025-08-29,21.986366782006918
2025-08,BBVA Colombia,3,Mayor a 6 SMLMV y menor o igual a 12 SMLMV,37656.91,1769,951,2025-08-01,2025-08-29,21.28711701526286
2025-08,BBVA Colombia,4,Mayor a 12 SMLMV y menor o igual a 25 SMLMV,45875.41,2214,1084,2025-08-01,2025-08-29,20.720600722673893
2025-08,BBVA Colombia,5,Mayor a 25 SMLMV y menor o igual a 100 SMLMV,39565.67,2025,1100,2025-08-01,2025-08-29,19.538602469135803
2025-08,BBVA Colombia,6,Mayor a 100 SMLMV,817.37,40,37,2025-08-01,2025-08-29,20.43425
2025-08,Banco AV Villas,1,Menor o igual a 3 SMLMV,7147.62,321,260,2025-08-01,2025-08-29,22.266728971962618
2025-08,Banco AV Villas,2,Mayor a 3 SMLMV y menor o igual a 6 SMLMV,13751.1,636,466,2025-08-01,2025-08-29,21.62122641509434
2025-08,Banco AV Villas,3,Mayor a 6 SMLMV y menor o igual a 12 SMLMV,23522.36,1146,705,2025-08-01,2025-08-29,20.525619546247817
2025-08,Banco AV Villas,4,Mayor a 12 SMLMV y menor o igual a 25 SMLMV,23058.8,1184,673,2025-08-01,2025-08-29,19.475337837837838
2025-08,Banco AV Villas,5,Mayor a 25 SMLMV y menor o igual a 100 SMLMV,24991.9,1387,763,2025-08-01,2025-08-29,18.018673395818315
2025-08,Banco AV Villas,6,Mayor a 100 SMLMV,3391.63,203,133,2025-08-01,2025-08-29,16.70753694581281
2025-08,Banco Agrario,1,Menor o igual a 3 SMLMV,955.21,43,43,2025-08-01,2025-08-29,22.214186046511628
2025-08,Banco Agrario,2,Mayor a 3 SMLMV y menor o igual a 6 SMLMV,2886.56,130,130,2025-08-01,2025-08-29,22.20430769230769
2025-08,Banco Agrario,3,Mayor a 6 SMLMV y menor o igual a 12 SMLMV,4978.67,225,222,2025-08-01,2025-08-29,22.127422222222222
2025-08,Banco Agrario,4,Mayor a 12 SMLMV y menor o igual a 25 SMLMV,2467.1,112,111,2025-08-01,2025-08-29,22.02767857142857
2025-08,Banco Agrario,5,Mayor a 25 SMLMV y menor o igual a 100 SMLMV,795.5699999999999,36,35,2025-08-01,2025-08-29,22.099166666666665
2025-08,Banco Agrario,6,Mayor a 100 SMLMV,66.96000000000001,3,3,2025-08-08,2025-08-29,22.320000000000004
2025-08,Banco Caja Social,1,Menor o igual a 3 SMLMV,48681.67,2035,1521,2025-08-01,2025-08-29,23.92219656019656
2025-08,Banco Caja Social,2,Mayor a 3 SMLMV y menor o igual a 6 SMLMV,64099.63,2688,1775,2025-08-01,2025-08-29,23.846588541666666
2025-08,Banco Caja Social,3,Mayor a 6 SMLMV y menor o igual a 12 SMLMV,55446.3,2382,1527,2025-08-01,2025-08-29,23.277204030226702
2025-08,Banco Caja Social,4,Mayor a 12 SMLMV y menor o igual a 25 SMLMV,18345.33,835,583,2025-08-01,2025-08-29,21.970455089820362
2025-08,Banco Caja Social,5,Mayor a 25 SMLMV y menor o igual a 100 SMLMV,8609.35,451,351,2025-08-01,2025-08-29,19.089467849223947
2025-08,Banco Caja Social,6,Mayor a 100 SMLMV,329.25,19,17,2025-08-01,2025-08-29,17.32894736842105
2025-08,Banco Davibank,1,Menor o igual a 3 SMLMV,2897.66,122,121,2025-08-01,2025-08-29,23.751311475409835
2025-08,Banco Davibank,2,Mayor a 3 SMLMV y menor o igual a 6 SMLMV,7593.61,325,317,2025-08-01,2025-08-29,23.364953846153846
2025-08,Banco Davibank,3,Mayor a 6 SMLMV y menor o igual a 12 SMLMV,17663.62,783,747,2025-08-01,2025-08-29,22.55890166028097
2025-08,Banco Davibank,4,Mayor a 12 SMLMV y menor o igual a 25 SMLMV,27098.22,1213,1010,2025-08-01,2025-08-29,22.339835119538336
2025-08,Banco Davibank,5,Mayor a 25 SMLMV y menor o igual a 100 SMLMV,58731.89,2696,1354,2025-08-01,2025-08-29,21.784825667655785
2025-08,Banco Davibank,6,Mayor a 100 SMLMV,174746.84,8242,427,2025-08-01,2025-08-29,21.20199466148993
2025-08,Banco Davivienda,1,Menor o igual a 3 SMLMV,130004.19,5832,2120,2025-08-01,2025-08-29,22.291527777777777
2025-08,Banco Davivienda,2,Mayor a 3 SMLMV y menor o igual a 6 SMLMV,142861.29,6595,2753,2025-08-01,2025-08-29,21.6620606520091
2025-08,Banco Davivienda,3,Mayor a 6 SMLMV y menor o igual a 12 SMLMV,190335.99,9004,3704,2025-08-01,2025-08-29,21.139048200799643
2025-08,Banco Davivienda,4,Mayor a 12 SMLMV y menor o igual a 25 SMLMV,178343.88,8738,3747,2025-08-01,2025-08-29,20.410148775463494
2025-08,Banco Davivienda,5,Mayor a 25 SMLMV y menor o igual a 100 SMLMV,71138.18,3631,1785,2025-08-01,2025-08-29,19.591897548884603
2025-08,Banco Davivienda,6,Mayor a 100 SMLMV,37.46,2,2,2025-08-08,2025-08-15,18.73
2025-08,Banco Falabella,1,Menor o igual a 3 SMLMV,184569.25,7741,2476,2025-08-01,2025-08-29,23.843075829996124
2025-08,Banco Falabella,2,Mayor a 3 SMLMV y menor o igual a 6 SMLMV,148559.09,6222,2247,2025-08-01,2025-08-29,23.876420765027323
2025-08,Banco Falabella,3,Mayor a 6 SMLMV y menor o igual a 12 SMLMV,162938.31,6861,2698,2025-08-01,2025-08-29,23.748478355924792
2025-08,Banco Falabella,4,Mayor a 12 SMLMV y menor o igual a 25 SMLMV,48227.03,2237,1266,2025-08-01,2025-08-29,21.558797496647294
2025-08,Banco Falabella,5,Mayor a 25 SMLMV y menor o igual a 100 SMLMV,23925.21,1206,817,2025-08-01,2025-08-29,19.838482587064675
2025-08,Banco Falabella,6,Mayor a 100 SMLMV,361.90999999999997,20,15,2025-08-01,2025-08-22,18.095499999999998
2025-08,Banco GNB Sudameris,1,Menor o igual a 3 SMLMV,17.34,1,1,2025-08-08,2025-08-08,17.34
2025-08,Banco GNB Sudameris,3,Mayor a 6 SMLMV y menor o igual a 12 SMLMV,16.06,1,1,2025-08-22,2025-08-22,16.06
2025-08,Banco GNB Sudameris,4,Mayor a 12 SMLMV y menor o igual a 25 SMLMV,16.08,1,1,2025-08-15,2025-08-15,16.08
2025-08,Banco GNB Sudameris,5,Mayor a 25 SMLMV y menor o igual a 100 SMLMV,47.39,3,3,2025-08-08,2025-08-22,15.796666666666667
2025-08,Banco GNB Sudameris,6,Mayor a 100 SMLMV,17.53,1,1,2025-08-29,2025-08-29,17.53
2025-08,Banco Mundo Mujer,1,Menor o igual a 3 SMLMV,121424.98000000001,4849,2913,2025-08-01,2025-08-29,25.041241493091363
2025-08,Banco Mundo Mujer,2,Mayor a 3 SMLMV y menor o igual a 6 SMLMV,76125.26000000001,3038,1614,2025-08-01,2025-08-29,25.05768926925609
2025-08,Banco Mundo Mujer,3,Mayor a 6 SMLMV y menor o igual a 12 SMLMV,19199.81,769,575,2025-08-01,2025-08-29,24.967243172951886
2025-08,Banco Mundo Mujer,4,Mayor a 12 SMLMV y menor o igual a 25 SMLMV,1200.21,48,47,2025-08-01,2025-08-29,25.004375
2025-08,Banco Popular,2,Mayor a 3 SMLMV y menor o igual a 6 SMLMV,24.76,1,1,2025-08-01,2025-08-01,24.76
2025-08,Banco Popular,3,Mayor a 6 SMLMV y menor o igual a 12 SMLMV,69.56,3,3,2025-08-01,2025-08-08,23.186666666666667
2025-08,Banco Popular,4,Mayor a 12 SMLMV y menor o igual a 25 SMLMV,22.04,1,1,2025-08-01,2025-08-01,22.04
2025-08,Banco Popular,5,Mayor a 25 SMLMV y menor o igual a 100 SMLMV,44.54,2,2,2025-08-01,2025-08-29,22.27
2025-08,Banco Santander,1,Menor o igual a 3 SMLMV,32.96,2,2,2025-08-15,2025-08-29,16.48
2025-08,Banco Santander,3,Mayor a 6 SMLMV y menor o igual a 12 SMLMV,32.96,2,1,2025-08-29,2025-08-29,16.48
2025-08,Banco Santander,4,Mayor a 12 SMLMV y menor o igual a 25 SMLMV,13.5,3,2,2025-08-29,2025-08-29,4.5
2025-08,Banco Santander,5,Mayor a 25 SMLMV y menor o igual a 100 SMLMV,9.0,2,1,2025-08-29,2025-08-29,4.5
2025-08,Banco Santander,6,Mayor a 100 SMLMV,4.5,1,1,2025-08-29,2025-08-29,4.5
2025-08,Banco Serfinanza,1,Menor o igual a 3 SMLMV,2768.39,151,132,2025-08-01,2025-08-29,18.333708609271522
2025-08,Banco Serfinanza,2,Mayor a 3 SMLMV y menor o igual a 6 SMLMV,5670.5,304,236,2025-08-01,2025-08-29,18.65296052631579
2025-08,Banco Serfinanza,3,Mayor a 6 SMLMV y menor o igual a 12 SMLMV,4236.89,238,185,2025-08-01,2025-08-29,17.802058823529414
2025-08,Banco Serfinanza,4,Mayor a 12 SMLMV y menor o igual a 25 SMLMV,4442.77,285,222,2025-08-01,2025-08-29,15.588666666666668
2025-08,Banco Serfinanza,5,Mayor a 25 SMLMV y menor o igual a 100 SMLMV,2991.05,224,176,2025-08-01,2025-08-29,13.352901785714286
2025-08,Banco Serfinanza,6,Mayor a 100 SMLMV,45.94,3,3,2025-08-01,2025-08-22,15.313333333333333
2025-08,Banco Unión,1,Menor o igual a 3 SMLMV,175.35,7,7,2025-08-08,2025-08-22,25.05
2025-08,Banco Unión,2,Mayor a 3 SMLMV y menor o igual a 6 SMLMV,24.6,1,1,2025-08-01,2025-08-01,24.6
2025-08,Banco Unión,3,Mayor a 6 SMLMV y menor o igual a 12 SMLMV,75.15,3,3,2025-08-08,2025-08-29,25.05
2025-08,Banco Unión,4,Mayor a 12 SMLMV y menor o igual a 25 SMLMV,75.15,3,3,2025-08-08,2025-08-22,25.05
2025-08,Banco Unión,5,Mayor a 25 SMLMV y menor o igual a 100 SMLMV,25.05,1,1,2025-08-08,2025-08-08,25.05
2025-08,Banco Unión,6,Mayor a 100 SMLMV,18.75,1,1,2025-08-22,2025-08-22,18.75
2025-08,Banco de Bogotá,1,Menor o igual a 3 SMLMV,416735.62,17138,5302,2025-08-01,2025-08-29,24.31646749912475
2025-08,Banco de Bogotá,2,Mayor a 3 SMLMV y menor o igual a 6 SMLMV,288779.54,12024,3751,2025-08-01,2025-08-29,24.016927811044575
2025-08,Banco de Bogotá,3,Mayor a 6 SMLMV y menor o igual a 12 SMLMV,206298.03,8789,2835,2025-08-01,2025-08-29,23.472298327454773
2025-08,Banco de Bogotá,4,Mayor a 12 SMLMV y menor o igual a 25 SMLMV,78982.04,3651,1667,2025-08-01,2025-08-29,21.63298822240482
2025-08,Banco de Bogotá,5,Mayor a 25 SMLMV y menor o igual a 100 SMLMV,58129.09,3130,1546,2025-08-01,2025-08-29,18.571594249201276
2025-08,Banco de Bogotá,6,Mayor a 100 SMLMV,5155.29,366,229,2025-08-01,2025-08-29,14.085491803278689
2025-08,Banco de Occidente,1,Menor o igual a 3 SMLMV,705.95,33,32,2025-08-01,2025-08-29,21.392424242424244
2025-08,Banco de Occidente,2,Mayor a 3 SMLMV y menor o igual a 6 SMLMV,1732.97,81,73,2025-08-01,2025-08-29,21.39469135802469
2025-08,Banco de Occidente,3,Mayor a 6 SMLMV y menor o igual a 12 SMLMV,6464.98,305,202,2025-08-01,2025-08-29,21.196655737704916
2025-08,Banco de Occidente,4,Mayor a 12 SMLMV y menor o igual a 25 SMLMV,13337.289999999999,650,312,2025-08-01,2025-08-29,20.518907692307693
2025-08,Banco de Occidente,5,Mayor a 25 SMLMV y menor o igual a 100 SMLMV,35142.61,1872,688,2025-08-01,2025-08-29,18.772761752136752
2025-08,Banco de Occidente,6,Mayor a 100 SMLMV,6692.98,388,174,2025-08-01,2025-08-29,17.249948453608248
2025-08,Bancolombia,1,Menor o igual a 3 SMLMV,123353.59,5411,2094,2025-08-01,2025-08-29,22.796819441877656
2025-08,Bancolombia,2,Mayor a 3 SMLMV y menor o igual a 6 SMLMV,178940.56,8012,3133,2025-08-01,2025-08-29,22.33406889665502
2025-08,Bancolombia,3,Mayor a 6 SMLMV y menor o igual a 12 SMLMV,208206.51,9776,3203,2025-08-01,2025-08-29,21.297719926350247
2025-08,Bancolombia,4,Mayor a 12 SMLMV y menor o igual a 25 SMLMV,181072.99,8931,2576,2025-08-01,2025-08-29,20.274660172433098
2025-08,Bancolombia,5,Mayor a 25 SMLMV y menor o igual a 100 SMLMV,160880.14,8505,3137,2025-08-01,2025-08-29,18.915948265726044
2025-08,Bancolombia,6,Mayor a 100 SMLMV,9647.37,597,391,2025-08-01,2025-08-29,16.159748743718595
2025-08,Bancoomeva,1,Menor o igual a 3 SMLMV,1215.46,57,53,2025-08-01,2025-08-29,21.32385964912281
2025-08,Bancoomeva,2,Mayor a 3 SMLMV y menor o igual a 6 SMLMV,3165.73,147,137,2025-08-01,2025-08-29,21.53557823129252
2025-08,Bancoomeva,3,Mayor a 6 SMLMV y menor o igual a 12 SMLMV,5655.46,268,239,2025-08-01,2025-08-29,21.102462686567165
2025-08,Bancoomeva,4,Mayor a 12 SMLMV y menor o igual a 25 SMLMV,7957.42,390,318,2025-08-01,2025-08-29,20.403641025641026
2025-08,Bancoomeva,5,Mayor a 25 SMLMV y menor o igual a 100 SMLMV,12233.21,631,513,2025-08-01,2025-08-29,19.387020602218698
2025-08,Bancoomeva,6,Mayor a 100 SMLMV,871.07,50,49,2025-08-01,2025-08-29,17.421400000000002
2025-08,Coopcentral,1,Menor o igual a 3 SMLMV,12.0,1,1,2025-08-01,2025-08-01,12.0
2025-08,Coopcentral,2,Mayor a 3 SMLMV y menor o igual a 6 SMLMV,65.0,3,3,2025-08-08,2025-08-29,21.666666666666668
2025-08,Coopcentral,3,Mayor a 6 SMLMV y menor o igual a 12 SMLMV,190.0,10,10,2025-08-01,2025-08-29,19.0
2025-08,Coopcentral,4,Mayor a 12 SMLMV y menor o igual a 25 SMLMV,87.5,4,4,2025-08-01,2025-08-29,21.875
2025-08,Coopcentral,5,Mayor a 25 SMLMV y menor o igual a 100 SMLMV,60.39,4,4,2025-08-08,2025-08-29,15.0975
2025-08,Finandina,1,Menor o igual a 3 SMLMV,597.88,24,20,2025-08-01,2025-08-29,24.911666666666665
2025-08,Finandina,2,Mayor a 3 SMLMV y menor o igual a 6 SMLMV,2964.26,121,63,2025-08-01,2025-08-29,24.49801652892562
2025-08,Finandina,3,Mayor a 6 SMLMV y menor o igual a 12 SMLMV,3909.57,178,90,2025-08-01,2025-08-29,21.963876404494382
2025-08,Finandina,4,Mayor a 12 SMLMV y menor o igual a 25 SMLMV,6767.16,324,161,2025-08-01,2025-08-29,20.886296296296297
2025-08,Finandina,5,Mayor a 25 SMLMV y menor o igual a 100 SMLMV,2516.2,132,70,2025-08-01,2025-08-29,19.062121212121212
2025-08,Itaú,1,Menor o igual a 3 SMLMV,446.25,22,20,2025-08-01,2025-08-29,20.28409090909091
2025-08,Itaú,2,Mayor a 3 SMLMV y menor o igual a 6 SMLMV,1676.83,83,60,2025-08-01,2025-08-29,20.20277108433735
2025-08,Itaú,3,Mayor a 6 SMLMV y menor o igual a 12 SMLMV,4823.43,252,137,2025-08-01,2025-08-29,19.14059523809524
2025-08,Itaú,4,Mayor a 12 SMLMV y menor o igual a 25 SMLMV,8307.58,434,203,2025-08-01,2025-08-29,19.14188940092166
2025-08,Itaú,5,Mayor a 25 SMLMV y menor o igual a 100 SMLMV,17529.81,951,502,2025-08-01,2025-08-29,18.433028391167195
2025-08,Itaú,6,Mayor a 100 SMLMV,4650.23,259,175,2025-08-01,2025-08-29,17.954555984555984
2025-08,Lulo Bank,1,Menor o igual a 3 SMLMV,107412.24,5149,2938,2025-08-01,2025-08-29,20.860796271120606
2025-08,Lulo Bank,2,Mayor a 3 SMLMV y menor o igual a 6 SMLMV,48225.41,2216,1150,2025-08-01,2025-08-29,21.76236913357401
2025-08,Lulo Bank,3,Mayor a 6 SMLMV y menor o igual a 12 SMLMV,37309.26,1767,923,2025-08-01,2025-08-29,21.114465195246183
2025-08,Lulo Bank,4,Mayor a 12 SMLMV y menor o igual a 25 SMLMV,15679.16,761,426,2025-08-01,2025-08-29,20.60336399474376
2025-08,Lulo Bank,5,Mayor a 25 SMLMV y menor o igual a 100 SMLMV,2503.92,120,78,2025-08-01,2025-08-29,20.866
2025-08,MiBanco,1,Menor o igual a 3 SMLMV,73.75,3,3,2025-08-01,2025-08-15,24.583333333333332
2025-08,MiBanco,2,Mayor a 3 SMLMV y menor o igual a 6 SMLMV,98.6,4,4,2025-08-01,2025-08-15,24.65
2025-08,MiBanco,3,Mayor a 6 SMLMV y menor o igual a 12 SMLMV,48.9,2,2,2025-08-01,2025-08-01,24.45
2025-09,BBVA Colombia,1,Menor o igual a 3 SMLMV,108552.6,4617,1839,2025-09-05,2025-09-26,23.51150097465887
2025-09,BBVA Colombia,2,Mayor a 3 SMLMV y menor o igual a 6 SMLMV,48504.55,2184,1029,2025-09-05,2025-09-26,22.209043040293043
2025-09,BBVA Colombia,3,Mayor a 6 SMLMV y menor o igual a 12 SMLMV,55849.36,2593,1127,2025-09-05,2025-09-26,21.53851137678365
2025-09,BBVA Colombia,4,Mayor a 12 SMLMV y menor o igual a 25 SMLMV,68311.01,3216,1289,2025-09-05,2025-09-26,21.240985696517413
2025-09,BBVA Colombia,5,Mayor a 25 SMLMV y menor o igual a 100 SMLMV,49814.14,2514,1187,2025-09-05,2025-09-26,19.81469371519491
2025-09,BBVA Colombia,6,Mayor a 100 SMLMV,786.73,39,37,2025-09-05,2025-09-26,20.172564102564102
2025-09,Banco AV Villas,1,Menor o igual a 3 SMLMV,6175.71,279,237,2025-09-05,2025-09-26,22.135161290322582
2025-09,Banco AV Villas,2,Mayor a 3 SMLMV y menor o igual a 6 SMLMV,14683.539999999999,686,467,2025-09-05,2025-09-26,21.404577259475218
2025-09,Banco AV Villas,3,Mayor a 6 SMLMV y menor o igual a 12 SMLMV,23373.670000000002,1171,686,2025-09-05,2025-09-26,19.960435525192146
2025-09,Banco AV Villas,4,Mayor a 12 SMLMV y menor o igual a 25 SMLMV,19693.56,1072,611,2025-09-05,2025-09-26,18.370858208955227
2025-09,Banco AV Villas,5,Mayor a 25 SMLMV y menor o igual a 100 SMLMV,22670.6,1316,693,2025-09-05,2025-09-26,17.22689969604863
2025-09,Banco AV Villas,6,Mayor a 100 SMLMV,2611.0299999999997,158,115,2025-09-05,2025-09-26,16.525506329113924
2025-09,Banco Agrario,1,Menor o igual a 3 SMLMV,798.4200000000001,36,36,2025-09-05,2025-09-26,22.178333333333335
2025-09,Banco Agrario,2,Mayor a 3 SMLMV y menor o igual a 6 SMLMV,2679.42,121,121,2025-09-05,2025-09-26,22.14396694214876
2025-09,Banco Agrario,3,Mayor a 6 SMLMV y menor o igual a 12 SMLMV,3556.44,161,158,2025-09-05,2025-09-26,22.08968944099379
2025-09,Banco Agrario,4,Mayor a 12 SMLMV y menor o igual a 25 SMLMV,1977.1200000000001,90,90,2025-09-05,2025-09-26,21.968
2025-09,Banco Agrario,5,Mayor a 25 SMLMV y menor o igual a 100 SMLMV,750.0300000000001,34,34,2025-09-05,2025-09-26,22.059705882352944
2025-09,Banco Agrario,6,Mayor a 100 SMLMV,22.17,1,1,2025-09-26,2025-09-26,22.17
2025-09,Banco Caja Social,1,Menor o igual a 3 SMLMV,43553.26,1820,1348,2025-09-05,2025-09-26,23.930362637362638
2025-09,Banco Caja Social,2,Mayor a 3 SMLMV y menor o igual a 6 SMLMV,54738.53,2300,1495,2025-09-05,2025-09-26,23.799360869565216
2025-09,Banco Caja Social,3,Mayor a 6 SMLMV y menor o igual a 12 SMLMV,45087.02,1934,1288,2025-09-05,2025-09-26,23.312833505687692
2025-09,Banco Caja Social,4,Mayor a 12 SMLMV y menor o igual a 25 SMLMV,16423.18,751,526,2025-09-05,2025-09-26,21.868415446071904
2025-09,Banco Caja Social,5,Mayor a 25 SMLMV y menor o igual a 100 SMLMV,7124.81,379,291,2025-09-05,2025-09-26,18.798970976253297
2025-09,Banco Caja Social,6,Mayor a 100 SMLMV,276.7,17,16,2025-09-05,2025-09-26,16.276470588235295
2025-09,Banco Davibank,1,Menor o igual a 3 SMLMV,2742.87,115,113,2025-09-05,2025-09-26,23.85104347826087
2025-09,Banco Davibank,2,Mayor a 3 SMLMV y menor o igual a 6 SMLMV,6555.49,282,278,2025-09-05,2025-09-26,23.24641843971631
2025-09,Banco Davibank,3,Mayor a 6 SMLMV y menor o igual a 12 SMLMV,15591.710000000001,690,654,2025-09-05,2025-09-26,22.596681159420292
2025-09,Banco Davibank,4,Mayor a 12 SMLMV y menor o igual a 25 SMLMV,23819.48,1059,908,2025-09-05,2025-09-26,22.492426817752598
2025-09,Banco Davibank,5,Mayor a 25 SMLMV y menor o igual a 100 SMLMV,52304.13,2369,1195,2025-09-05,2025-09-26,22.07856901646264
2025-09,Banco Davibank,6,Mayor a 100 SMLMV,164793.82,7619,351,2025-09-05,2025-09-26,21.629324058275365
2025-09,Banco Davivienda,1,Menor o igual a 3 SMLMV,105305.11,4777,1697,2025-09-05,2025-09-26,22.044193008164118
2025-09,Banco Davivienda,2,Mayor a 3 SMLMV y menor o igual a 6 SMLMV,122532.72,5691,2277,2025-09-05,2025-09-26,21.530964681075382
2025-09,Banco Davivienda,3,Mayor a 6 SMLMV y menor o igual a 12 SMLMV,166791.07,7900,3255,2025-09-05,2025-09-26,21.112793670886077
2025-09,Banco Davivienda,4,Mayor a 12 SMLMV y menor o igual a 25 SMLMV,161259.68,7874,3344,2025-09-05,2025-09-26,20.48002032004064
2025-09,Banco Davivienda,5,Mayor a 25 SMLMV y menor o igual a 100 SMLMV,70543.63,3594,1738,2025-09-05,2025-09-26,19.628166388425154
2025-09,Banco Davivienda,6,Mayor a 100 SMLMV,93.3,5,5,2025-09-05,2025-09-26,18.66
2025-09,Banco Falabella,1,Menor o igual a 3 SMLMV,161712.36,6827,2164,2025-09-05,2025-09-26,23.687177383916797
2025-09,Banco Falabella,2,Mayor a 3 SMLMV y menor o igual a 6 SMLMV,133808.53,5620,1948,2025-09-05,2025-09-26,23.809346975088967
2025-09,Banco Falabella,3,Mayor a 6 SMLMV y menor o igual a 12 SMLMV,138026.6,5870,2255,2025-09-05,2025-09-26,23.51390119250426
2025-09,Banco Falabella,4,Mayor a 12 SMLMV y menor o igual a 25 SMLMV,39777.1,1875,1058,2025-09-05,2025-09-26,21.21445333333333
2025-09,Banco Falabella,5,Mayor a 25 SMLMV y menor o igual a 100 SMLMV,15690.67,809,542,2025-09-05,2025-09-26,19.395142150803462
2025-09,Banco Falabella,6,Mayor a 100 SMLMV,145.37,9,9,2025-09-05,2025-09-26,16.15222222222222
2025-09,Banco GNB Sudameris,2,Mayor a 3 SMLMV y menor o igual a 6 SMLMV,34.13,2,2,2025-09-12,2025-09-19,17.065
2025-09,Banco GNB Sudameris,3,Mayor a 6 SMLMV y menor o igual a 12 SMLMV,33.34,2,2,2025-09-05,2025-09-12,16.67
2025-09,Banco GNB Sudameris,5,Mayor a 25 SMLMV y menor o igual a 100 SMLMV,48.06,3,3,2025-09-05,2025-09-19,16.02
2025-09,Banco GNB Sudameris,6,Mayor a 100 SMLMV,30.62,2,2,2025-09-05,2025-09-26,15.31
2025-09,Banco Mundo Mujer,1,Menor o igual a 3 SMLMV,96271.59,3856,2317,2025-09-05,2025-09-26,24.96669865145228
2025-09,Banco Mundo Mujer,2,Mayor a 3 SMLMV y menor o igual a 6 SMLMV,58591.51,2346,1242,2025-09-05,2025-09-26,24.975068201193523
2025-09,Banco Mundo Mujer,3,Mayor a 6 SMLMV y menor o igual a 12 SMLMV,20611.43,827,571,2025-09-05,2025-09-26,24.923131801692865
2025-09,Banco Mundo Mujer,4,Mayor a 12 SMLMV y menor o igual a 25 SMLMV,3058.69,123,114,2025-09-05,2025-09-26,24.86739837398374
2025-09,Banco Popular,1,Menor o igual a 3 SMLMV,24.74,1,1,2025-09-19,2025-09-19,24.74
2025-09,Banco Popular,2,Mayor a 3 SMLMV y menor o igual a 6 SMLMV,46.769999999999996,2,2,2025-09-05,2025-09-26,23.384999999999998
2025-09,Banco Popular,3,Mayor a 6 SMLMV y menor o igual a 12 SMLMV,145.24,6,6,2025-09-05,2025-09-26,24.206666666666667
2025-09,Banco Popular,4,Mayor a 12 SMLMV y menor o igual a 25 SMLMV,21.9,1,1,2025-09-19,2025-09-19,21.9
2025-09,Banco Popular,5,Mayor a 25 SMLMV y menor o igual a 100 SMLMV,46.849999999999994,2,2,2025-09-26,2025-09-26,23.424999999999997
2025-09,Banco Santander,1,Menor o igual a 3 SMLMV,4.5,1,1,2025-09-26,2025-09-26,4.5
2025-09,Banco Santander,2,Mayor a 3 SMLMV y menor o igual a 6 SMLMV,16.76,1,1,2025-09-05,2025-09-05,16.76
2025-09,Banco Santander,3,Mayor a 6 SMLMV y menor o igual a 12 SMLMV,13.5,3,3,2025-09-26,2025-09-26,4.5
2025-09,Banco Santander,4,Mayor a 12 SMLMV y menor o igual a 25 SMLMV,4.5,1,1,2025-09-26,2025-09-26,4.5
2025-09,Banco Santander,5,Mayor a 25 SMLMV y menor o igual a 100 SMLMV,4.5,1,1,2025-09-26,2025-09-26,4.5
2025-09,Banco Serfinanza,1,Menor o igual a 3 SMLMV,874.4,45,42,2025-09-05,2025-09-26,19.43111111111111
2025-09,Banco Serfinanza,2,Mayor a 3 SMLMV y menor o igual a 6 SMLMV,2287.96,114,100,2025-09-05,2025-09-26,20.069824561403507
2025-09,Banco Serfinanza,3,Mayor a 6 SMLMV y menor o igual a 12 SMLMV,2011.74,108,88,2025-09-05,2025-09-26,18.627222222222223
2025-09,Banco Serfinanza,4,Mayor a 12 SMLMV y menor o igual a 25 SMLMV,1329.64,82,68,2025-09-05,2025-09-26,16.215121951219512
2025-09,Banco Serfinanza,5,Mayor a 25 SMLMV y menor o igual a 100 SMLMV,969.6600000000001,66,64,2025-09-05,2025-09-26,14.691818181818183
2025-09,Banco Serfinanza,6,Mayor a 100 SMLMV,50.2,4,4,2025-09-05,2025-09-12,12.55
2025-09,Banco Unión,1,Menor o igual a 3 SMLMV,124.5,5,5,2025-09-05,2025-09-26,24.9
2025-09,Banco Unión,2,Mayor a 3 SMLMV y menor o igual a 6 SMLMV,124.5,5,5,2025-09-19,2025-09-26,24.9
2025-09,Banco Unión,3,Mayor a 6 SMLMV y menor o igual a 12 SMLMV,124.5,5,5,2025-09-05,2025-09-19,24.9
2025-09,Banco Unión,4,Mayor a 12 SMLMV y menor o igual a 25 SMLMV,49.8,2,2,2025-09-19,2025-09-19,24.9
2025-09,Banco de Bogotá,1,Menor o igual a 3 SMLMV,388286.96,15915,5161,2025-09-05,2025-09-26,24.39754696826893
2025-09,Banco de Bogotá,2,Mayor a 3 SMLMV y menor o igual a 6 SMLMV,253686.68,10537,3558,2025-09-05,2025-09-26,24.07579766536965
2025-09,Banco de Bogotá,3,Mayor a 6 SMLMV y menor o igual a 12 SMLMV,169893.85,7215,2504,2025-09-05,2025-09-26,23.547311157311157
2025-09,Banco de Bogotá,4,Mayor a 12 SMLMV y menor o igual a 25 SMLMV,64305.89,2961,1439,2025-09-05,2025-09-26,21.717625802093888
2025-09,Banco de Bogotá,5,Mayor a 25 SMLMV y menor o igual a 100 SMLMV,44014.57,2380,1303,2025-09-05,2025-09-26,18.49351680672269
2025-09,Banco de Bogotá,6,Mayor a 100 SMLMV,3202.82,236,153,2025-09-05,2025-09-26,13.57127118644068
2025-09,Banco de Occidente,1,Menor o igual a 3 SMLMV,440.67,20,20,2025-09-05,2025-09-26,22.0335
2025-09,Banco de Occidente,2,Mayor a 3 SMLMV y menor o igual a 6 SMLMV,1654.66,79,72,2025-09-05,2025-09-26,20.945063291139242
2025-09,Banco de Occidente,3,Mayor a 6 SMLMV y menor o igual a 12 SMLMV,6234.02,293,178,2025-09-05,2025-09-26,21.27651877133106
2025-09,Banco de Occidente,4,Mayor a 12 SMLMV y menor o igual a 25 SMLMV,10591.31,513,251,2025-09-05,2025-09-26,20.645828460038985
2025-09,Banco de Occidente,5,Mayor a 25 SMLMV y menor o igual a 100 SMLMV,25094.99,1333,500,2025-09-05,2025-09-26,18.825948987246814
2025-09,Banco de Occidente,6,Mayor a 100 SMLMV,4743.25,280,139,2025-09-05,2025-09-26,16.94017857142857
2025-09,Bancolombia,1,Menor o igual a 3 SMLMV,137674.31,6113,1908,2025-09-05,2025-09-26,22.521562244397185
2025-09,Bancolombia,2,Mayor a 3 SMLMV y menor o igual a 6 SMLMV,216858.56,9777,3560,2025-09-05,2025-09-26,22.180480720057275
2025-09,Bancolombia,3,Mayor a 6 SMLMV y menor o igual a 12 SMLMV,236498.25,11024,3786,2025-09-05,2025-09-26,21.453034288824384
2025-09,Bancolombia,4,Mayor a 12 SMLMV y menor o igual a 25 SMLMV,160504.94,7899,2219,2025-09-05,2025-09-26,20.319653120648184
2025-09,Bancolombia,5,Mayor a 25 SMLMV y menor o igual a 100 SMLMV,135767.5,7201,2675,2025-09-05,2025-09-26,18.853978614081377
2025-09,Bancolombia,6,Mayor a 100 SMLMV,7978.8099999999995,490,306,2025-09-05,2025-09-26,16.283285714285714
2025-09,Bancoomeva,1,Menor o igual a 3 SMLMV,539.5,25,25,2025-09-05,2025-09-26,21.58
2025-09,Bancoomeva,2,Mayor a 3 SMLMV y menor o igual a 6 SMLMV,1748.34,82,79,2025-09-05,2025-09-26,21.32121951219512
2025-09,Bancoomeva,3,Mayor a 6 SMLMV y menor o igual a 12 SMLMV,3923.33,192,167,2025-09-05,2025-09-26,20.434010416666666
2025-09,Bancoomeva,4,Mayor a 12 SMLMV y menor o igual a 25 SMLMV,5333.32,270,228,2025-09-05,2025-09-26,19.753037037037036
2025-09,Bancoomeva,5,Mayor a 25 SMLMV y menor o igual a 100 SMLMV,9527.73,531,440,2025-09-05,2025-09-26,17.942994350282486
2025-09,Bancoomeva,6,Mayor a 100 SMLMV,1372.8,86,81,2025-09-05,2025-09-26,15.962790697674418
2025-09,Coopcentral,1,Menor o igual a 3 SMLMV,22.0,1,1,2025-09-05,2025-09-05,22.0
2025-09,Coopcentral,2,Mayor a 3 SMLMV y menor o igual a 6 SMLMV,95.0,5,5,2025-09-05,2025-09-19,19.0
2025-09,Coopcentral,3,Mayor a 6 SMLMV y menor o igual a 12 SMLMV,89.0,4,4,2025-09-05,2025-09-26,22.25
2025-09,Coopcentral,4,Mayor a 12 SMLMV y menor o igual a 25 SMLMV,92.39,5,5,2025-09-12,2025-09-26,18.478
2025-09,Coopcentral,5,Mayor a 25 SMLMV y menor o igual a 100 SMLMV,70.39,4,4,2025-09-12,2025-09-26,17.5975
2025-09,Finandina,1,Menor o igual a 3 SMLMV,447.25,18,13,2025-09-05,2025-09-26,24.84722222222222
2025-09,Finandina,2,Mayor a 3 SMLMV y menor o igual a 6 SMLMV,2977.04,124,66,2025-09-05,2025-09-26,24.008387096774193
2025-09,Finandina,3,Mayor a 6 SMLMV y menor o igual a 12 SMLMV,3448.02,157,85,2025-09-05,2025-09-26,21.961910828025477
2025-09,Finandina,4,Mayor a 12 SMLMV y menor o igual a 25 SMLMV,5254.7300000000005,255,118,2025-09-05,2025-09-26,20.60678431372549
2025-09,Finandina,5,Mayor a 25 SMLMV y menor o igual a 100 SMLMV,1677.27,87,64,2025-09-05,2025-09-26,19.278965517241378
2025-09,Itaú,1,Menor o igual a 3 SMLMV,381.84999999999997,19,17,2025-09-05,2025-09-26,20.09736842105263
2025-09,Itaú,2,Mayor a 3 SMLMV y menor o igual a 6 SMLMV,2214.93,112,77,2025-09-05,2025-09-26,19.776160714285712
2025-09,Itaú,3,Mayor a 6 SMLMV y menor o igual a 12 SMLMV,5385.7,281,148,2025-09-05,2025-09-26,19.166192170818505
2025-09,Itaú,4,Mayor a 12 SMLMV y menor o igual a 25 SMLMV,8627.23,455,209,2025-09-05,2025-09-26,18.960945054945054
2025-09,Itaú,5,Mayor a 25 SMLMV y menor o igual a 100 SMLMV,15994.12,893,450,2025-09-05,2025-09-26,17.910548712206047
2025-09,Itaú,6,Mayor a 100 SMLMV,3825.0,225,148,2025-09-05,2025-09-26,17.0
2025-09,Lulo Bank,1,Menor o igual a 3 SMLMV,68514.3,3203,1835,2025-09-05,2025-09-26,21.390665001561036
2025-09,Lulo Bank,2,Mayor a 3 SMLMV y menor o igual a 6 SMLMV,35250.47,1626,870,2025-09-05,2025-09-26,21.679255842558426
2025-09,Lulo Bank,3,Mayor a 6 SMLMV y menor o igual a 12 SMLMV,27492.06,1303,711,2025-09-05,2025-09-26,21.099048349961627
2025-09,Lulo Bank,4,Mayor a 12 SMLMV y menor o igual a 25 SMLMV,12418.55,605,336,2025-09-05,2025-09-26,20.526528925619832
2025-09,Lulo Bank,5,Mayor a 25 SMLMV y menor o igual a 100 SMLMV,2295.65,111,79,2025-09-05,2025-09-26,20.681531531531533
2025-10,BBVA Colombia,1,Menor o igual a 3 SMLMV,107979.3,4599,2049,2025-10-03,2025-10-31,23.478864970645795
2025-10,BBVA Colombia,2,Mayor a 3 SMLMV y menor o igual a 6 SMLMV,64910.1,2848,1340,2025-10-03,2025-10-31,22.791467696629212
2025-10,BBVA Colombia,3,Mayor a 6 SMLMV y menor o igual a 12 SMLMV,91436.95,4086,1732,2025-10-03,2025-10-31,22.378108174253548
2025-10,BBVA Colombia,4,Mayor a 12 SMLMV y menor o igual a 25 SMLMV,93795.91,4272,1764,2025-10-03,2025-10-31,21.955971441947565
2025-10,BBVA Colombia,5,Mayor a 25 SMLMV y menor o igual a 100 SMLMV,67892.11,3298,1586,2025-10-03,2025-10-31,20.58584293511219
2025-10,BBVA Colombia,6,Mayor a 100 SMLMV,867.04,43,38,2025-10-03,2025-10-31,20.163720930232557
2025-10,Banco AV Villas,1,Menor o igual a 3 SMLMV,7845.16,365,262,2025-10-03,2025-10-31,21.49358904109589
2025-10,Banco AV Villas,2,Mayor a 3 SMLMV y menor o igual a 6 SMLMV,17889.45,851,526,2025-10-03,2025-10-31,21.021680376028204
2025-10,Banco AV Villas,3,Mayor a 6 SMLMV y menor o igual a 12 SMLMV,28005.36,1432,775,2025-10-03,2025-10-31,19.5568156424581
2025-10,Banco AV Villas,4,Mayor a 12 SMLMV y menor o igual a 25 SMLMV,25353.26,1371,683,2025-10-03,2025-10-31,18.492530999270603
2025-10,Banco AV Villas,5,Mayor a 25 SMLMV y menor o igual a 100 SMLMV,30558.03,1770,845,2025-10-03,2025-10-31,17.264423728813558
2025-10,Banco AV Villas,6,Mayor a 100 SMLMV,3805.16,224,140,2025-10-03,2025-10-31,16.987321428571427
2025-10,Banco Agrario,1,Menor o igual a 3 SMLMV,1282.14,59,59,2025-10-03,2025-10-31,21.731186440677966
2025-10,Banco Agrario,2,Mayor a 3 SMLMV y menor o igual a 6 SMLMV,2910.02,134,134,2025-10-03,2025-10-31,21.716567164179104
2025-10,Banco Agrario,3,Mayor a 6 SMLMV y menor o igual a 12 SMLMV,5244.35,242,236,2025-10-03,2025-10-31,21.67086776859504
2025-10,Banco Agrario,4,Mayor a 12 SMLMV y menor o igual a 25 SMLMV,2871.96,133,132,2025-10-03,2025-10-31,21.593684210526316
2025-10,Banco Agrario,5,Mayor a 25 SMLMV y menor o igual a 100 SMLMV,1191.69,55,55,2025-10-03,2025-10-31,21.66709090909091
2025-10,Banco Agrario,6,Mayor a 100 SMLMV,86.4,4,4,2025-10-10,2025-10-31,21.6
2025-10,Banco Caja Social,1,Menor o igual a 3 SMLMV,50522.549999999996,2120,1581,2025-10-03,2025-10-31,23.83139150943396
2025-10,Banco Caja Social,2,Mayor a 3 SMLMV y menor o igual a 6 SMLMV,64393.37,2723,1849,2025-10-03,2025-10-31,23.647950789570327
2025-10,Banco Caja Social,3,Mayor a 6 SMLMV y menor o igual a 12 SMLMV,54792.29,2368,1533,2025-10-03,2025-10-31,23.13863597972973
2025-10,Banco Caja Social,4,Mayor a 12 SMLMV y menor o igual a 25 SMLMV,19957.82,920,651,2025-10-03,2025-10-31,21.69328260869565
2025-10,Banco Caja Social,5,Mayor a 25 SMLMV y menor o igual a 100 SMLMV,8774.97,469,353,2025-10-03,2025-10-31,18.709957356076757
2025-10,Banco Caja Social,6,Mayor a 100 SMLMV,304.45,20,19,2025-10-03,2025-10-31,15.2225
2025-10,Banco Davibank,1,Menor o igual a 3 SMLMV,3810.62,165,165,2025-10-03,2025-10-31,23.094666666666665
2025-10,Banco Davibank,2,Mayor a 3 SMLMV y menor o igual a 6 SMLMV,10708.36,471,467,2025-10-03,2025-10-31,22.735371549893845
2025-10,Banco Davibank,3,Mayor a 6 SMLMV y menor o igual a 12 SMLMV,21628.99,963,911,2025-10-03,2025-10-31,22.460010384215995
2025-10,Banco Davibank,4,Mayor a 12 SMLMV y menor o igual a 25 SMLMV,29819.81,1349,1088,2025-10-03,2025-10-31,22.105122312824314
2025-10,Banco Davibank,5,Mayor a 25 SMLMV y menor o igual a 100 SMLMV,66397.74,3077,1515,2025-10-03,2025-10-31,21.578726031849204
2025-10,Banco Davibank,6,Mayor a 100 SMLMV,210375.08,9975,453,2025-10-03,2025-10-31,21.090233583959897
2025-10,Banco Davivienda,1,Menor o igual a 3 SMLMV,137384.59,6277,2068,2025-10-03,2025-10-31,21.88698263501673
2025-10,Banco Davivienda,2,Mayor a 3 SMLMV y menor o igual a 6 SMLMV,160972.3,7476,2877,2025-10-03,2025-10-31,21.531875334403423
2025-10,Banco Davivienda,3,Mayor a 6 SMLMV y menor o igual a 12 SMLMV,221684.89,10470,4061,2025-10-03,2025-10-31,21.17334192932187
2025-10,Banco Davivienda,4,Mayor a 12 SMLMV y menor o igual a 25 SMLMV,203601.21,9905,3983,2025-10-03,2025-10-31,20.55539727410399
2025-10,Banco Davivienda,5,Mayor a 25 SMLMV y menor o igual a 100 SMLMV,95873.56,4871,2321,2025-10-03,2025-10-31,19.682521042907002
2025-10,Banco Davivienda,6,Mayor a 100 SMLMV,228.3,13,11,2025-10-03,2025-10-31,17.56153846153846
2025-10,Banco Falabella,1,Menor o igual a 3 SMLMV,191302.15,8259,2604,2025-10-03,2025-10-31,23.162870807603824
2025-10,Banco Falabella,2,Mayor a 3 SMLMV y menor o igual a 6 SMLMV,149833.07,6453,2311,2025-10-03,2025-10-31,23.219133736246707
2025-10,Banco Falabella,3,Mayor a 6 SMLMV y menor o igual a 12 SMLMV,158710.84,6916,2802,2025-10-03,2025-10-31,22.948357432041643
2025-10,Banco Falabella,4,Mayor a 12 SMLMV y menor o igual a 25 SMLMV,51461.11,2452,1328,2025-10-03,2025-10-31,20.987402120717782
2025-10,Banco Falabella,5,Mayor a 25 SMLMV y menor o igual a 100 SMLMV,21251.23,1114,725,2025-10-03,2025-10-31,19.076508078994614
2025-10,Banco Falabella,6,Mayor a 100 SMLMV,317.46,17,16,2025-10-03,2025-10-31,18.67411764705882
2025-10,Banco GNB Sudameris,2,Mayor a 3 SMLMV y menor o igual a 6 SMLMV,15.39,1,1,2025-10-31,2025-10-31,15.39
2025-10,Banco GNB Sudameris,3,Mayor a 6 SMLMV y menor o igual a 12 SMLMV,12.72,1,1,2025-10-17,2025-10-17,12.72
2025-10,Banco GNB Sudameris,4,Mayor a 12 SMLMV y menor o igual a 25 SMLMV,56.07,4,4,2025-10-17,2025-10-31,14.0175
2025-10,Banco GNB Sudameris,5,Mayor a 25 SMLMV y menor o igual a 100 SMLMV,72.87,5,5,2025-10-03,2025-10-31,14.574000000000002
2025-10,Banco Mundo Mujer,1,Menor o igual a 3 SMLMV,116154.34,4765,2891,2025-10-03,2025-10-31,24.3765666316894
2025-10,Banco Mundo Mujer,2,Mayor a 3 SMLMV y menor o igual a 6 SMLMV,67989.06,2788,1492,2025-10-03,2025-10-31,24.38631994261119
2025-10,Banco Mundo Mujer,3,Mayor a 6 SMLMV y menor o igual a 12 SMLMV,24050.77,989,677,2025-10-03,2025-10-31,24.318270980788675
2025-10,Banco Mundo Mujer,4,Mayor a 12 SMLMV y menor o igual a 25 SMLMV,3008.12,124,110,2025-10-03,2025-10-31,24.259032258064515
2025-10,Banco Popular,1,Menor o igual a 3 SMLMV,24.31,1,1,2025-10-24,2025-10-24,24.31
2025-10,Banco Popular,2,Mayor a 3 SMLMV y menor o igual a 6 SMLMV,121.25,5,5,2025-10-03,2025-10-31,24.25
2025-10,Banco Popular,3,Mayor a 6 SMLMV y menor o igual a 12 SMLMV,159.07999999999998,7,7,2025-10-03,2025-10-31,22.725714285714282
2025-10,Banco Popular,4,Mayor a 12 SMLMV y menor o igual a 25 SMLMV,48.31,2,2,2025-10-10,2025-10-24,24.155
2025-10,Banco Popular,5,Mayor a 25 SMLMV y menor o igual a 100 SMLMV,24.07,1,1,2025-10-10,2025-10-10,24.07
2025-10,Banco Santander,4,Mayor a 12 SMLMV y menor o igual a 25 SMLMV,28.12,3,2,2025-10-24,2025-10-24,9.373333333333333
2025-10,Banco Santander,5,Mayor a 25 SMLMV y menor o igual a 100 SMLMV,9.0,2,2,2025-10-24,2025-10-24,4.5
2025-10,Banco Serfinanza,1,Menor o igual a 3 SMLMV,2022.45,110,96,2025-10-03,2025-10-31,18.38590909090909
2025-10,Banco Serfinanza,2,Mayor a 3 SMLMV y menor o igual a 6 SMLMV,4469.1,238,187,2025-10-03,2025-10-31,18.777731092436976
2025-10,Banco Serfinanza,3,Mayor a 6 SMLMV y menor o igual a 12 SMLMV,4953.67,270,215,2025-10-03,2025-10-31,18.346925925925927
2025-10,Banco Serfinanza,4,Mayor a 12 SMLMV y menor o igual a 25 SMLMV,3601.91,215,174,2025-10-03,2025-10-31,16.75306976744186
2025-10,Banco Serfinanza,5,Mayor a 25 SMLMV y menor o igual a 100 SMLMV,1293.45,91,83,2025-10-03,2025-10-31,14.213736263736264
2025-10,Banco Serfinanza,6,Mayor a 100 SMLMV,68.0,5,5,2025-10-10,2025-10-31,13.6
2025-10,Banco Unión,1,Menor o igual a 3 SMLMV,72.92999999999999,3,3,2025-10-17,2025-10-31,24.31
2025-10,Banco Unión,2,Mayor a 3 SMLMV y menor o igual a 6 SMLMV,72.92999999999999,3,3,2025-10-17,2025-10-31,24.31
2025-10,Banco Unión,3,Mayor a 6 SMLMV y menor o igual a 12 SMLMV,340.55,14,9,2025-10-03,2025-10-31,24.325
2025-10,Banco Unión,4,Mayor a 12 SMLMV y menor o igual a 25 SMLMV,48.62,2,2,2025-10-10,2025-10-10,24.31
2025-10,Banco Unión,5,Mayor a 25 SMLMV y menor o igual a 100 SMLMV,115.99,5,5,2025-10-03,2025-10-31,23.198
2025-10,Banco Unión,6,Mayor a 100 SMLMV,18.75,1,1,2025-10-31,2025-10-31,18.75
2025-10,Banco de Bogotá,1,Menor o igual a 3 SMLMV,459081.76,19225,6077,2025-10-03,2025-10-31,23.87941534460338
2025-10,Banco de Bogotá,2,Mayor a 3 SMLMV y menor o igual a 6 SMLMV,306447.46,12981,4362,2025-10-03,2025-10-31,23.6073846390879
2025-10,Banco de Bogotá,3,Mayor a 6 SMLMV y menor o igual a 12 SMLMV,214164.01,9254,3337,2025-10-03,2025-10-31,23.14285822347093
2025-10,Banco de Bogotá,4,Mayor a 12 SMLMV y menor o igual a 25 SMLMV,90021.31,4160,1976,2025-10-03,2025-10-31,21.63973798076923
2025-10,Banco de Bogotá,5,Mayor a 25 SMLMV y menor o igual a 100 SMLMV,69414.09,3775,1929,2025-10-03,2025-10-31,18.387838410596025
2025-10,Banco de Bogotá,6,Mayor a 100 SMLMV,6686.0,468,307,2025-10-03,2025-10-31,14.286324786324787
2025-10,Banco de Occidente,1,Menor o igual a 3 SMLMV,836.1,39,37,2025-10-03,2025-10-31,21.43846153846154
2025-10,Banco de Occidente,2,Mayor a 3 SMLMV y menor o igual a 6 SMLMV,1801.84,83,69,2025-10-03,2025-10-31,21.7089156626506
2025-10,Banco de Occidente,3,Mayor a 6 SMLMV y menor o igual a 12 SMLMV,8045.44,376,240,2025-10-03,2025-10-31,21.397446808510637
2025-10,Banco de Occidente,4,Mayor a 12 SMLMV y menor o igual a 25 SMLMV,15450.07,746,338,2025-10-03,2025-10-31,20.710549597855227
2025-10,Banco de Occidente,5,Mayor a 25 SMLMV y menor o igual a 100 SMLMV,33310.01,1759,690,2025-10-03,2025-10-31,18.936901648664016
2025-10,Banco de Occidente,6,Mayor a 100 SMLMV,6167.91,352,177,2025-10-03,2025-10-31,17.522471590909092
2025-10,Bancolombia,1,Menor o igual a 3 SMLMV,224312.91,9948,3131,2025-10-03,2025-10-31,22.548543425814234
2025-10,Bancolombia,2,Mayor a 3 SMLMV y menor o igual a 6 SMLMV,308664.64,13936,5051,2025-10-03,2025-10-31,22.148725602755455
2025-10,Bancolombia,3,Mayor a 6 SMLMV y menor o igual a 12 SMLMV,323419.94,15131,4986,2025-10-03,2025-10-31,21.37465732601943
2025-10,Bancolombia,4,Mayor a 12 SMLMV y menor o igual a 25 SMLMV,227829.88,11160,3171,2025-10-03,2025-10-31,20.414863799283154
2025-10,Bancolombia,5,Mayor a 25 SMLMV y menor o igual a 100 SMLMV,186550.36000000002,9876,3520,2025-10-03,2025-10-31,18.889262859457272
2025-10,Bancolombia,6,Mayor a 100 SMLMV,11046.99,675,410,2025-10-03,2025-10-31,16.36591111111111
2025-10,Bancoomeva,1,Menor o igual a 3 SMLMV,558.71,28,28,2025-10-03,2025-10-31,19.953928571428573
2025-10,Bancoomeva,2,Mayor a 3 SMLMV y menor o igual a 6 SMLMV,1852.04,91,83,2025-10-03,2025-10-31,20.35208791208791
2025-10,Bancoomeva,3,Mayor a 6 SMLMV y menor o igual a 12 SMLMV,2852.94,142,122,2025-10-03,2025-10-31,20.09112676056338
2025-10,Bancoomeva,4,Mayor a 12 SMLMV y menor o igual a 25 SMLMV,5084.65,262,216,2025-10-03,2025-10-31,19.407061068702287
2025-10,Bancoomeva,5,Mayor a 25 SMLMV y menor o igual a 100 SMLMV,9128.69,512,421,2025-10-03,2025-10-31,17.82947265625
2025-10,Bancoomeva,6,Mayor a 100 SMLMV,1288.12,81,79,2025-10-03,2025-10-31,15.902716049382715
2025-10,Coopcentral,2,Mayor a 3 SMLMV y menor o igual a 6 SMLMV,37.0,2,2,2025-10-24,2025-10-24,18.5
2025-10,Coopcentral,3,Mayor a 6 SMLMV y menor o igual a 12 SMLMV,42.0,2,2,2025-10-03,2025-10-31,21.0
2025-10,Coopcentral,4,Mayor a 12 SMLMV y menor o igual a 25 SMLMV,110.0,7,7,2025-10-03,2025-10-31,15.714285714285714
2025-10,Coopcentral,5,Mayor a 25 SMLMV y menor o igual a 100 SMLMV,87.39,6,6,2025-10-03,2025-10-31,14.565
2025-10,Finandina,1,Menor o igual a 3 SMLMV,624.61,26,22,2025-10-03,2025-10-31,24.02346153846154
2025-10,Finandina,2,Mayor a 3 SMLMV y menor o igual a 6 SMLMV,2764.6,117,68,2025-10-03,2025-10-31,23.629059829059827
2025-10,Finandina,3,Mayor a 6 SMLMV y menor o igual a 12 SMLMV,3865.87,183,104,2025-10-03,2025-10-31,21.12497267759563
2025-10,Finandina,4,Mayor a 12 SMLMV y menor o igual a 25 SMLMV,5452.49,268,133,2025-10-03,2025-10-31,20.345111940298505
2025-10,Finandina,5,Mayor a 25 SMLMV y menor o igual a 100 SMLMV,1769.7,94,65,2025-10-03,2025-10-31,18.82659574468085
2025-10,Itaú,1,Menor o igual a 3 SMLMV,505.15999999999997,26,22,2025-10-03,2025-10-31,19.429230769230767
2025-10,Itaú,2,Mayor a 3 SMLMV y menor o igual a 6 SMLMV,2598.63,129,82,2025-10-03,2025-10-31,20.144418604651165
2025-10,Itaú,3,Mayor a 6 SMLMV y menor o igual a 12 SMLMV,6062.69,315,175,2025-10-03,2025-10-31,19.246634920634918
2025-10,Itaú,4,Mayor a 12 SMLMV y menor o igual a 25 SMLMV,11256.72,603,288,2025-10-03,2025-10-31,18.667860696517412
2025-10,Itaú,5,Mayor a 25 SMLMV y menor o igual a 100 SMLMV,19086.51,1073,521,2025-10-03,2025-10-31,17.78798695246971
2025-10,Itaú,6,Mayor a 100 SMLMV,3854.08,227,170,2025-10-03,2025-10-31,16.978325991189426
2025-10,Lulo Bank,1,Menor o igual a 3 SMLMV,78529.48,3739,2140,2025-10-03,2025-10-31,21.002802888472853
2025-10,Lulo Bank,2,Mayor a 3 SMLMV y menor o igual a 6 SMLMV,38061.8,1784,970,2025-10-03,2025-10-31,21.335089686098655
2025-10,Lulo Bank,3,Mayor a 6 SMLMV y menor o igual a 12 SMLMV,30043.35,1433,822,2025-10-03,2025-10-31,20.965352407536635
2025-10,Lulo Bank,4,Mayor a 12 SMLMV y menor o igual a 25 SMLMV,16379.47,810,487,2025-10-03,2025-10-31,20.221567901234568
2025-10,Lulo Bank,5,Mayor a 25 SMLMV y menor o igual a 100 SMLMV,3109.12,149,92,2025-10-03,2025-10-31,20.866577181208054
2025-11,BBVA Colombia,1,Menor o igual a 3 SMLMV,93714.21,3840,1635,2025-11-07,2025-11-28,24.404742187500002
2025-11,BBVA Colombia,2,Mayor a 3 SMLMV y menor o igual a 6 SMLMV,53330.95,2233,1047,2025-11-07,2025-11-28,23.88309449171518
2025-11,BBVA Colombia,3,Mayor a 6 SMLMV y menor o igual a 12 SMLMV,66897.36,2847,1257,2025-11-07,2025-11-28,23.497492096944153
2025-11,BBVA Colombia,4,Mayor a 12 SMLMV y menor o igual a 25 SMLMV,62924.69,2739,1204,2025-11-07,2025-11-28,22.9735998539613
2025-11,BBVA Colombia,5,Mayor a 25 SMLMV y menor o igual a 100 SMLMV,44126.590000000004,2052,1039,2025-11-07,2025-11-28,21.504186159844057
2025-11,BBVA Colombia,6,Mayor a 100 SMLMV,497.58,24,21,2025-11-07,2025-11-28,20.732499999999998
2025-11,Banco AV Villas,1,Menor o igual a 3 SMLMV,5607.23,250,175,2025-11-07,2025-11-28,22.428919999999998
2025-11,Banco AV Villas,2,Mayor a 3 SMLMV y menor o igual a 6 SMLMV,14553.68,670,348,2025-11-07,2025-11-28,21.721910447761193
2025-11,Banco AV Villas,3,Mayor a 6 SMLMV y menor o igual a 12 SMLMV,17927.64,895,443,2025-11-07,2025-11-28,20.030882681564247
2025-11,Banco AV Villas,4,Mayor a 12 SMLMV y menor o igual a 25 SMLMV,16448.46,870,400,2025-11-07,2025-11-28,18.906275862068963
2025-11,Banco AV Villas,5,Mayor a 25 SMLMV y menor o igual a 100 SMLMV,21830.93,1256,538,2025-11-07,2025-11-28,17.381313694267515
2025-11,Banco AV Villas,6,Mayor a 100 SMLMV,2684.99,156,93,2025-11-07,2025-11-28,17.211474358974357
2025-11,Banco Agrario,1,Menor o igual a 3 SMLMV,842.91,38,37,2025-11-07,2025-11-28,22.181842105263158
2025-11,Banco Agrario,2,Mayor a 3 SMLMV y menor o igual a 6 SMLMV,2413.13,109,108,2025-11-07,2025-11-28,22.138807339449542
2025-11,Banco Agrario,3,Mayor a 6 SMLMV y menor o igual a 12 SMLMV,4017.76,182,178,2025-11-07,2025-11-28,22.075604395604397
2025-11,Banco Agrario,4,Mayor a 12 SMLMV y menor o igual a 25 SMLMV,2195.68,100,97,2025-11-07,2025-11-28,21.956799999999998
2025-11,Banco Agrario,5,Mayor a 25 SMLMV y menor o igual a 100 SMLMV,1211.28,55,53,2025-11-07,2025-11-28,22.023272727272726
2025-11,Banco Agrario,6,Mayor a 100 SMLMV,22.16,1,1,2025-11-28,2025-11-28,22.16
2025-11,Banco Caja Social,1,Menor o igual a 3 SMLMV,42197.32,1756,1304,2025-11-07,2025-11-28,24.030364464692482
2025-11,Banco Caja Social,2,Mayor a 3 SMLMV y menor o igual a 6 SMLMV,57822.11,2416,1561,2025-11-07,2025-11-28,23.932992549668874
2025-11,Banco Caja Social,3,Mayor a 6 SMLMV y menor o igual a 12 SMLMV,47438.85,2035,1307,2025-11-07,2025-11-28,23.3114742014742
2025-11,Banco Caja Social,4,Mayor a 12 SMLMV y menor o igual a 25 SMLMV,17528.55,798,558,2025-11-07,2025-11-28,21.965601503759398
2025-11,Banco Caja Social,5,Mayor a 25 SMLMV y menor o igual a 100 SMLMV,6153.08,321,255,2025-11-07,2025-11-28,19.168473520249222
2025-11,Banco Caja Social,6,Mayor a 100 SMLMV,186.0,13,13,2025-11-07,2025-11-28,14.307692307692308
2025-11,Banco Davibank,1,Menor o igual a 3 SMLMV,3113.76,133,131,2025-11-07,2025-11-28,23.411729323308272
2025-11,Banco Davibank,2,Mayor a 3 SMLMV y menor o igual a 6 SMLMV,7613.28,326,322,2025-11-07,2025-11-28,23.35361963190184
2025-11,Banco Davibank,3,Mayor a 6 SMLMV y menor o igual a 12 SMLMV,16074.86,702,650,2025-11-07,2025-11-28,22.89866096866097
2025-11,Banco Davibank,4,Mayor a 12 SMLMV y menor o igual a 25 SMLMV,22644.79,1001,791,2025-11-07,2025-11-28,22.622167832167833
2025-11,Banco Davibank,5,Mayor a 25 SMLMV y menor o igual a 100 SMLMV,45885.81,2089,1022,2025-11-07,2025-11-28,21.965442795595976
2025-11,Banco Davibank,6,Mayor a 100 SMLMV,129503.97,6065,299,2025-11-07,2025-11-28,21.352674361088212
2025-11,Banco Davivienda,1,Menor o igual a 3 SMLMV,123839.52,5636,1766,2025-11-07,2025-11-28,21.97294535131299
2025-11,Banco Davivienda,2,Mayor a 3 SMLMV y menor o igual a 6 SMLMV,145708.76,6722,2579,2025-11-07,2025-11-28,21.676399880987802
2025-11,Banco Davivienda,3,Mayor a 6 SMLMV y menor o igual a 12 SMLMV,209354.19,9746,3634,2025-11-07,2025-11-28,21.48103734865586
2025-11,Banco Davivienda,4,Mayor a 12 SMLMV y menor o igual a 25 SMLMV,191104.55,9168,3524,2025-11-07,2025-11-28,20.84473712914485
2025-11,Banco Davivienda,5,Mayor a 25 SMLMV y menor o igual a 100 SMLMV,92170.3,4626,2154,2025-11-07,2025-11-28,19.924405533938607
2025-11,Banco Davivienda,6,Mayor a 100 SMLMV,230.95,13,10,2025-11-14,2025-11-28,17.765384615384615
2025-11,Banco Falabella,1,Menor o igual a 3 SMLMV,161511.66,6863,2126,2025-11-07,2025-11-28,23.533682063237652
2025-11,Banco Falabella,2,Mayor a 3 SMLMV y menor o igual a 6 SMLMV,133721.77,5648,2042,2025-11-07,2025-11-28,23.675950779036825
2025-11,Banco Falabella,3,Mayor a 6 SMLMV y menor o igual a 12 SMLMV,142662.37,6074,2363,2025-11-07,2025-11-28,23.48738393151136
2025-11,Banco Falabella,4,Mayor a 12 SMLMV y menor o igual a 25 SMLMV,41365.93,1975,1083,2025-11-07,2025-11-28,20.944774683544303
2025-11,Banco Falabella,5,Mayor a 25 SMLMV y menor o igual a 100 SMLMV,16091.58,846,576,2025-11-07,2025-11-28,19.02078014184397
2025-11,Banco Falabella,6,Mayor a 100 SMLMV,259.48,13,11,2025-11-07,2025-11-28,19.96
2025-11,Banco GNB Sudameris,2,Mayor a 3 SMLMV y menor o igual a 6 SMLMV,28.6,2,2,2025-11-14,2025-11-21,14.3
2025-11,Banco GNB Sudameris,3,Mayor a 6 SMLMV y menor o igual a 12 SMLMV,67.17,4,4,2025-11-07,2025-11-21,16.7925
2025-11,Banco GNB Sudameris,4,Mayor a 12 SMLMV y menor o igual a 25 SMLMV,78.86,5,5,2025-11-07,2025-11-28,15.772
2025-11,Banco GNB Sudameris,5,Mayor a 25 SMLMV y menor o igual a 100 SMLMV,43.31,3,3,2025-11-07,2025-11-14,14.436666666666667
2025-11,Banco GNB Sudameris,6,Mayor a 100 SMLMV,12.41,1,1,2025-11-28,2025-11-28,12.41
2025-11,Banco Mundo Mujer,1,Menor o igual a 3 SMLMV,91297.77,3662,2197,2025-11-07,2025-11-28,24.93112233752048
2025-11,Banco Mundo Mujer,2,Mayor a 3 SMLMV y menor o igual a 6 SMLMV,53891.21,2160,1168,2025-11-07,2025-11-28,24.94963425925926
2025-11,Banco Mundo Mujer,3,Mayor a 6 SMLMV y menor o igual a 12 SMLMV,19561.84,786,553,2025-11-07,2025-11-28,24.887837150127226
2025-11,Banco Mundo Mujer,4,Mayor a 12 SMLMV y menor o igual a 25 SMLMV,2308.45,93,84,2025-11-07,2025-11-28,24.822043010752687
2025-11,Banco Popular,2,Mayor a 3 SMLMV y menor o igual a 6 SMLMV,92.1,4,4,2025-11-21,2025-11-28,23.025
2025-11,Banco Popular,3,Mayor a 6 SMLMV y menor o igual a 12 SMLMV,41.81,2,2,2025-11-07,2025-11-21,20.905
2025-11,Banco Popular,4,Mayor a 12 SMLMV y menor o igual a 25 SMLMV,38.86,2,2,2025-11-07,2025-11-21,19.43
2025-11,Banco Popular,5,Mayor a 25 SMLMV y menor o igual a 100 SMLMV,24.19,1,1,2025-11-14,2025-11-14,24.19
2025-11,Banco Santander,2,Mayor a 3 SMLMV y menor o igual a 6 SMLMV,4.5,1,1,2025-11-28,2025-11-28,4.5
2025-11,Banco Santander,3,Mayor a 6 SMLMV y menor o igual a 12 SMLMV,4.5,1,1,2025-11-28,2025-11-28,4.5
2025-11,Banco Santander,4,Mayor a 12 SMLMV y menor o igual a 25 SMLMV,38.28,5,4,2025-11-28,2025-11-28,7.656000000000001
2025-11,Banco Santander,5,Mayor a 25 SMLMV y menor o igual a 100 SMLMV,22.5,5,3,2025-11-28,2025-11-28,4.5
2025-11,Banco Santander,6,Mayor a 100 SMLMV,9.0,2,2,2025-11-28,2025-11-28,4.5
2025-11,Banco Serfinanza,1,Menor o igual a 3 SMLMV,1699.8300000000002,89,85,2025-11-07,2025-11-28,19.09921348314607
2025-11,Banco Serfinanza,2,Mayor a 3 SMLMV y menor o igual a 6 SMLMV,2070.43,108,98,2025-11-07,2025-11-28,19.170648148148146
2025-11,Banco Serfinanza,3,Mayor a 6 SMLMV y menor o igual a 12 SMLMV,2289.49,121,108,2025-11-07,2025-11-28,18.921404958677684
2025-11,Banco Serfinanza,4,Mayor a 12 SMLMV y menor o igual a 25 SMLMV,1442.71,84,81,2025-11-07,2025-11-28,17.17511904761905
2025-11,Banco Serfinanza,5,Mayor a 25 SMLMV y menor o igual a 100 SMLMV,453.09000000000003,30,30,2025-11-07,2025-11-28,15.103000000000002
2025-11,Banco Serfinanza,6,Mayor a 100 SMLMV,18.02,1,1,2025-11-21,2025-11-21,18.02
2025-11,Banco Unión,1,Menor o igual a 3 SMLMV,149.39999999999998,6,6,2025-11-14,2025-11-28,24.899999999999995
2025-11,Banco Unión,2,Mayor a 3 SMLMV y menor o igual a 6 SMLMV,174.29999999999998,7,7,2025-11-07,2025-11-28,24.9
2025-11,Banco Unión,3,Mayor a 6 SMLMV y menor o igual a 12 SMLMV,199.2,8,7,2025-11-07,2025-11-28,24.9
2025-11,Banco Unión,4,Mayor a 12 SMLMV y menor o igual a 25 SMLMV,24.9,1,1,2025-11-21,2025-11-21,24.9
2025-11,Banco Unión,5,Mayor a 25 SMLMV y menor o igual a 100 SMLMV,24.9,1,1,2025-11-21,2025-11-21,24.9
2025-11,Banco de Bogotá,1,Menor o igual a 3 SMLMV,412811.04,16916,5172,2025-11-07,2025-11-28,24.403584771813666
2025-11,Banco de Bogotá,2,Mayor a 3 SMLMV y menor o igual a 6 SMLMV,264679.04,10969,3531,2025-11-07,2025-11-28,24.129732883581
2025-11,Banco de Bogotá,3,Mayor a 6 SMLMV y menor o igual a 12 SMLMV,175785.07,7454,2496,2025-11-07,2025-11-28,23.582649584115913
2025-11,Banco de Bogotá,4,Mayor a 12 SMLMV y menor o igual a 25 SMLMV,73266.14,3312,1455,2025-11-07,2025-11-28,22.121419082125605
2025-11,Banco de Bogotá,5,Mayor a 25 SMLMV y menor o igual a 100 SMLMV,50429.75,2687,1452,2025-11-07,2025-11-28,18.76804986974321
2025-11,Banco de Bogotá,6,Mayor a 100 SMLMV,5896.22,410,256,2025-11-07,2025-11-28,14.381024390243903
2025-11,Banco de Occidente,1,Menor o igual a 3 SMLMV,603.46,28,28,2025-11-07,2025-11-28,21.552142857142858
2025-11,Banco de Occidente,2,Mayor a 3 SMLMV y menor o igual a 6 SMLMV,1194.39,54,47,2025-11-07,2025-11-28,22.118333333333336
2025-11,Banco de Occidente,3,Mayor a 6 SMLMV y menor o igual a 12 SMLMV,5905.97,273,188,2025-11-07,2025-11-28,21.633589743589745
2025-11,Banco de Occidente,4,Mayor a 12 SMLMV y menor o igual a 25 SMLMV,11352.45,534,268,2025-11-07,2025-11-28,21.25926966292135
2025-11,Banco de Occidente,5,Mayor a 25 SMLMV y menor o igual a 100 SMLMV,24016.38,1238,476,2025-11-07,2025-11-28,19.39933764135703
2025-11,Banco de Occidente,6,Mayor a 100 SMLMV,4581.28,260,127,2025-11-07,2025-11-28,17.62030769230769
2025-11,Bancolombia,1,Menor o igual a 3 SMLMV,154483.79,6814,2666,2025-11-07,2025-11-28,22.671527737012035
2025-11,Bancolombia,2,Mayor a 3 SMLMV y menor o igual a 6 SMLMV,213367.11,9596,3710,2025-11-07,2025-11-28,22.235005210504376
2025-11,Bancolombia,3,Mayor a 6 SMLMV y menor o igual a 12 SMLMV,225100.05,10457,3553,2025-11-07,2025-11-28,21.52625514009754
2025-11,Bancolombia,4,Mayor a 12 SMLMV y menor o igual a 25 SMLMV,163096.03,7919,2622,2025-11-07,2025-11-28,20.595533526960473
2025-11,Bancolombia,5,Mayor a 25 SMLMV y menor o igual a 100 SMLMV,126567.46,6601,2808,2025-11-07,2025-11-28,19.173982729889413
2025-11,Bancolombia,6,Mayor a 100 SMLMV,9025.31,547,378,2025-11-07,2025-11-28,16.499652650822668
2025-11,Bancoomeva,1,Menor o igual a 3 SMLMV,365.15999999999997,18,18,2025-11-07,2025-11-28,20.286666666666665
2025-11,Bancoomeva,2,Mayor a 3 SMLMV y menor o igual a 6 SMLMV,799.91,41,40,2025-11-07,2025-11-28,19.509999999999998
2025-11,Bancoomeva,3,Mayor a 6 SMLMV y menor o igual a 12 SMLMV,1808.76,97,92,2025-11-07,2025-11-28,18.64701030927835
2025-11,Bancoomeva,4,Mayor a 12 SMLMV y menor o igual a 25 SMLMV,4380.3099999999995,248,214,2025-11-07,2025-11-28,17.662540322580643
2025-11,Bancoomeva,5,Mayor a 25 SMLMV y menor o igual a 100 SMLMV,9932.71,599,478,2025-11-07,2025-11-28,16.582153589315524
2025-11,Bancoomeva,6,Mayor a 100 SMLMV,2467.74,158,144,2025-11-07,2025-11-28,15.618607594936707
2025-11,Coopcentral,2,Mayor a 3 SMLMV y menor o igual a 6 SMLMV,23.0,1,1,2025-11-14,2025-11-14,23.0
2025-11,Coopcentral,3,Mayor a 6 SMLMV y menor o igual a 12 SMLMV,23.0,1,1,2025-11-21,2025-11-21,23.0
2025-11,Coopcentral,4,Mayor a 12 SMLMV y menor o igual a 25 SMLMV,21.0,1,1,2025-11-14,2025-11-14,21.0
2025-11,Coopcentral,5,Mayor a 25 SMLMV y menor o igual a 100 SMLMV,106.39,6,6,2025-11-07,2025-11-28,17.731666666666666
2025-11,Coopcentral,6,Mayor a 100 SMLMV,14.0,1,1,2025-11-14,2025-11-14,14.0
2025-11,Finandina,1,Menor o igual a 3 SMLMV,559.79,23,19,2025-11-07,2025-11-28,24.33869565217391
2025-11,Finandina,2,Mayor a 3 SMLMV y menor o igual a 6 SMLMV,2386.61,99,48,2025-11-07,2025-11-28,24.107171717171717
2025-11,Finandina,3,Mayor a 6 SMLMV y menor o igual a 12 SMLMV,2435.58,106,63,2025-11-07,2025-11-28,22.977169811320753
2025-11,Finandina,4,Mayor a 12 SMLMV y menor o igual a 25 SMLMV,3516.94,166,100,2025-11-07,2025-11-28,21.186385542168676
2025-11,Finandina,5,Mayor a 25 SMLMV y menor o igual a 100 SMLMV,1103.38,54,44,2025-11-07,2025-11-28,20.432962962962964
2025-11,Itaú,1,Menor o igual a 3 SMLMV,300.24,16,15,2025-11-07,2025-11-28,18.765
2025-11,Itaú,2,Mayor a 3 SMLMV y menor o igual a 6 SMLMV,1725.95,90,57,2025-11-07,2025-11-28,19.177222222222223
2025-11,Itaú,3,Mayor a 6 SMLMV y menor o igual a 12 SMLMV,4100.94,213,109,2025-11-07,2025-11-28,19.253239436619715
2025-11,Itaú,4,Mayor a 12 SMLMV y menor o igual a 25 SMLMV,7711.81,415,189,2025-11-07,2025-11-28,18.58267469879518
2025-11,Itaú,5,Mayor a 25 SMLMV y menor o igual a 100 SMLMV,13298.07,764,363,2025-11-07,2025-11-28,17.405850785340313
2025-11,Itaú,6,Mayor a 100 SMLMV,2488.02,148,111,2025-11-07,2025-11-28,16.810945945945946
2025-11,Lulo Bank,1,Menor o igual a 3 SMLMV,91167.62,4267,2245,2025-11-07,2025-11-28,21.365741738926644
2025-11,Lulo Bank,2,Mayor a 3 SMLMV y menor o igual a 6 SMLMV,44974.56,2075,932,2025-11-07,2025-11-28,21.674486746987952
2025-11,Lulo Bank,3,Mayor a 6 SMLMV y menor o igual a 12 SMLMV,35780.85,1696,832,2025-11-07,2025-11-28,21.097199292452828
2025-11,Lulo Bank,4,Mayor a 12 SMLMV y menor o igual a 25 SMLMV,14756.02,726,383,2025-11-07,2025-11-28,20.325096418732784
2025-11,Lulo Bank,5,Mayor a 25 SMLMV y menor o igual a 100 SMLMV,2836.4,142,92,2025-11-07,2025-11-28,19.974647887323943
2025-11,MiBanco,1,Menor o igual a 3 SMLMV,49.3,2,2,2025-11-07,2025-11-07,24.65
2025-11,MiBanco,2,Mayor a 3 SMLMV y menor o igual a 6 SMLMV,24.65,1,1,2025-11-21,2025-11-21,24.65
2025-12,BBVA Colombia,1,Menor o igual a 3 SMLMV,116450.19,4694,1882,2025-12-05,2025-12-26,24.80830634853004
2025-12,BBVA Colombia,2,Mayor a 3 SMLMV y menor o igual a 6 SMLMV,76233.16,3106,1268,2025-12-05,2025-12-26,24.54383773341919
2025-12,BBVA Colombia,3,Mayor a 6 SMLMV y menor o igual a 12 SMLMV,87577.06,3604,1514,2025-12-05,2025-12-26,24.299961154273028
2025-12,BBVA Colombia,4,Mayor a 12 SMLMV y menor o igual a 25 SMLMV,60551.55,2549,1128,2025-12-05,2025-12-26,23.755021577089057
2025-12,BBVA Colombia,5,Mayor a 25 SMLMV y menor o igual a 100 SMLMV,38020.88,1696,916,2025-12-05,2025-12-26,22.417971698113206
2025-12,BBVA Colombia,6,Mayor a 100 SMLMV,537.26,27,27,2025-12-05,2025-12-26,19.898518518518518
2025-12,Banco AV Villas,1,Menor o igual a 3 SMLMV,5096.54,225,174,2025-12-05,2025-12-26,22.65128888888889
2025-12,Banco AV Villas,2,Mayor a 3 SMLMV y menor o igual a 6 SMLMV,12729.77,585,344,2025-12-05,2025-12-26,21.7602905982906
2025-12,Banco AV Villas,3,Mayor a 6 SMLMV y menor o igual a 12 SMLMV,15782.17,781,411,2025-12-05,2025-12-26,20.20764404609475
2025-12,Banco AV Villas,4,Mayor a 12 SMLMV y menor o igual a 25 SMLMV,14125.52,748,390,2025-12-05,2025-12-26,18.88438502673797
2025-12,Banco AV Villas,5,Mayor a 25 SMLMV y menor o igual a 100 SMLMV,17683.71,1019,462,2025-12-05,2025-12-26,17.353984298331696
2025-12,Banco AV Villas,6,Mayor a 100 SMLMV,2439.56,145,93,2025-12-05,2025-12-26,16.82455172413793
2025-12,Banco Agrario,1,Menor o igual a 3 SMLMV,888.37,40,40,2025-12-05,2025-12-26,22.20925
2025-12,Banco Agrario,2,Mayor a 3 SMLMV y menor o igual a 6 SMLMV,1997.33,90,89,2025-12-05,2025-12-26,22.192555555555554
2025-12,Banco Agrario,3,Mayor a 6 SMLMV y menor o igual a 12 SMLMV,3583.59,162,162,2025-12-05,2025-12-26,22.120925925925928
2025-12,Banco Agrario,4,Mayor a 12 SMLMV y menor o igual a 25 SMLMV,1978.12,90,88,2025-12-05,2025-12-26,21.97911111111111
2025-12,Banco Agrario,5,Mayor a 25 SMLMV y menor o igual a 100 SMLMV,926.62,42,39,2025-12-05,2025-12-26,22.062380952380952
2025-12,Banco Agrario,6,Mayor a 100 SMLMV,133.06,6,6,2025-12-05,2025-12-26,22.176666666666666
2025-12,Banco Caja Social,1,Menor o igual a 3 SMLMV,37619.28,1566,1197,2025-12-05,2025-12-26,24.022528735632182
2025-12,Banco Caja Social,2,Mayor a 3 SMLMV y menor o igual a 6 SMLMV,43035.78,1798,1239,2025-12-05,2025-12-26,23.93536151279199
2025-12,Banco Caja Social,3,Mayor a 6 SMLMV y menor o igual a 12 SMLMV,36727.4,1578,1047,2025-12-05,2025-12-26,23.274651457541193
2025-12,Banco Caja Social,4,Mayor a 12 SMLMV y menor o igual a 25 SMLMV,13126.39,602,440,2025-12-05,2025-12-26,21.804634551495017
2025-12,Banco Caja Social,5,Mayor a 25 SMLMV y menor o igual a 100 SMLMV,6038.47,321,267,2025-12-05,2025-12-26,18.811433021806856
2025-12,Banco Caja Social,6,Mayor a 100 SMLMV,190.55,12,9,2025-12-05,2025-12-26,15.879166666666668
2025-12,Banco Contactar,1,Menor o igual a 3 SMLMV,524.58,21,19,2025-12-05,2025-12-05,24.98
2025-12,Banco Contactar,2,Mayor a 3 SMLMV y menor o igual a 6 SMLMV,99.92,4,4,2025-12-05,2025-12-05,24.98
2025-12,Banco Contactar,3,Mayor a 6 SMLMV y menor o igual a 12 SMLMV,49.96,2,2,2025-12-05,2025-12-05,24.98
2025-12,Banco Davibank,1,Menor o igual a 3 SMLMV,3000.92,129,128,2025-12-05,2025-12-26,23.26294573643411
2025-12,Banco Davibank,2,Mayor a 3 SMLMV y menor o igual a 6 SMLMV,6506.2,285,279,2025-12-05,2025-12-26,22.828771929824562
2025-12,Banco Davibank,3,Mayor a 6 SMLMV y menor o igual a 12 SMLMV,11290.14,507,469,2025-12-05,2025-12-26,22.26852071005917
2025-12,Banco Davibank,4,Mayor a 12 SMLMV y menor o igual a 25 SMLMV,16378.48,743,597,2025-12-05,2025-12-26,22.04371467025572
2025-12,Banco Davibank,5,Mayor a 25 SMLMV y menor o igual a 100 SMLMV,35932.96,1661,795,2025-12-05,2025-12-26,21.633329319686936
2025-12,Banco Davibank,6,Mayor a 100 SMLMV,76841.29,3628,209,2025-12-05,2025-12-26,21.180068908489524
2025-12,Banco Davivienda,1,Menor o igual a 3 SMLMV,103739.77,4633,1579,2025-12-05,2025-12-26,22.391489315778113
2025-12,Banco Davivienda,2,Mayor a 3 SMLMV y menor o igual a 6 SMLMV,122564.06,5571,2130,2025-12-05,2025-12-26,22.000369772033746
2025-12,Banco Davivienda,3,Mayor a 6 SMLMV y menor o igual a 12 SMLMV,174996.3,7971,3097,2025-12-05,2025-12-26,21.954121189311252
2025-12,Banco Davivienda,4,Mayor a 12 SMLMV y menor o igual a 25 SMLMV,143163.76,6708,2702,2025-12-05,2025-12-26,21.342242098986286
2025-12,Banco Davivienda,5,Mayor a 25 SMLMV y menor o igual a 100 SMLMV,76984.45,3791,1827,2025-12-05,2025-12-26,20.307161698760222
2025-12,Banco Davivienda,6,Mayor a 100 SMLMV,212.76,12,11,2025-12-05,2025-12-26,17.73
2025-12,Banco Falabella,1,Menor o igual a 3 SMLMV,148695.59,6293,2179,2025-12-05,2025-12-26,23.628728746225963
2025-12,Banco Falabella,2,Mayor a 3 SMLMV y menor o igual a 6 SMLMV,134337.29,5644,2054,2025-12-05,2025-12-26,23.801787739192065
2025-12,Banco Falabella,3,Mayor a 6 SMLMV y menor o igual a 12 SMLMV,131429.6,5594,2236,2025-12-05,2025-12-26,23.49474436896675
2025-12,Banco Falabella,4,Mayor a 12 SMLMV y menor o igual a 25 SMLMV,33360.97,1566,928,2025-12-05,2025-12-26,21.30330140485313
2025-12,Banco Falabella,5,Mayor a 25 SMLMV y menor o igual a 100 SMLMV,14494.2,755,495,2025-12-05,2025-12-26,19.197615894039735
2025-12,Banco Falabella,6,Mayor a 100 SMLMV,197.29,10,10,2025-12-05,2025-12-19,19.729
2025-12,Banco GNB Sudameris,2,Mayor a 3 SMLMV y menor o igual a 6 SMLMV,32.45,2,2,2025-12-19,2025-12-19,16.225
2025-12,Banco GNB Sudameris,4,Mayor a 12 SMLMV y menor o igual a 25 SMLMV,15.84,1,1,2025-12-19,2025-12-19,15.84
2025-12,Banco GNB Sudameris,5,Mayor a 25 SMLMV y menor o igual a 100 SMLMV,91.56,6,6,2025-12-05,2025-12-26,15.26
2025-12,Banco GNB Sudameris,6,Mayor a 100 SMLMV,40.11,3,3,2025-12-12,2025-12-26,13.37
2025-12,Banco Mundo Mujer,1,Menor o igual a 3 SMLMV,87611.76,3511,2204,2025-12-05,2025-12-26,24.953506123611504
2025-12,Banco Mundo Mujer,2,Mayor a 3 SMLMV y menor o igual a 6 SMLMV,47206.08,1890,1062,2025-12-05,2025-12-26,24.976761904761904
2025-12,Banco Mundo Mujer,3,Mayor a 6 SMLMV y menor o igual a 12 SMLMV,16579.98,665,503,2025-12-05,2025-12-26,24.932300751879698
2025-12,Banco Mundo Mujer,4,Mayor a 12 SMLMV y menor o igual a 25 SMLMV,2138.07,86,81,2025-12-05,2025-12-26,24.861279069767445
2025-12,Banco Popular,1,Menor o igual a 3 SMLMV,49.239999999999995,2,2,2025-12-26,2025-12-26,24.619999999999997
2025-12,Banco Popular,2,Mayor a 3 SMLMV y menor o igual a 6 SMLMV,24.34,1,1,2025-12-19,2025-12-19,24.34
2025-12,Banco Popular,3,Mayor a 6 SMLMV y menor o igual a 12 SMLMV,73.31,3,3,2025-12-12,2025-12-19,24.436666666666667
2025-12,Banco Popular,4,Mayor a 12 SMLMV y menor o igual a 25 SMLMV,69.92,3,3,2025-12-05,2025-12-19,23.30666666666667
2025-12,Banco Santander,3,Mayor a 6 SMLMV y menor o igual a 12 SMLMV,34.019999999999996,3,2,2025-12-19,2025-12-26,11.339999999999998
2025-12,Banco Santander,4,Mayor a 12 SMLMV y menor o igual a 25 SMLMV,9.0,2,1,2025-12-26,2025-12-26,4.5
2025-12,Banco Santander,5,Mayor a 25 SMLMV y menor o igual a 100 SMLMV,32.92,4,3,2025-12-05,2025-12-26,8.23
2025-12,Banco Serfinanza,1,Menor o igual a 3 SMLMV,2165.85,109,100,2025-12-05,2025-12-26,19.87018348623853
2025-12,Banco Serfinanza,2,Mayor a 3 SMLMV y menor o igual a 6 SMLMV,2494.57,123,115,2025-12-05,2025-12-26,20.281056910569106
2025-12,Banco Serfinanza,3,Mayor a 6 SMLMV y menor o igual a 12 SMLMV,1707.92,84,76,2025-12-05,2025-12-26,20.33238095238095
2025-12,Banco Serfinanza,4,Mayor a 12 SMLMV y menor o igual a 25 SMLMV,1257.3600000000001,67,63,2025-12-05,2025-12-26,18.766567164179108
2025-12,Banco Serfinanza,5,Mayor a 25 SMLMV y menor o igual a 100 SMLMV,459.31,32,32,2025-12-05,2025-12-26,14.3534375
2025-12,Banco Serfinanza,6,Mayor a 100 SMLMV,58.49,4,4,2025-12-12,2025-12-26,14.6225
2025-12,Banco Unión,1,Menor o igual a 3 SMLMV,249.20999999999998,10,10,2025-12-05,2025-12-26,24.921
2025-12,Banco Unión,2,Mayor a 3 SMLMV y menor o igual a 6 SMLMV,174.6,7,7,2025-12-05,2025-12-26,24.942857142857143
2025-12,Banco Unión,3,Mayor a 6 SMLMV y menor o igual a 12 SMLMV,248.99999999999997,10,6,2025-12-05,2025-12-26,24.9
2025-12,Banco Unión,4,Mayor a 12 SMLMV y menor o igual a 25 SMLMV,74.69999999999999,3,3,2025-12-12,2025-12-26,24.899999999999995
2025-12,Banco Unión,5,Mayor a 25 SMLMV y menor o igual a 100 SMLMV,24.9,1,1,2025-12-19,2025-12-19,24.9
2025-12,Banco de Bogotá,1,Menor o igual a 3 SMLMV,437656.17,17857,5343,2025-12-05,2025-12-26,24.508941591532732
2025-12,Banco de Bogotá,2,Mayor a 3 SMLMV y menor o igual a 6 SMLMV,259147.15,10676,3360,2025-12-05,2025-12-26,24.273805732484075
2025-12,Banco de Bogotá,3,Mayor a 6 SMLMV y menor o igual a 12 SMLMV,154530.56,6507,2385,2025-12-05,2025-12-26,23.74835715383433
2025-12,Banco de Bogotá,4,Mayor a 12 SMLMV y menor o igual a 25 SMLMV,72995.4,3254,1547,2025-12-05,2025-12-26,22.432513829133374
2025-12,Banco de Bogotá,5,Mayor a 25 SMLMV y menor o igual a 100 SMLMV,44712.17,2363,1320,2025-12-05,2025-12-26,18.921781633516716
2025-12,Banco de Bogotá,6,Mayor a 100 SMLMV,4365.03,308,229,2025-12-05,2025-12-26,14.172175324675324
2025-12,Banco de Occidente,1,Menor o igual a 3 SMLMV,597.51,27,26,2025-12-05,2025-12-26,22.13
2025-12,Banco de Occidente,2,Mayor a 3 SMLMV y menor o igual a 6 SMLMV,1220.8,57,49,2025-12-05,2025-12-26,21.417543859649122
2025-12,Banco de Occidente,3,Mayor a 6 SMLMV y menor o igual a 12 SMLMV,5645.26,263,168,2025-12-05,2025-12-26,21.464866920152094
2025-12,Banco de Occidente,4,Mayor a 12 SMLMV y menor o igual a 25 SMLMV,10484.33,489,237,2025-12-05,2025-12-26,21.44034764826176
2025-12,Banco de Occidente,5,Mayor a 25 SMLMV y menor o igual a 100 SMLMV,21331.63,1094,458,2025-12-05,2025-12-26,19.498747714808044
2025-12,Banco de Occidente,6,Mayor a 100 SMLMV,4355.18,247,119,2025-12-05,2025-12-26,17.632307692307695
2025-12,Bancolombia,1,Menor o igual a 3 SMLMV,148770.9,6492,2983,2025-12-05,2025-12-26,22.916035120147875
2025-12,Bancolombia,2,Mayor a 3 SMLMV y menor o igual a 6 SMLMV,194516.75,8648,3702,2025-12-05,2025-12-26,22.492686170212767
2025-12,Bancolombia,3,Mayor a 6 SMLMV y menor o igual a 12 SMLMV,200782.73,9266,3518,2025-12-05,2025-12-26,21.66875998273257
2025-12,Bancolombia,4,Mayor a 12 SMLMV y menor o igual a 25 SMLMV,145122.81,7000,2528,2025-12-05,2025-12-26,20.73183
2025-12,Bancolombia,5,Mayor a 25 SMLMV y menor o igual a 100 SMLMV,115944.05,6028,2743,2025-12-05,2025-12-26,19.234248506967486
2025-12,Bancolombia,6,Mayor a 100 SMLMV,10157.45,610,412,2025-12-05,2025-12-26,16.65155737704918
2025-12,Bancoomeva,1,Menor o igual a 3 SMLMV,597.77,27,25,2025-12-05,2025-12-26,22.139629629629628
2025-12,Bancoomeva,2,Mayor a 3 SMLMV y menor o igual a 6 SMLMV,1212.13,60,60,2025-12-05,2025-12-26,20.202166666666667
2025-12,Bancoomeva,3,Mayor a 6 SMLMV y menor o igual a 12 SMLMV,2479.07,127,119,2025-12-05,2025-12-26,19.52023622047244
2025-12,Bancoomeva,4,Mayor a 12 SMLMV y menor o igual a 25 SMLMV,3842.92,202,183,2025-12-05,2025-12-26,19.024356435643565
2025-12,Bancoomeva,5,Mayor a 25 SMLMV y menor o igual a 100 SMLMV,7475.8,424,357,2025-12-05,2025-12-26,17.631603773584906
2025-12,Bancoomeva,6,Mayor a 100 SMLMV,1131.47,68,67,2025-12-05,2025-12-26,16.639264705882354
2025-12,Coopcentral,1,Menor o igual a 3 SMLMV,21.0,1,1,2025-12-19,2025-12-19,21.0
2025-12,Coopcentral,2,Mayor a 3 SMLMV y menor o igual a 6 SMLMV,22.0,1,1,2025-12-26,2025-12-26,22.0
2025-12,Coopcentral,3,Mayor a 6 SMLMV y menor o igual a 12 SMLMV,61.39,3,3,2025-12-05,2025-12-26,20.463333333333335
2025-12,Coopcentral,4,Mayor a 12 SMLMV y menor o igual a 25 SMLMV,46.0,3,3,2025-12-05,2025-12-19,15.333333333333334
2025-12,Coopcentral,5,Mayor a 25 SMLMV y menor o igual a 100 SMLMV,55.0,3,3,2025-12-12,2025-12-26,18.333333333333332
2025-12,Finandina,1,Menor o igual a 3 SMLMV,297.51,12,12,2025-12-05,2025-12-26,24.7925
2025-12,Finandina,2,Mayor a 3 SMLMV y menor o igual a 6 SMLMV,1706.3,70,41,2025-12-05,2025-12-26,24.375714285714285
2025-12,Finandina,3,Mayor a 6 SMLMV y menor o igual a 12 SMLMV,2330.11,99,56,2025-12-05,2025-12-26,23.536464646464648
2025-12,Finandina,4,Mayor a 12 SMLMV y menor o igual a 25 SMLMV,3260.24,144,81,2025-12-05,2025-12-26,22.640555555555554
2025-12,Finandina,5,Mayor a 25 SMLMV y menor o igual a 100 SMLMV,858.15,40,30,2025-12-05,2025-12-26,21.45375
2025-12,Itaú,1,Menor o igual a 3 SMLMV,390.06,18,17,2025-12-05,2025-12-26,21.67
2025-12,Itaú,2,Mayor a 3 SMLMV y menor o igual a 6 SMLMV,2155.91,104,76,2025-12-05,2025-12-26,20.729903846153846
2025-12,Itaú,3,Mayor a 6 SMLMV y menor o igual a 12 SMLMV,5255.95,262,144,2025-12-05,2025-12-26,20.06087786259542
2025-12,Itaú,4,Mayor a 12 SMLMV y menor o igual a 25 SMLMV,7184.97,370,188,2025-12-05,2025-12-26,19.418837837837838
2025-12,Itaú,5,Mayor a 25 SMLMV y menor o igual a 100 SMLMV,11709.210000000001,642,355,2025-12-05,2025-12-26,18.238644859813085
2025-12,Itaú,6,Mayor a 100 SMLMV,2557.18,147,118,2025-12-05,2025-12-26,17.395782312925167
2025-12,Lulo Bank,1,Menor o igual a 3 SMLMV,87843.88,4230,2379,2025-12-05,2025-12-26,20.766874704491727
2025-12,Lulo Bank,2,Mayor a 3 SMLMV y menor o igual a 6 SMLMV,41895.97,1964,1008,2025-12-05,2025-12-26,21.331960285132382
2025-12,Lulo Bank,3,Mayor a 6 SMLMV y menor o igual a 12 SMLMV,36811.27,1791,883,2025-12-05,2025-12-26,20.553472920156334
2025-12,Lulo Bank,4,Mayor a 12 SMLMV y menor o igual a 25 SMLMV,15801.78,789,417,2025-12-05,2025-12-26,20.027604562737643
2025-12,Lulo Bank,5,Mayor a 25 SMLMV y menor o igual a 100 SMLMV,3447.11,179,109,2025-12-05,2025-12-26,19.25759776536313
2026-01,BBVA Colombia,1,Menor o igual a 3 SMLMV,160216.53,6602,2563,2026-01-02,2026-01-30,24.267877915783096
2026-01,BBVA Colombia,2,Mayor a 3 SMLMV y menor o igual a 6 SMLMV,83311.65,3462,1594,2026-01-02,2026-01-30,24.0646013864818
2026-01,BBVA Colombia,3,Mayor a 6 SMLMV y menor o igual a 12 SMLMV,79158.59,3326,1500,2026-01-02,2026-01-30,23.799936861094405
2026-01,BBVA Colombia,4,Mayor a 12 SMLMV y menor o igual a 25 SMLMV,59238.06,2531,1205,2026-01-02,2026-01-30,23.40500197550375
2026-01,BBVA Colombia,5,Mayor a 25 SMLMV y menor o igual a 100 SMLMV,37748.29,1666,926,2026-01-02,2026-01-30,22.658037214885955
2026-01,BBVA Colombia,6,Mayor a 100 SMLMV,502.45,24,20,2026-01-02,2026-01-30,20.935416666666665
2026-01,Bancien,5,Mayor a 25 SMLMV y menor o igual a 100 SMLMV,28.06,2,2,2026-01-30,2026-01-30,14.03
2026-01,Banco AV Villas,1,Menor o igual a 3 SMLMV,6309.65,285,221,2026-01-02,2026-01-30,22.139122807017543
2026-01,Banco AV Villas,2,Mayor a 3 SMLMV y menor o igual a 6 SMLMV,15063.12,710,398,2026-01-02,2026-01-30,21.215661971830986
2026-01,Banco AV Villas,3,Mayor a 6 SMLMV y menor o igual a 12 SMLMV,15193.74,764,432,2026-01-02,2026-01-30,19.887094240837698
2026-01,Banco AV Villas,4,Mayor a 12 SMLMV y menor o igual a 25 SMLMV,13175.46,710,386,2026-01-02,2026-01-30,18.556985915492955
2026-01,Banco AV Villas,5,Mayor a 25 SMLMV y menor o igual a 100 SMLMV,15396.8,893,456,2026-01-02,2026-01-30,17.241657334826428
2026-01,Banco AV Villas,6,Mayor a 100 SMLMV,1318.12,77,59,2026-01-02,2026-01-30,17.118441558441557
2026-01,Banco Agrario,1,Menor o igual a 3 SMLMV,1390.74,63,63,2026-01-02,2026-01-30,22.075238095238095
2026-01,Banco Agrario,2,Mayor a 3 SMLMV y menor o igual a 6 SMLMV,2841.8700000000003,131,131,2026-01-02,2026-01-30,21.693664122137406
2026-01,Banco Agrario,3,Mayor a 6 SMLMV y menor o igual a 12 SMLMV,3459.55,160,157,2026-01-02,2026-01-30,21.622187500000003
2026-01,Banco Agrario,4,Mayor a 12 SMLMV y menor o igual a 25 SMLMV,1406.5800000000002,65,64,2026-01-02,2026-01-30,21.63969230769231
2026-01,Banco Agrario,5,Mayor a 25 SMLMV y menor o igual a 100 SMLMV,694.1,32,32,2026-01-02,2026-01-30,21.690625
2026-01,Banco Agrario,6,Mayor a 100 SMLMV,43.2,2,2,2026-01-23,2026-01-30,21.6
2026-01,Banco Caja Social,1,Menor o igual a 3 SMLMV,51771.89,2154,1612,2026-01-02,2026-01-30,24.035232126276693
2026-01,Banco Caja Social,2,Mayor a 3 SMLMV y menor o igual a 6 SMLMV,55456.63,2322,1591,2026-01-02,2026-01-30,23.883130921619294
2026-01,Banco Caja Social,3,Mayor a 6 SMLMV y menor o igual a 12 SMLMV,33858.45,1480,1019,2026-01-02,2026-01-30,22.877331081081078
2026-01,Banco Caja Social,4,Mayor a 12 SMLMV y menor o igual a 25 SMLMV,10299.24,481,363,2026-01-02,2026-01-30,21.41214137214137
2026-01,Banco Caja Social,5,Mayor a 25 SMLMV y menor o igual a 100 SMLMV,4372.44,239,191,2026-01-02,2026-01-30,18.2947280334728
2026-01,Banco Caja Social,6,Mayor a 100 SMLMV,26.95,2,2,2026-01-02,2026-01-30,13.475
2026-01,Banco Davibank,1,Menor o igual a 3 SMLMV,4146.09,183,182,2026-01-02,2026-01-30,22.656229508196724
2026-01,Banco Davibank,2,Mayor a 3 SMLMV y menor o igual a 6 SMLMV,11203.03,508,500,2026-01-02,2026-01-30,22.053208661417322
2026-01,Banco Davibank,3,Mayor a 6 SMLMV y menor o igual a 12 SMLMV,17880.82,824,742,2026-01-02,2026-01-30,21.70002427184466
2026-01,Banco Davibank,4,Mayor a 12 SMLMV y menor o igual a 25 SMLMV,20812.26,983,767,2026-01-02,2026-01-30,21.172187182095623
2026-01,Banco Davibank,5,Mayor a 25 SMLMV y menor o igual a 100 SMLMV,42571.1,2070,938,2026-01-02,2026-01-30,20.56574879227053
2026-01,Banco Davibank,6,Mayor a 100 SMLMV,125011.1,6168,297,2026-01-02,2026-01-30,20.267688067444876
2026-01,Banco Davivienda,1,Menor o igual a 3 SMLMV,158767.02,6950,2182,2026-01-02,2026-01-30,22.844175539568344
2026-01,Banco Davivienda,2,Mayor a 3 SMLMV y menor o igual a 6 SMLMV,148714.91,6508,2369,2026-01-02,2026-01-30,22.85109250153657
2026-01,Banco Davivienda,3,Mayor a 6 SMLMV y menor o igual a 12 SMLMV,188441.9,8255,3019,2026-01-02,2026-01-30,22.827607510599634
2026-01,Banco Davivienda,4,Mayor a 12 SMLMV y menor o igual a 25 SMLMV,114442.47,5109,1954,2026-01-02,2026-01-30,22.40017028772754
2026-01,Banco Davivienda,5,Mayor a 25 SMLMV y menor o igual a 100 SMLMV,53415.89,2473,1181,2026-01-02,2026-01-30,21.599632025879497
2026-01,Banco Davivienda,6,Mayor a 100 SMLMV,38.16,2,2,2026-01-02,2026-01-09,19.08
2026-01,Banco Falabella,1,Menor o igual a 3 SMLMV,189339.92,8207,2854,2026-01-02,2026-01-30,23.07053978311198
2026-01,Banco Falabella,2,Mayor a 3 SMLMV y menor o igual a 6 SMLMV,184904.61,7936,2820,2026-01-02,2026-01-30,23.299472026209674
2026-01,Banco Falabella,3,Mayor a 6 SMLMV y menor o igual a 12 SMLMV,94478.57,4197,2033,2026-01-02,2026-01-30,22.510976888253516
2026-01,Banco Falabella,4,Mayor a 12 SMLMV y menor o igual a 25 SMLMV,40092.13,1924,1138,2026-01-02,2026-01-30,20.837905405405404
2026-01,Banco Falabella,5,Mayor a 25 SMLMV y menor o igual a 100 SMLMV,13501.99,715,512,2026-01-02,2026-01-30,18.883902097902098
2026-01,Banco Falabella,6,Mayor a 100 SMLMV,89.93,5,5,2026-01-02,2026-01-30,17.986
2026-01,Banco GNB Sudameris,3,Mayor a 6 SMLMV y menor o igual a 12 SMLMV,32.64,2,2,2026-01-09,2026-01-30,16.32
2026-01,Banco GNB Sudameris,4,Mayor a 12 SMLMV y menor o igual a 25 SMLMV,54.78,3,3,2026-01-09,2026-01-30,18.26
2026-01,Banco GNB Sudameris,5,Mayor a 25 SMLMV y menor o igual a 100 SMLMV,31.839999999999996,2,2,2026-01-09,2026-01-23,15.919999999999998
2026-01,Banco GNB Sudameris,6,Mayor a 100 SMLMV,12.0,1,1,2026-01-02,2026-01-02,12.0
2026-01,Banco Mundo Mujer,1,Menor o igual a 3 SMLMV,141832.84,5813,3250,2026-01-02,2026-01-30,24.399249956992946
2026-01,Banco Mundo Mujer,2,Mayor a 3 SMLMV y menor o igual a 6 SMLMV,38482.72,1573,981,2026-01-02,2026-01-30,24.46453909726637
2026-01,Banco Mundo Mujer,3,Mayor a 6 SMLMV y menor o igual a 12 SMLMV,13510.22,554,463,2026-01-02,2026-01-30,24.38667870036101
2026-01,Banco Mundo Mujer,4,Mayor a 12 SMLMV y menor o igual a 25 SMLMV,685.62,28,27,2026-01-02,2026-01-30,24.486428571428572
2026-01,Banco Popular,5,Mayor a 25 SMLMV y menor o igual a 100 SMLMV,24.46,1,1,2026-01-02,2026-01-02,24.46
2026-01,Banco Serfinanza,1,Menor o igual a 3 SMLMV,2090.79,102,92,2026-01-02,2026-01-30,20.497941176470587
2026-01,Banco Serfinanza,2,Mayor a 3 SMLMV y menor o igual a 6 SMLMV,1918.94,93,90,2026-01-02,2026-01-30,20.633763440860214
2026-01,Banco Serfinanza,3,Mayor a 6 SMLMV y menor o igual a 12 SMLMV,1243.24,61,57,2026-01-02,2026-01-30,20.380983606557376
2026-01,Banco Serfinanza,4,Mayor a 12 SMLMV y menor o igual a 25 SMLMV,705.82,38,34,2026-01-02,2026-01-30,18.57421052631579
2026-01,Banco Serfinanza,5,Mayor a 25 SMLMV y menor o igual a 100 SMLMV,396.81,24,24,2026-01-02,2026-01-30,16.53375
2026-01,Banco Serfinanza,6,Mayor a 100 SMLMV,71.0,4,4,2026-01-02,2026-01-16,17.75
2026-01,Banco Unión,1,Menor o igual a 3 SMLMV,218.94,9,9,2026-01-02,2026-01-30,24.326666666666668
2026-01,Banco Unión,2,Mayor a 3 SMLMV y menor o igual a 6 SMLMV,121.55,5,5,2026-01-09,2026-01-30,24.31
2026-01,Banco Unión,3,Mayor a 6 SMLMV y menor o igual a 12 SMLMV,291.82,12,12,2026-01-02,2026-01-30,24.31833333333333
2026-01,Banco Unión,4,Mayor a 12 SMLMV y menor o igual a 25 SMLMV,24.31,1,1,2026-01-30,2026-01-30,24.31
2026-01,Banco Unión,6,Mayor a 100 SMLMV,18.02,1,1,2026-01-23,2026-01-23,18.02
2026-01,Banco de Bogotá,1,Menor o igual a 3 SMLMV,573903.88,23973,9000,2026-01-02,2026-01-30,23.939593709589957
2026-01,Banco de Bogotá,2,Mayor a 3 SMLMV y menor o igual a 6 SMLMV,286270.12,12051,4584,2026-01-02,2026-01-30,23.754885071778276
2026-01,Banco de Bogotá,3,Mayor a 6 SMLMV y menor o igual a 12 SMLMV,172125.1,7391,3008,2026-01-02,2026-01-30,23.288472466513326
2026-01,Banco de Bogotá,4,Mayor a 12 SMLMV y menor o igual a 25 SMLMV,76769.65,3510,1726,2026-01-02,2026-01-30,21.871695156695154
2026-01,Banco de Bogotá,5,Mayor a 25 SMLMV y menor o igual a 100 SMLMV,58584.34,3220,1559,2026-01-02,2026-01-30,18.193894409937887
2026-01,Banco de Bogotá,6,Mayor a 100 SMLMV,4580.78,318,204,2026-01-02,2026-01-30,14.404968553459119
2026-01,Banco de Occidente,1,Menor o igual a 3 SMLMV,1406.1,62,60,2026-01-02,2026-01-30,22.679032258064513
2026-01,Banco de Occidente,2,Mayor a 3 SMLMV y menor o igual a 6 SMLMV,2830.49,128,100,2026-01-02,2026-01-30,22.113203125
2026-01,Banco de Occidente,3,Mayor a 6 SMLMV y menor o igual a 12 SMLMV,7670.76,350,199,2026-01-02,2026-01-30,21.916457142857144
2026-01,Banco de Occidente,4,Mayor a 12 SMLMV y menor o igual a 25 SMLMV,13087.63,604,301,2026-01-02,2026-01-30,21.668261589403972
2026-01,Banco de Occidente,5,Mayor a 25 SMLMV y menor o igual a 100 SMLMV,24630.7,1254,514,2026-01-02,2026-01-30,19.64170653907496
2026-01,Banco de Occidente,6,Mayor a 100 SMLMV,2967.7599999999998,165,100,2026-01-02,2026-01-30,17.986424242424242
2026-01,Bancolombia,1,Menor o igual a 3 SMLMV,129520.1,5901,2807,2026-01-02,2026-01-30,21.948839179800036
2026-01,Bancolombia,2,Mayor a 3 SMLMV y menor o igual a 6 SMLMV,257601.74,11651,5239,2026-01-02,2026-01-30,22.10983949875547
2026-01,Bancolombia,3,Mayor a 6 SMLMV y menor o igual a 12 SMLMV,171894.1,8213,3024,2026-01-02,2026-01-30,20.929514184828932
2026-01,Bancolombia,4,Mayor a 12 SMLMV y menor o igual a 25 SMLMV,148094.88,7236,2768,2026-01-02,2026-01-30,20.466401326699835
2026-01,Bancolombia,5,Mayor a 25 SMLMV y menor o igual a 100 SMLMV,104622.07,5429,2683,2026-01-02,2026-01-30,19.270965186958925
2026-01,Bancolombia,6,Mayor a 100 SMLMV,5524.96,325,256,2026-01-02,2026-01-30,16.999876923076922
2026-01,Bancoomeva,1,Menor o igual a 3 SMLMV,1170.52,53,53,2026-01-02,2026-01-30,22.085283018867923
2026-01,Bancoomeva,2,Mayor a 3 SMLMV y menor o igual a 6 SMLMV,1773.81,86,83,2026-01-02,2026-01-30,20.625697674418603
2026-01,Bancoomeva,3,Mayor a 6 SMLMV y menor o igual a 12 SMLMV,3207.89,158,151,2026-01-02,2026-01-30,20.303101265822782
2026-01,Bancoomeva,4,Mayor a 12 SMLMV y menor o igual a 25 SMLMV,4637.99,234,212,2026-01-02,2026-01-30,19.820470085470085
2026-01,Bancoomeva,5,Mayor a 25 SMLMV y menor o igual a 100 SMLMV,6724.68,354,318,2026-01-02,2026-01-30,18.99627118644068
2026-01,Bancoomeva,6,Mayor a 100 SMLMV,573.27,35,35,2026-01-02,2026-01-30,16.379142857142856
2026-01,Coopcentral,2,Mayor a 3 SMLMV y menor o igual a 6 SMLMV,45.0,2,2,2026-01-09,2026-01-23,22.5
2026-01,Coopcentral,3,Mayor a 6 SMLMV y menor o igual a 12 SMLMV,56.0,3,3,2026-01-02,2026-01-30,18.666666666666668
2026-01,Coopcentral,4,Mayor a 12 SMLMV y menor o igual a 25 SMLMV,30.0,2,2,2026-01-09,2026-01-16,15.0
2026-01,Coopcentral,5,Mayor a 25 SMLMV y menor o igual a 100 SMLMV,64.0,4,4,2026-01-02,2026-01-23,16.0
2026-01,Finandina,1,Menor o igual a 3 SMLMV,408.68,17,16,2026-01-02,2026-01-30,24.04
2026-01,Finandina,2,Mayor a 3 SMLMV y menor o igual a 6 SMLMV,1375.6499999999999,57,44,2026-01-02,2026-01-30,24.134210526315787
2026-01,Finandina,3,Mayor a 6 SMLMV y menor o igual a 12 SMLMV,2466.85,105,60,2026-01-02,2026-01-30,23.493809523809524
2026-01,Finandina,4,Mayor a 12 SMLMV y menor o igual a 25 SMLMV,3346.98,145,87,2026-01-02,2026-01-30,23.082620689655172
2026-01,Finandina,5,Mayor a 25 SMLMV y menor o igual a 100 SMLMV,981.5699999999999,44,31,2026-01-02,2026-01-30,22.30840909090909
2026-01,Itaú,1,Menor o igual a 3 SMLMV,1146.1200000000001,55,46,2026-01-09,2026-01-30,20.838545454545457
2026-01,Itaú,2,Mayor a 3 SMLMV y menor o igual a 6 SMLMV,3975.34,192,135,2026-01-02,2026-01-30,20.704895833333335
2026-01,Itaú,3,Mayor a 6 SMLMV y menor o igual a 12 SMLMV,8011.51,399,204,2026-01-02,2026-01-30,20.078972431077695
2026-01,Itaú,4,Mayor a 12 SMLMV y menor o igual a 25 SMLMV,9606.14,500,251,2026-01-02,2026-01-30,19.21228
2026-01,Itaú,5,Mayor a 25 SMLMV y menor o igual a 100 SMLMV,14591.61,813,419,2026-01-02,2026-01-30,17.94785977859779
2026-01,Itaú,6,Mayor a 100 SMLMV,2744.58,156,125,2026-01-02,2026-01-30,17.593461538461536
2026-01,Lulo Bank,1,Menor o igual a 3 SMLMV,96705.15,4593,2659,2026-01-02,2026-01-30,21.054898758981057
2026-01,Lulo Bank,2,Mayor a 3 SMLMV y menor o igual a 6 SMLMV,45057.27,2134,1072,2026-01-02,2026-01-30,21.11399718837863
2026-01,Lulo Bank,3,Mayor a 6 SMLMV y menor o igual a 12 SMLMV,36586.77,1757,912,2026-01-02,2026-01-30,20.823431986340353
2026-01,Lulo Bank,4,Mayor a 12 SMLMV y menor o igual a 25 SMLMV,14078.39,703,390,2026-01-02,2026-01-30,20.02615931721195
2026-01,Lulo Bank,5,Mayor a 25 SMLMV y menor o igual a 100 SMLMV,3270.71,168,116,2026-01-02,2026-01-30,19.468511904761904
2026-02,BBVA Colombia,1,Menor o igual a 3 SMLMV,123058.35,4960,1943,2026-02-06,2026-02-27,24.81015120967742
2026-02,BBVA Colombia,2,Mayor a 3 SMLMV y menor o igual a 6 SMLMV,89687.45,3655,1425,2026-02-06,2026-02-27,24.53829001367989
2026-02,BBVA Colombia,3,Mayor a 6 SMLMV y menor o igual a 12 SMLMV,58172.76,2437,1151,2026-02-06,2026-02-27,23.870644234714813
2026-02,BBVA Colombia,4,Mayor a 12 SMLMV y menor o igual a 25 SMLMV,49012.28,2094,992,2026-02-06,2026-02-27,23.406055396370583
2026-02,BBVA Colombia,5,Mayor a 25 SMLMV y menor o igual a 100 SMLMV,39209.07,1737,927,2026-02-06,2026-02-27,22.57286701208981
2026-02,BBVA Colombia,6,Mayor a 100 SMLMV,477.34,24,24,2026-02-06,2026-02-27,19.889166666666664
2026-02,Banco AV Villas,1,Menor o igual a 3 SMLMV,5497.57,253,204,2026-02-06,2026-02-27,21.729525691699603
2026-02,Banco AV Villas,2,Mayor a 3 SMLMV y menor o igual a 6 SMLMV,15531.06,724,421,2026-02-06,2026-02-27,21.451740331491713
2026-02,Banco AV Villas,3,Mayor a 6 SMLMV y menor o igual a 12 SMLMV,17740.09,872,482,2026-02-06,2026-02-27,20.34413990825688
2026-02,Banco AV Villas,4,Mayor a 12 SMLMV y menor o igual a 25 SMLMV,15049.82,779,380,2026-02-06,2026-02-27,19.31940949935815
2026-02,Banco AV Villas,5,Mayor a 25 SMLMV y menor o igual a 100 SMLMV,17777.17,996,442,2026-02-06,2026-02-27,17.848564257028112
2026-02,Banco AV Villas,6,Mayor a 100 SMLMV,1023.87,59,44,2026-02-06,2026-02-27,17.35372881355932
2026-02,Banco Agrario,1,Menor o igual a 3 SMLMV,951.9000000000001,42,42,2026-02-06,2026-02-27,22.664285714285718
2026-02,Banco Agrario,2,Mayor a 3 SMLMV y menor o igual a 6 SMLMV,2544.07,114,113,2026-02-06,2026-02-27,22.31640350877193
2026-02,Banco Agrario,3,Mayor a 6 SMLMV y menor o igual a 12 SMLMV,3953.77,178,177,2026-02-06,2026-02-27,22.212191011235955
2026-02,Banco Agrario,4,Mayor a 12 SMLMV y menor o igual a 25 SMLMV,2010.9,91,87,2026-02-06,2026-02-27,22.0978021978022
2026-02,Banco Agrario,5,Mayor a 25 SMLMV y menor o igual a 100 SMLMV,913.13,41,39,2026-02-06,2026-02-27,22.271463414634145
2026-02,Banco Agrario,6,Mayor a 100 SMLMV,22.37,1,1,2026-02-13,2026-02-13,22.37
2026-02,Banco Caja Social,1,Menor o igual a 3 SMLMV,41700.61,1734,1307,2026-02-06,2026-02-27,24.048794694348327
2026-02,Banco Caja Social,2,Mayor a 3 SMLMV y menor o igual a 6 SMLMV,52158.19,2189,1469,2026-02-06,2026-02-27,23.82740520785747
2026-02,Banco Caja Social,3,Mayor a 6 SMLMV y menor o igual a 12 SMLMV,36911.07,1619,1086,2026-02-06,2026-02-27,22.798684373069797
2026-02,Banco Caja Social,4,Mayor a 12 SMLMV y menor o igual a 25 SMLMV,11712.48,548,392,2026-02-06,2026-02-27,21.373138686131387
2026-02,Banco Caja Social,5,Mayor a 25 SMLMV y menor o igual a 100 SMLMV,4737.81,262,214,2026-02-06,2026-02-27,18.08324427480916
2026-02,Banco Caja Social,6,Mayor a 100 SMLMV,62.050000000000004,4,4,2026-02-06,2026-02-27,15.512500000000001
2026-02,Banco Davibank,1,Menor o igual a 3 SMLMV,4436.35,190,187,2026-02-06,2026-02-27,23.34921052631579
2026-02,Banco Davibank,2,Mayor a 3 SMLMV y menor o igual a 6 SMLMV,9972.16,421,414,2026-02-06,2026-02-27,23.686840855106887
2026-02,Banco Davibank,3,Mayor a 6 SMLMV y menor o igual a 12 SMLMV,14764.789999999999,633,588,2026-02-06,2026-02-27,23.32510268562401
2026-02,Banco Davibank,4,Mayor a 12 SMLMV y menor o igual a 25 SMLMV,20463.31,896,688,2026-02-06,2026-02-27,22.838515625000003
2026-02,Banco Davibank,5,Mayor a 25 SMLMV y menor o igual a 100 SMLMV,40586.55,1823,866,2026-02-06,2026-02-27,22.26360394953374
2026-02,Banco Davibank,6,Mayor a 100 SMLMV,98496.42,4521,246,2026-02-06,2026-02-27,21.786423357664233
2026-02,Banco Davivienda,1,Menor o igual a 3 SMLMV,132569.41,5615,1797,2026-02-06,2026-02-27,23.60986821015138
2026-02,Banco Davivienda,2,Mayor a 3 SMLMV y menor o igual a 6 SMLMV,124955.62,5347,1956,2026-02-06,2026-02-27,23.36929493173742
2026-02,Banco Davivienda,3,Mayor a 6 SMLMV y menor o igual a 12 SMLMV,164470.18,7090,2655,2026-02-06,2026-02-27,23.19748660084626
2026-02,Banco Davivienda,4,Mayor a 12 SMLMV y menor o igual a 25 SMLMV,89796.34,4038,1559,2026-02-06,2026-02-27,22.23782565626548
2026-02,Banco Davivienda,5,Mayor a 25 SMLMV y menor o igual a 100 SMLMV,42591.07,1955,922,2026-02-06,2026-02-27,21.78571355498721
2026-02,Banco Falabella,1,Menor o igual a 3 SMLMV,144920.29,6145,2199,2026-02-06,2026-02-27,23.58344833197722
2026-02,Banco Falabella,2,Mayor a 3 SMLMV y menor o igual a 6 SMLMV,158675.99,6614,2400,2026-02-06,2026-02-27,23.990926821892952
2026-02,Banco Falabella,3,Mayor a 6 SMLMV y menor o igual a 12 SMLMV,77700.65,3384,1682,2026-02-06,2026-02-27,22.961184988179667
2026-02,Banco Falabella,4,Mayor a 12 SMLMV y menor o igual a 25 SMLMV,33415.38,1577,888,2026-02-06,2026-02-27,21.18920735573874
2026-02,Banco Falabella,5,Mayor a 25 SMLMV y menor o igual a 100 SMLMV,10376.12,549,406,2026-02-06,2026-02-27,18.900036429872497
2026-02,Banco Falabella,6,Mayor a 100 SMLMV,120.77,6,6,2026-02-13,2026-02-27,20.128333333333334
2026-02,Banco GNB Sudameris,3,Mayor a 6 SMLMV y menor o igual a 12 SMLMV,36.91,2,2,2026-02-06,2026-02-20,18.455
2026-02,Banco GNB Sudameris,4,Mayor a 12 SMLMV y menor o igual a 25 SMLMV,17.12,1,1,2026-02-20,2026-02-20,17.12
2026-02,Banco GNB Sudameris,5,Mayor a 25 SMLMV y menor o igual a 100 SMLMV,77.22,4,4,2026-02-06,2026-02-27,19.305
2026-02,Banco GNB Sudameris,6,Mayor a 100 SMLMV,46.04,3,3,2026-02-06,2026-02-27,15.346666666666666
2026-02,Banco Mundo Mujer,1,Menor o igual a 3 SMLMV,128912.6,5127,2750,2026-02-06,2026-02-27,25.14386580846499
2026-02,Banco Mundo Mujer,2,Mayor a 3 SMLMV y menor o igual a 6 SMLMV,31311.13,1246,797,2026-02-06,2026-02-27,25.129317817014446
2026-02,Banco Mundo Mujer,3,Mayor a 6 SMLMV y menor o igual a 12 SMLMV,11860.1,473,383,2026-02-06,2026-02-27,25.074207188160678
2026-02,Banco Mundo Mujer,4,Mayor a 12 SMLMV y menor o igual a 25 SMLMV,449.97,18,18,2026-02-06,2026-02-27,24.998333333333335
2026-02,Banco Popular,1,Menor o igual a 3 SMLMV,24.97,1,1,2026-02-13,2026-02-13,24.97
2026-02,Banco Popular,3,Mayor a 6 SMLMV y menor o igual a 12 SMLMV,49.3,2,2,2026-02-06,2026-02-13,24.65
2026-02,Banco Popular,5,Mayor a 25 SMLMV y menor o igual a 100 SMLMV,25.1,1,1,2026-02-20,2026-02-20,25.1
2026-02,Banco Santander,5,Mayor a 25 SMLMV y menor o igual a 100 SMLMV,5.0,1,1,2026-02-27,2026-02-27,5.0
2026-02,Banco Serfinanza,1,Menor o igual a 3 SMLMV,2032.5,101,86,2026-02-06,2026-02-27,20.123762376237625
2026-02,Banco Serfinanza,2,Mayor a 3 SMLMV y menor o igual a 6 SMLMV,1900.43,96,81,2026-02-06,2026-02-27,19.796145833333334
2026-02,Banco Serfinanza,3,Mayor a 6 SMLMV y menor o igual a 12 SMLMV,1287.88,68,54,2026-02-06,2026-02-27,18.939411764705884
2026-02,Banco Serfinanza,4,Mayor a 12 SMLMV y menor o igual a 25 SMLMV,1101.66,61,52,2026-02-06,2026-02-27,18.060000000000002
2026-02,Banco Serfinanza,5,Mayor a 25 SMLMV y menor o igual a 100 SMLMV,317.15000000000003,22,21,2026-02-06,2026-02-27,14.415909090909093
2026-02,Banco Serfinanza,6,Mayor a 100 SMLMV,76.06,5,5,2026-02-06,2026-02-27,15.212
2026-02,Banco Unión,1,Menor o igual a 3 SMLMV,151.14000000000001,6,6,2026-02-13,2026-02-27,25.19
2026-02,Banco Unión,2,Mayor a 3 SMLMV y menor o igual a 6 SMLMV,327.47,13,13,2026-02-06,2026-02-27,25.19
2026-02,Banco Unión,3,Mayor a 6 SMLMV y menor o igual a 12 SMLMV,377.85,15,14,2026-02-06,2026-02-27,25.19
2026-02,Banco Unión,4,Mayor a 12 SMLMV y menor o igual a 25 SMLMV,50.38,2,2,2026-02-13,2026-02-13,25.19
2026-02,Banco Unión,5,Mayor a 25 SMLMV y menor o igual a 100 SMLMV,75.57000000000001,3,3,2026-02-06,2026-02-20,25.19
2026-02,Banco de Bogotá,1,Menor o igual a 3 SMLMV,467206.33,18880,7972,2026-02-06,2026-02-27,24.746097987288138
2026-02,Banco de Bogotá,2,Mayor a 3 SMLMV y menor o igual a 6 SMLMV,259368.87,10562,4517,2026-02-06,2026-02-27,24.556795114561634
2026-02,Banco de Bogotá,3,Mayor a 6 SMLMV y menor o igual a 12 SMLMV,198395.26,8168,3081,2026-02-06,2026-02-27,24.28933153770813
2026-02,Banco de Bogotá,4,Mayor a 12 SMLMV y menor o igual a 25 SMLMV,73534.01,3222,1621,2026-02-06,2026-02-27,22.822473618870266
2026-02,Banco de Bogotá,5,Mayor a 25 SMLMV y menor o igual a 100 SMLMV,55492.61,2857,1460,2026-02-06,2026-02-27,19.42338466923346
2026-02,Banco de Bogotá,6,Mayor a 100 SMLMV,2976.1,199,157,2026-02-06,2026-02-27,14.955276381909547
2026-02,Banco de Occidente,1,Menor o igual a 3 SMLMV,1660.26,71,66,2026-02-06,2026-02-27,23.38394366197183
2026-02,Banco de Occidente,2,Mayor a 3 SMLMV y menor o igual a 6 SMLMV,3090.84,135,105,2026-02-06,2026-02-27,22.895111111111113
2026-02,Banco de Occidente,3,Mayor a 6 SMLMV y menor o igual a 12 SMLMV,7789.72,339,204,2026-02-06,2026-02-27,22.978525073746315
2026-02,Banco de Occidente,4,Mayor a 12 SMLMV y menor o igual a 25 SMLMV,12445.49,561,261,2026-02-06,2026-02-27,22.184474153297682
2026-02,Banco de Occidente,5,Mayor a 25 SMLMV y menor o igual a 100 SMLMV,23946.75,1156,441,2026-02-06,2026-02-27,20.715181660899653
2026-02,Banco de Occidente,6,Mayor a 100 SMLMV,2602.62,136,82,2026-02-06,2026-02-27,19.136911764705882
2026-02,Bancolombia,1,Menor o igual a 3 SMLMV,207969.21,8777,3715,2026-02-06,2026-02-27,23.694794348866353
2026-02,Bancolombia,2,Mayor a 3 SMLMV y menor o igual a 6 SMLMV,263514.65,11634,5093,2026-02-06,2026-02-27,22.650391095066187
2026-02,Bancolombia,3,Mayor a 6 SMLMV y menor o igual a 12 SMLMV,177390.47,8161,2852,2026-02-06,2026-02-27,21.736364416125475
2026-02,Bancolombia,4,Mayor a 12 SMLMV y menor o igual a 25 SMLMV,146158.8,6878,2515,2026-02-06,2026-02-27,21.25018900843268
2026-02,Bancolombia,5,Mayor a 25 SMLMV y menor o igual a 100 SMLMV,102834.31,5127,2425,2026-02-06,2026-02-27,20.057403939925884
2026-02,Bancolombia,6,Mayor a 100 SMLMV,5982.46,341,252,2026-02-06,2026-02-27,17.543870967741935
2026-02,Bancoomeva,1,Menor o igual a 3 SMLMV,898.04,43,40,2026-02-06,2026-02-27,20.884651162790696
2026-02,Bancoomeva,2,Mayor a 3 SMLMV y menor o igual a 6 SMLMV,1614.53,78,76,2026-02-06,2026-02-27,20.699102564102564
2026-02,Bancoomeva,3,Mayor a 6 SMLMV y menor o igual a 12 SMLMV,3581.52,178,164,2026-02-06,2026-02-27,20.120898876404496
2026-02,Bancoomeva,4,Mayor a 12 SMLMV y menor o igual a 25 SMLMV,4005.21,205,185,2026-02-06,2026-02-27,19.53760975609756
2026-02,Bancoomeva,5,Mayor a 25 SMLMV y menor o igual a 100 SMLMV,6900.34,364,300,2026-02-06,2026-02-27,18.95697802197802
2026-02,Bancoomeva,6,Mayor a 100 SMLMV,763.51,45,43,2026-02-06,2026-02-27,16.96688888888889
2026-02,Coopcentral,2,Mayor a 3 SMLMV y menor o igual a 6 SMLMV,81.0,4,4,2026-02-06,2026-02-20,20.25
2026-02,Coopcentral,3,Mayor a 6 SMLMV y menor o igual a 12 SMLMV,43.0,2,2,2026-02-13,2026-02-20,21.5
2026-02,Coopcentral,4,Mayor a 12 SMLMV y menor o igual a 25 SMLMV,71.0,4,4,2026-02-13,2026-02-27,17.75
2026-02,Coopcentral,5,Mayor a 25 SMLMV y menor o igual a 100 SMLMV,26.0,2,2,2026-02-20,2026-02-27,13.0
2026-02,Coopcentral,6,Mayor a 100 SMLMV,14.0,1,1,2026-02-13,2026-02-13,14.0
2026-02,Finandina,1,Menor o igual a 3 SMLMV,492.32,20,18,2026-02-06,2026-02-27,24.616
2026-02,Finandina,2,Mayor a 3 SMLMV y menor o igual a 6 SMLMV,1329.85,54,40,2026-02-06,2026-02-27,24.62685185185185
2026-02,Finandina,3,Mayor a 6 SMLMV y menor o igual a 12 SMLMV,2595.6,108,66,2026-02-06,2026-02-27,24.03333333333333
2026-02,Finandina,4,Mayor a 12 SMLMV y menor o igual a 25 SMLMV,3922.55,165,96,2026-02-06,2026-02-27,23.773030303030303
2026-02,Finandina,5,Mayor a 25 SMLMV y menor o igual a 100 SMLMV,1115.91,48,40,2026-02-06,2026-02-27,23.248125
2026-02,Itaú,1,Menor o igual a 3 SMLMV,703.49,36,29,2026-02-06,2026-02-27,19.54138888888889
2026-02,Itaú,2,Mayor a 3 SMLMV y menor o igual a 6 SMLMV,2893.91,147,85,2026-02-06,2026-02-27,19.68646258503401
2026-02,Itaú,3,Mayor a 6 SMLMV y menor o igual a 12 SMLMV,5646.66,295,163,2026-02-06,2026-02-27,19.14122033898305
2026-02,Itaú,4,Mayor a 12 SMLMV y menor o igual a 25 SMLMV,8058.29,436,207,2026-02-06,2026-02-27,18.482316513761468
2026-02,Itaú,5,Mayor a 25 SMLMV y menor o igual a 100 SMLMV,14764.98,841,446,2026-02-06,2026-02-27,17.556456599286562
2026-02,Itaú,6,Mayor a 100 SMLMV,3075.76,182,139,2026-02-06,2026-02-27,16.899780219780222
2026-02,Lulo Bank,1,Menor o igual a 3 SMLMV,80676.46,3714,2166,2026-02-06,2026-02-27,21.722256327409802
2026-02,Lulo Bank,2,Mayor a 3 SMLMV y menor o igual a 6 SMLMV,33452.64,1587,855,2026-02-06,2026-02-27,21.079168241965974
2026-02,Lulo Bank,3,Mayor a 6 SMLMV y menor o igual a 12 SMLMV,27260.43,1320,679,2026-02-06,2026-02-27,20.65184090909091
2026-02,Lulo Bank,4,Mayor a 12 SMLMV y menor o igual a 25 SMLMV,10097.77,502,265,2026-02-06,2026-02-27,20.115079681274903
2026-02,Lulo Bank,5,Mayor a 25 SMLMV y menor o igual a 100 SMLMV,2045.28,104,71,2026-02-06,2026-02-27,19.666153846153847
